0
1
2
3
4
5
6
7
8
9
10
11
12
13
14
15
16
17
18
19
20
21
22
23
24
25
26
27
28
29
30
31
32
33
34
35
36
37
38
39
40
41
42
43
44
45
46
47
48
49
50
51
52
53
54
55
56
57
58
59
60
61
62
63
64
65
66
67
68
69
70
71
72
73
74
75
76
77
78
79
80
81
82
83
84
85
86
87
88
89
90
91
92
93
94
95
96
97
98
99
100
101
102
103
104
105
106
107
108
109
110
111
112
113
114
115
116
117
118
119
120
121
122
123
124
125
126
127
128
129
130
131
132
133
134
135
136
137
138
139
140
141
142
143
144
145
146
147
148
149
150
151
152
153
154
155
156
157
158
159
160
161
162
163
164
165
166
167
168
169
170
171
172
173
174
175
176
177
178
179
180
181
182
183
184
185
186
187
188
189
190
191
192
193
194
195
196
197
198
199
200
201
202
203
204
205
206
207
208
209
210
211
212
213
214
215
216
217
218
219
220
221
222
223
224
225
226
227
228
229
230
231
232
233
234
235
236
237
238
239
240
241
242
243
244
245
246
247
248
249
250
251
252
253
254
255
256
257
258
259
260
261
262
263
264
265
266
267
268
269
272
273
274
275
276
277
278
279
280
281
282
283
284
285
286
287
288
289
290
291
292
293
294
295
296
298
299
300
301
302
303
304
305
306
307
308
309
310
311
312
313
314
315
316
318
319
320
321
322
323
324
325
326
327
328
329
330
331
332
333
334
335
336
337
338
339
340
341
342
343
344
345
346
347
348
349
350
351
352
353
354
355
356
357
358
359
360
361
362
363
364
365
366
367
368
369
370
371
372
374
375
376
377
378
379
380
381
382
383
384
385
386
387
388
389
390
391
392
393
394
395
396
397
398
400
401
402
403
404
405
406
407
408
409
410
411
413
414
415
416
417
419
420
421
422
423
424
425
426
427
428
429
430
431
432
433
434
435
436
437
438
440
441
442
443
444
445
446
447
448
449
450
451
452
453
455
456
457
458
459
460
461
462
463
464
466
467
468
469
470
471
472
473
474
475
476
477
478
479
480
481
482
483
484
485
486
487
488
489
490
491
492
493
494
495
496
498
499
500
501
502
503
504
505
506
507
508
509
510
511
512
513
514
516
517
518
519
520
521
522
523
524
525
526
528
529
530
531
532
533
534
535
536
537
538
539
540
541
542
543
544
547
548
549
550
551
552
553
554
557
558
559
560
561
562
563
564
565
566
567
568
569
570
571
572
573
574
575
576
577
578
579
580
581
582
585
586
587
588
589
591
592
593
594
595
596
597
598
599
600
602
603
604
605
606
607
608
609
610
611
612
613
614
615
616
617
619
620
621
622
623
624
625
627
628
629
630
631
632
633
634
635
636
637
638
639
640
641
642
643
644
645
646
647
648
649
650
651
652
653
654
655
656
657
658
659
660
661
662
663
664
665
666
667
668
669
670
671
672
673
674
675
678
680
681
682
683
684
685
686
687
688
689
691
692
693
694
695
696
697
698
699
701
702
703
704
706
707
708
709
710
712
713
714
715
716
717
718
719
721
722
723
724
726
727
728
729
730
731
732
733
734
735
736
737
738
739
741
742
743
744
745
746
747
748
749
750
751
752
753
754
755
757
758
759
760
761
762
763
765
766
767
768
769
770
771
772
773
776
777
778
779
780
781
782
783
784
785
786
787
788
789
790
791
792
793
795
796
797
798
799
800
801
802
803
804
805
806
807
808
809
810
811
812
813
814
815
816
818
819
821
822
823
824
825
826
828
829
830
831
832
833
834
835
836
837
839
840
841
842
843
844
846
847
848
849
850
851
852
853
854
855
856
858
859
860
861
863
864
866
867
868
869
870
871
873
874
875
877
878
879
880
881
882
883
884
885
886
887
888
889
890
891
892
893
894
895
896
897
898
899
900
901
902
903
904
905
906
907
908
909
910
911
912
913
914
916
917
918
919
920
922
923
924
925
926
927
928
930
931
932
933
934
935
936
937
938
939
940
941
942
943
944
945
946
947
948
949
950
951
952
955
956
957
958
959
960
961
962
963
965
966
967
968
969
971
972
973
974
975
976
977
978
979
980
981
982
984
985
986
988
989
991
992
993
994
995
996
997
998
999
1000
1001
1002
1003
1004
1005
1006
1008
1009
1010
1011
1012
1013
1014
1015
1016
1017
1018
1019
1020
1021
1022
1023
1024
1025
1026
1027
1028
1029
1030
1031
1034
1035
1037
1038
1039
1040
1041
1042
1043
1044
1045
1046
1047
1048
1049
1050
1051
1052
1053
1054
1056
1057
1058
1059
1060
1061
1062
1063
1064
1065
1066
1067
1068
1070
1071
1073
1074
1075
1076
1077
1078
1079
1080
1081
1082
1083
1085
1086
1087
1088
1089
1091
1092
1093
1094
1095
1097
1098
1099
1100
1101
1102
1103
1104
1105
1106
1109
1110
1112
1113
1114
1115
1116
1117
1118
1119
1120
1121
1122
1123
1124
1126
1128
1129
1130
1132
1133
1134
1136
1137
1138
1139
1140
1141
1142
1143
1144
1145
1146
1147
1148
1149
1150
1151
1152
1154
1156
1157
1158
1159
1160
1162
1163
1164
1165
1166
1167
1170
1171
1172
1173
1174
1175
1176
1178
1179
1180
1181
1182
1183
1184
1186
1187
1188
1189
1190
1191
1192
1193
1194
1196
1197
1198
1199
1200
1201
1202
1203
1204
1205
1206
1208
1209
1210
1211
1212
1213
1214
1215
1216
1217
1218
1219
1220
1221
1223
1224
1226
1227
1228
1229
1231
1234
1235
1236
1237
1238
1239
1240
1242
1243
1244
1245
1246
1248
1249
1250
1251
1252
1253
1254
1255
1256
1257
1258
1259
1260
1261
1262
1265
1266
1267
1268
1269
1271
1272
1273
1274
1275
1277
1280
1281
1282
1283
1284
1285
1286
1287
1288
1289
1290
1291
1293
1294
1295
1297
1298
1299
1300
1301
1302
1303
1304
1305
1306
1307
1308
1310
1311
1313
1314
1315
1316
1317
1318
1319
1320
1321
1322
1323
1324
1325
1326
1327
1328
1330
1331
1332
1333
1334
1335
1338
1339
1340
1341
1342
1343
1344
1345
1346
1347
1348
1349
1350
1352
1353
1354
1355
1356
1361
1362
1363
1364
1365
1366
1367
1368
1369
1370
1371
1372
1373
1374
1375
1378
1379
1380
1381
1382
1384
1385
1386
1387
1388
1391
1393
1394
1395
1396
1397
1399
1401
1402
1404
1405
1406
1407
1408
1409
1410
1411
1412
1413
1414
1415
1416
1417
1418
1419
1420
1421
1422
1423
1425
1426
1427
1428
1429
1430
1432
1433
1434
1435
1436
1438
1439
1440
1441
1442
1443
1445
1446
1447
1448
1449
1451
1452
1453
1454
1455
1456
1457
1458
1459
1460
1461
1465
1466
1467
1469
1470
1471
1472
1473
1474
1475
1476
1477
1478
1479
1481
1482
1483
1484
1485
1487
1488
1489
1492
1493
1495
1496
1497
1498
1500
1501
1502
1503
1505
1506
1507
1508
1509
1510
1511
1512
1514
1515
1518
1519
1520
1521
1523
1524
1525
1526
1527
1528
1529
1531
1532
1533
1534
1535
1536
1537
1538
1539
1540
1541
1542
1543
1544
1545
1546
1547
1548
1549
1550
1551
1552
1554
1555
1556
1557
1558
1559
1560
1561
1562
1563
1564
1565
1566
1567
1568
1569
1570
1571
1572
1573
1574
1575
1576
1577
1579
1580
1581
1582
1583
1584
1585
1586
1587
1588
1589
1590
1591
1593
1594
1595
1596
1597
1598
1599
1600
1601
1602
1603
1605
1607
1608
1609
1611
1612
1615
1616
1617
1618
1619
1620
1622
1623
1624
1625
1626
1627
1628
1630
1631
1633
1634
1635
1636
1637
1638
1639
1640
1641
1642
1643
1644
1645
1646
1647
1648
1649
1652
1653
1654
1655
1657
1658
1659
1660
1661
1662
1663
1664
1665
1666
1667
1668
1669
1670
1671
1672
1673
1674
1675
1676
1678
1679
1680
1681
1682
1683
1684
1685
1686
1687
1688
1690
1691
1692
1693
1695
1696
1697
1698
1699
1700
1701
1702
1703
1704
1705
1707
1708
1709
1711
1712
1713
1714
1715
1716
1717
1718
1719
1720
1721
1722
1723
1724
1725
1726
1727
1728
1730
1731
1732
1733
1734
1736
1737
1738
1740
1742
1743
1744
1745
1746
1748
1749
1752
1753
1754
1755
1756
1757
1759
1760
1761
1762
1763
1764
1765
1766
1767
1768
1769
1772
1773
1774
1777
1778
1779
1780
1781
1782
1783
1784
1785
1786
1787
1788
1789
1791
1793
1795
1796
1797
1798
1799
1801
1802
1803
1804
1805
1806
1807
1808
1809
1810
1812
1814
1815
1816
1817
1818
1819
1820
1821
1822
1825
1826
1827
1828
1829
1830
1831
1833
1834
1835
1836
1839
1840
1841
1842
1843
1844
1845
1846
1847
1848
1849
1850
1851
1852
1853
1854
1855
1856
1857
1858
1859
1860
1864
1865
1866
1867
1868
1870
1871
1873
1875
1876
1877
1878
1879
1880
1881
1882
1883
1884
1885
1886
1887
1888
1889
1890
1891
1892
1893
1896
1897
1898
1899
1900
1901
1902
1904
1905
1906
1907
1908
1909
1910
1911
1912
1913
1915
1916
1917
1918
1919
1921
1923
1924
1925
1926
1927
1928
1929
1930
1931
1932
1933
1934
1935
1936
1937
1938
1940
1941
1942
1943
1944
1945
1946
1947
1948
1949
1950
1951
1953
1954
1956
1957
1958
1959
1960
1962
1964
1965
1966
1967
1968
1969
1970
1971
1973
1975
1977
1979
1980
1981
1982
1983
1984
1985
1986
1987
1988
1989
1990
1992
1993
1994
1996
1998
1999
2000
2001
2002
2003
2004
2005
2006
2007
2008
2009
2010
2011
2012
2014
2015
2017
2018
2019
2020
2021
2022
2023
2024
2025
2027
2028
2029
2030
2032
2033
2034
2036
2037
2038
2039
2042
2043
2044
2046
2047
2048
2050
2052
2053
2054
2055
2056
2058
2059
2060
2061
2064
2065
2068
2069
2070
2072
2073
2074
2075
2076
2077
2078
2080
2081
2082
2083
2084
2085
2086
2087
2088
2089
2090
2091
2093
2094
2095
2096
2098
2099
2100
2101
2103
2105
2106
2107
2108
2109
2110
2112
2113
2114
2117
2119
2120
2121
2123
2124
2126
2127
2128
2129
2131
2132
2133
2134
2135
2136
2138
2139
2140
2141
2143
2144
2145
2146
2147
2149
2150
2151
2152
2153
2155
2156
2158
2159
2160
2163
2164
2166
2167
2168
2170
2171
2172
2173
2174
2176
2177
2178
2179
2180
2181
2182
2184
2185
2186
2187
2189
2190
2191
2192
2193
2194
2195
2196
2197
2198
2199
2200
2201
2202
2203
2204
2205
2206
2208
2209
2210
2211
2212
2213
2215
2216
2217
2218
2220
2221
2222
2224
2225
2226
2228
2229
2231
2232
2233
2234
2235
2236
2237
2238
2239
2241
2243
2244
2246
2247
2248
2250
2251
2252
2255
2256
2257
2258
2259
2260
2261
2262
2263
2264
2266
2267
2270
2271
2272
2274
2276
2277
2278
2279
2280
2282
2283
2284
2285
2286
2287
2288
2290
2291
2293
2294
2295
2296
2297
2298
2299
2301
2302
2303
2304
2305
2306
2307
2308
2309
2311
2312
2313
2314
2315
2316
2318
2319
2320
2321
2322
2323
2324
2325
2327
2329
2330
2331
2332
2333
2334
2336
2337
2338
2339
2341
2342
2343
2344
2345
2346
2347
2348
2349
2350
2353
2354
2355
2356
2357
2358
2359
2361
2364
2366
2367
2369
2372
2373
2374
2376
2377
2378
2379
2380
2381
2382
2383
2384
2385
2387
2388
2389
2390
2391
2392
2393
2394
2395
2396
2397
2398
2399
2400
2402
2403
2404
2405
2406
2407
2408
2411
2413
2414
2417
2418
2420
2421
2422
2423
2424
2425
2426
2427
2428
2429
2430
2432
2433
2434
2435
2437
2438
2439
2440
2441
2442
2443
2444
2445
2446
2447
2448
2450
2452
2454
2455
2456
2457
2458
2459
2460
2461
2462
2465
2466
2467
2468
2469
2470
2471
2472
2473
2475
2476
2477
2478
2479
2480
2481
2482
2483
2486
2487
2488
2489
2490
2491
2492
2493
2495
2496
2497
2498
2499
2500
2502
2503
2504
2505
2506
2507
2508
2511
2512
2513
2515
2516
2517
2518
2519
2520
2521
2522
2523
2525
2526
2527
2528
2530
2531
2532
2533
2534
2535
2536
2537
2538
2540
2541
2542
2543
2544
2545
2548
2550
2551
2552
2553
2554
2556
2557
2559
2560
2561
2562
2563
2564
2565
2567
2568
2569
2570
2571
2572
2573
2574
2575
2577
2578
2579
2581
2582
2583
2585
2586
2587
2588
2589
2590
2591
2592
2593
2594
2595
2597
2598
2599
2600
2602
2603
2604
2605
2606
2607
2609
2610
2612
2614
2615
2617
2619
2621
2622
2623
2624
2625
2627
2628
2629
2630
2631
2632
2633
2634
2636
2637
2639
2640
2642
2643
2644
2645
2646
2647
2648
2649
2651
2652
2653
2654
2656
2658
2659
2660
2661
2662
2663
2664
2665
2666
2668
2669
2670
2673
2674
2675
2676
2677
2679
2680
2681
2682
2683
2686
2688
2689
2691
2692
2693
2694
2695
2696
2697
2699
2700
2701
2702
2704
2705
2706
2708
2709
2712
2713
2714
2715
2716
2717
2718
2719
2720
2721
2722
2723
2724
2725
2726
2730
2731
2732
2733
2734
2735
2736
2737
2738
2739
2740
2741
2742
2743
2744
2745
2746
2747
2748
2750
2751
2752
2753
2754
2755
2756
2757
2758
2759
2760
2762
2763
2764
2765
2766
2767
2768
2770
2771
2772
2773
2774
2775
2776
2777
2781
2782
2783
2784
2785
2787
2788
2789
2790
2791
2792
2793
2794
2795
2796
2797
2798
2799
2800
2803
2805
2806
2807
2808
2809
2810
2811
2812
2813
2814
2815
2816
2817
2818
2820
2821
2822
2823
2824
2827
2828
2829
2830
2831
2832
2833
2834
2835
2836
2839
2840
2842
2843
2844
2845
2846
2847
2848
2849
2850
2852
2855
2857
2858
2859
2860
2863
2864
2865
2867
2868
2871
2873
2874
2875
2876
2877
2878
2879
2880
2884
2885
2887
2891
2892
2893
2894
2895
2896
2897
2898
2899
2900
2902
2903
2904
2905
2906
2907
2908
2909
2910
2911
2912
2913
2914
2915
2916
2918
2919
2920
2921
2922
2923
2924
2925
2926
2928
2929
2930
2931
2932
2933
2935
2937
2938
2939
2940
2942
2943
2944
2945
2946
2947
2948
2949
2950
2951
2952
2953
2954
2956
2957
2958
2959
2961
2962
2963
2964
2965
2966
2967
2968
2969
2970
2972
2973
2974
2975
2977
2978
2979
2980
2981
2982
2983
2984
2985
2987
2988
2989
2990
2991
2992
2993
2994
2995
2996
2997
2998
3000
3002
3005
3006
3007
3008
3009
3010
3014
3015
3016
3017
3018
3019
3020
3022
3023
3024
3025
3026
3028
3032
3034
3035
3036
3037
3038
3039
3040
3041
3043
3044
3045
3046
3047
3048
3049
3050
3051
3052
3053
3054
3055
3057
3058
3059
3060
3061
3062
3063
3064
3065
3066
3067
3069
3070
3071
3072
3074
3075
3076
3078
3079
3080
3081
3082
3083
3084
3085
3086
3087
3088
3089
3090
3091
3092
3094
3095
3097
3098
3099
3101
3102
3103
3104
3105
3106
3107
3108
3109
3110
3111
3112
3113
3114
3115
3117
3118
3122
3123
3124
3125
3126
3127
3128
3129
3130
3131
3132
3133
3134
3135
3136
3137
3138
3140
3141
3142
3143
3144
3145
3146
3147
3148
3149
3150
3151
3152
3154
3155
3156
3157
3158
3159
3160
3162
3163
3165
3166
3167
3168
3170
3171
3172
3173
3174
3175
3176
3179
3180
3181
3183
3184
3185
3186
3187
3189
3190
3191
3192
3193
3194
3195
3196
3197
3199
3200
3202
3203
3204
3205
3207
3208
3210
3211
3212
3213
3214
3216
3217
3218
3219
3221
3222
3223
3225
3228
3229
3231
3232
3233
3234
3237
3238
3239
3240
3242
3244
3245
3246
3248
3249
3250
3251
3252
3253
3254
3255
3256
3258
3262
3264
3265
3266
3267
3268
3269
3270
3271
3272
3273
3274
3275
3276
3277
3278
3280
3281
3282
3283
3284
3285
3286
3287
3288
3289
3290
3291
3292
3294
3295
3296
3297
3299
3300
3301
3302
3304
3305
3307
3308
3309
3310
3311
3312
3313
3314
3315
3316
3317
3318
3319
3320
3322
3323
3324
3325
3326
3329
3330
3331
3332
3334
3335
3336
3339
3340
3342
3346
3347
3348
3349
3350
3351
3352
3353
3354
3355
3356
3357
3358
3359
3360
3361
3362
3363
3364
3365
3366
3367
3369
3370
3371
3372
3373
3374
3375
3376
3377
3379
3380
3381
3382
3383
3384
3385
3386
3387
3388
3390
3393
3394
3395
3396
3397
3399
3400
3401
3402
3403
3404
3405
3406
3407
3408
3409
3410
3412
3413
3414
3417
3418
3420
3421
3422
3423
3424
3425
3426
3427
3428
3429
3430
3431
3432
3433
3434
3435
3436
3437
3438
3439
3440
3442
3443
3444
3445
3446
3447
3448
3449
3450
3451
3455
3457
3458
3459
3460
3461
3462
3463
3464
3466
3467
3468
3470
3471
3472
3473
3474
3475
3476
3477
3478
3480
3481
3482
3485
3486
3488
3489
3490
3491
3492
3493
3494
3495
3496
3497
3498
3499
3500
3501
3502
3503
3505
3506
3507
3508
3510
3511
3512
3513
3514
3515
3517
3518
3519
3520
3521
3522
3523
3524
3525
3526
3527
3528
3529
3530
3531
3533
3534
3535
3536
3537
3538
3539
3541
3542
3543
3544
3545
3546
3547
3548
3549
3550
3552
3553
3554
3555
3556
3558
3559
3561
3562
3563
3564
3565
3566
3568
3569
3571
3572
3573
3574
3575
3576
3577
3578
3579
3580
3581
3583
3584
3586
3588
3589
3590
3591
3593
3595
3596
3597
3598
3599
3600
3601
3602
3603
3604
3605
3606
3608
3609
3611
3613
3614
3615
3617
3618
3619
3620
3621
3622
3623
3624
3625
3627
3628
3631
3632
3633
3634
3635
3636
3637
3638
3639
3641
3644
3645
3648
3650
3651
3653
3654
3655
3656
3658
3659
3660
3661
3662
3664
3665
3666
3667
3668
3669
3670
3671
3672
3675
3678
3679
3680
3681
3682
3683
3684
3687
3688
3689
3690
3692
3693
3696
3697
3699
3700
3701
3702
3703
3704
3705
3707
3708
3709
3710
3711
3712
3713
3714
3715
3716
3717
3718
3719
3720
3721
3722
3723
3724
3725
3726
3727
3728
3729
3731
3732
3733
3736
3738
3739
3740
3741
3742
3743
3744
3745
3746
3748
3749
3750
3751
3752
3753
3754
3755
3756
3757
3758
3759
3761
3764
3765
3766
3768
3769
3771
3772
3773
3774
3776
3778
3779
3780
3782
3783
3784
3786
3787
3789
3790
3793
3795
3796
3798
3799
3803
3804
3806
3807
3808
3809
3810
3811
3812
3813
3814
3815
3816
3817
3818
3819
3820
3821
3822
3825
3826
3827
3828
3829
3830
3831
3832
3833
3835
3837
3838
3839
3840
3841
3842
3843
3845
3847
3848
3850
3851
3852
3853
3854
3855
3856
3858
3859
3860
3863
3865
3866
3868
3870
3872
3874
3875
3878
3879
3881
3882
3883
3884
3885
3886
3887
3888
3889
3890
3891
3892
3894
3895
3896
3899
3900
3901
3902
3903
3905
3908
3911
3913
3914
3915
3919
3920
3921
3922
3923
3924
3925
3926
3927
3928
3929
3930
3931
3934
3935
3936
3938
3939
3940
3942
3943
3944
3945
3946
3949
3950
3951
3952
3953
3955
3956
3957
3958
3959
3960
3962
3964
3965
3966
3967
3968
3969
3972
3974
3975
3976
3977
3978
3979
3980
3981
3982
3983
3984
3985
3988
3989
3990
3991
3992
3993
3994
3995
3996
3997
3998
3999
4000
4001
4002
4003
4004
4005
4006
4008
4009
4010
4011
4012
4013
4015
4016
4017
4018
4019
4021
4022
4025
4026
4027
4028
4029
4030
4031
4033
4034
4035
4036
4037
4038
4040
4041
4044
4045
4046
4047
4048
4049
4050
4051
4052
4053
4054
4055
4056
4057
4058
4059
4060
4061
4062
4063
4064
4065
4066
4067
4068
4069
4070
4071
4072
4074
4075
4076
4077
4078
4081
4082
4083
4084
4087
4088
4089
4090
4091
4092
4093
4094
4095
4097
4098
4099
4100
4101
4102
4104
4105
4106
4107
4108
4109
4111
4112
4115
4116
4117
4118
4119
4120
4122
4123
4124
4125
4126
4127
4128
4129
4130
4131
4132
4133
4134
4136
4138
4139
4141
4144
4145
4147
4148
4149
4150
4151
4152
4154
4156
4158
4160
4161
4162
4164
4165
4166
4167
4168
4169
4172
4173
4175
4176
4177
4178
4179
4180
4181
4182
4184
4185
4186
4188
4189
4190
4191
4193
4195
4196
4197
4199
4202
4203
4204
4205
4206
4208
4210
4211
4212
4213
4214
4216
4217
4219
4220
4221
4222
4225
4226
4228
4229
4230
4232
4233
4234
4235
4237
4238
4239
4240
4241
4243
4244
4245
4246
4247
4249
4251
4252
4254
4255
4256
4257
4258
4259
4260
4261
4262
4263
4265
4267
4268
4269
4271
4272
4273
4274
4275
4276
4277
4278
4279
4281
4282
4283
4284
4287
4288
4289
4290
4291
4292
4294
4296
4297
4299
4300
4301
4303
4304
4305
4306
4307
4308
4309
4310
4312
4313
4314
4315
4317
4319
4321
4322
4324
4325
4327
4328
4329
4330
4331
4332
4333
4334
4336
4339
4341
4342
4343
4344
4346
4347
4348
4350
4351
4352
4354
4356
4362
4364
4366
4368
4369
4370
4371
4372
4373
4374
4375
4377
4378
4379
4380
4381
4382
4384
4385
4387
4390
4391
4392
4393
4394
4395
4396
4397
4400
4401
4402
4404
4405
4406
4409
4410
4411
4413
4415
4416
4417
4418
4419
4422
4423
4424
4425
4427
4428
4429
4430
4431
4433
4434
4435
4436
4437
4439
4440
4441
4442
4443
4444
4445
4446
4447
4448
4449
4450
4451
4452
4454
4455
4456
4457
4458
4459
4460
4461
4464
4465
4466
4468
4469
4470
4471
4472
4473
4474
4475
4477
4478
4479
4480
4481
4482
4483
4486
4487
4488
4489
4490
4492
4493
4494
4495
4496
4497
4498
4499
4500
4501
4502
4503
4505
4507
4508
4510
4511
4513
4515
4516
4518
4519
4520
4521
4522
4523
4524
4528
4530
4531
4532
4533
4534
4535
4536
4537
4540
4541
4542
4543
4544
4545
4546
4547
4549
4551
4552
4553
4554
4555
4556
4557
4559
4560
4561
4562
4563
4564
4565
4566
4567
4570
4571
4573
4574
4577
4578
4581
4582
4583
4584
4586
4587
4589
4590
4591
4592
4593
4594
4595
4596
4598
4599
4600
4601
4602
4603
4607
4608
4609
4610
4611
4612
4613
4615
4616
4617
4618
4619
4620
4621
4622
4623
4625
4627
4631
4632
4633
4635
4636
4638
4639
4643
4644
4645
4649
4650
4651
4653
4657
4658
4659
4660
4661
4662
4663
4664
4665
4666
4667
4670
4671
4672
4673
4674
4675
4676
4677
4678
4679
4680
4681
4682
4684
4686
4687
4688
4689
4691
4692
4693
4694
4695
4696
4697
4698
4699
4700
4701
4702
4703
4704
4706
4707
4708
4710
4711
4712
4713
4714
4715
4716
4717
4718
4719
4720
4721
4722
4726
4727
4729
4730
4732
4734
4735
4736
4737
4740
4741
4742
4743
4744
4746
4747
4749
4750
4751
4752
4754
4757
4758
4759
4763
4764
4765
4766
4767
4768
4769
4770
4771
4773
4774
4775
4776
4777
4778
4779
4781
4782
4783
4784
4786
4787
4789
4791
4792
4794
4798
4799
4800
4801
4802
4803
4804
4806
4807
4808
4809
4810
4811
4814
4815
4816
4817
4818
4820
4821
4822
4823
4826
4827
4828
4829
4830
4831
4833
4834
4836
4837
4838
4839
4840
4841
4842
4843
4844
4845
4846
4847
4848
4849
4850
4851
4852
4853
4857
4858
4859
4860
4861
4862
4863
4864
4866
4868
4871
4873
4874
4876
4877
4879
4880
4881
4883
4884
4885
4886
4887
4888
4890
4891
4892
4895
4896
4897
4899
4900
4903
4904
4906
4907
4909
4910
4911
4914
4916
4917
4918
4920
4921
4923
4924
4925
4926
4927
4928
4929
4931
4933
4934
4935
4936
4937
4938
4939
4941
4942
4944
4945
4946
4947
4948
4950
4951
4952
4953
4954
4955
4956
4958
4960
4961
4962
4963
4965
4967
4968
4970
4972
4973
4974
4976
4978
4979
4980
4981
4982
4984
4986
4987
4988
4989
4990
4992
4993
4995
4997
4998
5000
5001
5003
5004
5005
5007
5008
5009
5010
5011
5012
5013
5014
5015
5016
5018
5019
5020
5022
5024
5025
5027
5028
5029
5031
5032
5036
5037
5038
5039
5040
5041
5042
5043
5044
5045
5046
5047
5048
5049
5050
5052
5055
5056
5057
5059
5060
5062
5064
5065
5066
5067
5068
5069
5072
5073
5074
5075
5077
5078
5081
5082
5084
5085
5087
5088
5089
5090
5091
5094
5095
5096
5097
5098
5099
5101
5102
5104
5105
5106
5108
5109
5110
5111
5112
5114
5115
5117
5119
5120
5121
5122
5125
5127
5128
5129
5130
5131
5132
5134
5136
5137
5138
5139
5140
5141
5142
5143
5144
5147
5148
5149
5150
5151
5152
5154
5157
5158
5161
5164
5165
5166
5167
5170
5171
5173
5174
5175
5176
5177
5182
5183
5186
5187
5188
5190
5191
5192
5193
5194
5196
5197
5198
5199
5200
5201
5202
5203
5206
5210
5211
5213
5214
5215
5216
5217
5218
5219
5220
5221
5222
5223
5224
5225
5226
5227
5229
5230
5231
5232
5236
5237
5238
5242
5243
5244
5245
5246
5247
5248
5251
5252
5253
5254
5255
5256
5258
5259
5261
5263
5264
5265
5267
5268
5270
5272
5273
5274
5275
5279
5280
5281
5282
5283
5284
5285
5287
5288
5289
5290
5292
5298
5299
5302
5303
5304
5305
5306
5307
5308
5309
5310
5311
5312
5313
5314
5315
5316
5317
5318
5320
5321
5323
5324
5326
5327
5328
5330
5331
5332
5333
5334
5335
5336
5337
5339
5340
5342
5343
5344
5345
5346
5347
5348
5349
5350
5351
5352
5353
5354
5356
5357
5358
5359
5361
5362
5364
5365
5368
5369
5370
5372
5373
5374
5375
5376
5378
5379
5380
5381
5382
5383
5384
5385
5386
5390
5391
5392
5394
5395
5396
5397
5399
5401
5402
5403
5404
5405
5406
5407
5408
5409
5411
5413
5414
5416
5417
5418
5420
5423
5425
5426
5427
5428
5432
5433
5434
5435
5436
5437
5438
5439
5442
5443
5444
5445
5446
5447
5448
5449
5450
5452
5453
5454
5455
5456
5458
5459
5460
5461
5466
5467
5468
5469
5471
5472
5473
5474
5475
5476
5477
5478
5479
5480
5483
5484
5486
5487
5488
5489
5490
5491
5492
5493
5494
5495
5496
5497
5498
5499
5500
5503
5505
5506
5507
5508
5509
5510
5511
5512
5514
5515
5517
5518
5519
5523
5524
5526
5527
5529
5530
5531
5532
5533
5534
5536
5537
5540
5543
5544
5545
5546
5548
5549
5550
5553
5555
5556
5557
5558
5559
5560
5561
5562
5563
5564
5565
5567
5568
5570
5571
5572
5574
5576
5577
5578
5579
5582
5583
5584
5585
5586
5587
5588
5589
5590
5591
5593
5594
5595
5596
5597
5598
5599
5600
5601
5602
5603
5604
5605
5606
5607
5608
5609
5610
5611
5612
5614
5615
5616
5617
5618
5619
5620
5621
5622
5623
5625
5626
5627
5628
5629
5631
5634
5636
5637
5638
5639
5640
5642
5643
5644
5645
5646
5647
5649
5650
5651
5652
5653
5654
5655
5657
5658
5661
5662
5664
5666
5667
5669
5670
5671
5672
5673
5674
5675
5677
5678
5681
5682
5684
5686
5687
5689
5690
5691
5692
5693
5694
5695
5696
5697
5698
5701
5702
5704
5706
5707
5708
5710
5712
5714
5715
5717
5718
5721
5722
5723
5726
5727
5728
5730
5731
5732
5733
5734
5736
5737
5738
5741
5742
5743
5745
5748
5750
5751
5752
5753
5755
5756
5757
5758
5759
5761
5762
5763
5764
5767
5769
5771
5772
5774
5776
5777
5779
5780
5781
5784
5786
5787
5788
5789
5790
5791
5792
5793
5794
5795
5796
5799
5801
5802
5803
5804
5805
5807
5812
5813
5814
5815
5816
5818
5819
5820
5821
5822
5823
5827
5829
5830
5832
5834
5836
5838
5839
5840
5842
5844
5847
5849
5851
5853
5854
5855
5856
5858
5860
5861
5862
5864
5865
5866
5868
5872
5874
5875
5877
5878
5879
5880
5882
5886
5887
5888
5889
5890
5891
5893
5894
5895
5896
5898
5899
5901
5902
5903
5904
5907
5908
5909
5910
5911
5912
5915
5916
5917
5918
5920
5921
5922
5924
5925
5927
5928
5931
5933
5934
5935
5937
5938
5940
5941
5943
5944
5945
5946
5947
5948
5951
5952
5953
5954
5955
5956
5961
5963
5964
5968
5969
5971
5972
5975
5976
5977
5978
5979
5981
5982
5983
5984
5987
5988
5989
5990
5991
5992
5993
5994
5995
5998
5999
6000
6001
6004
6007
6008
6009
6011
6012
6014
6015
6016
6017
6018
6020
6021
6022
6025
6026
6027
6030
6032
6033
6037
6038
6039
6040
6042
6043
6044
6045
6047
6052
6053
6054
6056
6058
6059
6060
6061
6063
6064
6065
6066
6067
6068
6069
6070
6072
6073
6076
6077
6078
6080
6081
6082
6083
6084
6085
6086
6087
6088
6090
6093
6094
6095
6097
6101
6102
6103
6105
6106
6107
6108
6110
6112
6113
6114
6117
6118
6121
6122
6125
6126
6129
6130
6131
6132
6134
6136
6137
6138
6139
6140
6141
6142
6144
6146
6148
6149
6150
6151
6153
6154
6155
6156
6157
6158
6159
6160
6162
6163
6165
6167
6170
6171
6174
6175
6176
6177
6178
6179
6180
6182
6183
6184
6185
6186
6187
6189
6191
6193
6195
6196
6197
6198
6199
6200
6203
6205
6206
6210
6212
6213
6217
6218
6220
6221
6223
6224
6225
6226
6228
6231
6232
6234
6235
6237
6238
6239
6241
6243
6244
6245
6246
6248
6249
6250
6253
6254
6257
6258
6259
6262
6263
6265
6266
6267
6268
6269
6273
6277
6278
6279
6280
6281
6282
6283
6284
6286
6290
6293
6294
6295
6297
6298
6299
6301
6302
6304
6305
6306
6307
6308
6309
6310
6311
6314
6316
6319
6320
6321
6322
6323
6326
6327
6329
6331
6332
6333
6334
6336
6337
6338
6339
6341
6342
6343
6344
6345
6347
6348
6349
6352
6354
6355
6356
6357
6358
6359
6361
6362
6363
6364
6365
6368
6369
6373
6374
6375
6376
6378
6379
6380
6381
6382
6383
6384
6385
6386
6387
6391
6392
6393
6395
6396
6397
6400
6401
6403
6405
6406
6407
6408
6409
6410
6411
6412
6414
6415
6416
6418
6419
6420
6421
6424
6425
6426
6428
6429
6430
6433
6434
6435
6436
6437
6438
6439
6440
6441
6445
6447
6449
6450
6452
6454
6455
6457
6458
6463
6465
6466
6469
6470
6472
6473
6474
6475
6478
6479
6480
6481
6483
6486
6487
6488
6489
6491
6496
6497
6498
6500
6501
6503
6505
6507
6508
6510
6511
6512
6513
6516
6518
6520
6521
6522
6525
6526
6527
6528
6529
6530
6531
6532
6533
6537
6538
6539
6541
6544
6545
6546
6547
6548
6549
6550
6551
6552
6554
6556
6557
6558
6560
6562
6563
6564
6566
6567
6568
6569
6570
6571
6572
6575
6576
6577
6579
6580
6582
6583
6584
6587
6588
6590
6591
6592
6593
6594
6596
6597
6599
6600
6601
6602
6603
6605
6607
6608
6609
6611
6612
6614
6615
6616
6618
6625
6627
6628
6629
6630
6631
6632
6635
6636
6637
6638
6639
6641
6643
6644
6645
6646
6647
6648
6649
6651
6653
6655
6656
6657
6658
6659
6666
6667
6668
6669
6672
6673
6676
6679
6680
6681
6684
6687
6688
6694
6695
6696
6697
6698
6699
6700
6701
6702
6703
6705
6706
6707
6708
6710
6711
6712
6713
6714
6716
6718
6719
6720
6721
6724
6725
6726
6727
6728
6729
6731
6734
6735
6737
6738
6739
6740
6741
6742
6743
6744
6745
6746
6747
6749
6750
6751
6752
6755
6756
6758
6759
6761
6762
6763
6765
6766
6767
6768
6769
6772
6773
6775
6776
6778
6779
6780
6781
6784
6787
6788
6789
6790
6791
6792
6793
6794
6795
6796
6797
6798
6799
6801
6802
6803
6804
6807
6809
6810
6813
6816
6817
6818
6819
6820
6821
6826
6829
6830
6832
6833
6834
6835
6838
6841
6843
6847
6848
6849
6850
6851
6852
6853
6854
6856
6857
6859
6862
6863
6864
6865
6866
6867
6868
6869
6870
6871
6872
6874
6876
6878
6880
6881
6882
6885
6886
6888
6889
6891
6892
6897
6898
6899
6900
6901
6902
6903
6904
6905
6907
6908
6909
6912
6913
6914
6915
6916
6918
6920
6922
6923
6925
6927
6928
6933
6937
6941
6942
6943
6945
6946
6947
6948
6949
6950
6951
6952
6957
6958
6960
6961
6962
6964
6966
6969
6970
6971
6972
6973
6974
6975
6976
6977
6978
6979
6980
6982
6983
6986
6989
6990
6991
6992
6994
6995
6999
7001
7002
7003
7004
7005
7008
7009
7010
7014
7016
7018
7019
7021
7022
7023
7025
7026
7027
7029
7030
7031
7032
7033
7035
7036
7037
7038
7040
7041
7042
7044
7046
7047
7048
7049
7050
7053
7054
7055
7056
7057
7059
7060
7061
7062
7063
7064
7065
7066
7068
7070
7071
7072
7075
7076
7077
7078
7081
7083
7085
7086
7087
7088
7090
7091
7092
7093
7095
7096
7099
7100
7101
7102
7103
7106
7107
7108
7110
7111
7116
7117
7119
7121
7122
7123
7125
7126
7127
7129
7130
7131
7132
7133
7134
7135
7136
7139
7141
7142
7143
7144
7145
7146
7147
7148
7150
7151
7154
7155
7156
7157
7159
7161
7162
7164
7166
7167
7169
7170
7171
7172
7173
7174
7176
7178
7179
7182
7183
7185
7187
7188
7189
7190
7191
7193
7194
7195
7196
7199
7200
7202
7204
7205
7206
7207
7210
7213
7214
7221
7222
7224
7225
7226
7227
7228
7231
7234
7236
7238
7239
7240
7241
7242
7244
7246
7247
7249
7250
7251
7252
7255
7258
7259
7260
7261
7262
7263
7265
7267
7268
7270
7271
7274
7275
7276
7278
7280
7281
7283
7284
7285
7286
7287
7288
7289
7290
7294
7298
7299
7300
7301
7302
7304
7305
7306
7307
7308
7309
7310
7314
7315
7318
7320
7321
7322
7324
7326
7328
7334
7335
7336
7337
7341
7343
7344
7345
7346
7352
7353
7354
7355
7359
7360
7361
7364
7365
7367
7368
7369
7370
7371
7374
7376
7377
7378
7381
7383
7384
7385
7386
7390
7391
7392
7393
7396
7401
7402
7403
7407
7410
7411
7413
7415
7418
7419
7421
7423
7424
7426
7427
7428
7429
7430
7431
7434
7435
7437
7438
7439
7440
7441
7444
7445
7447
7448
7449
7450
7451
7454
7455
7457
7458
7459
7460
7461
7462
7463
7464
7465
7466
7467
7469
7470
7472
7474
7478
7479
7481
7484
7489
7491
7492
7494
7495
7496
7497
7498
7499
7500
7501
7503
7504
7505
7506
7508
7509
7511
7514
7515
7516
7519
7520
7521
7523
7525
7526
7527
7529
7530
7531
7532
7539
7540
7541
7542
7544
7545
7546
7549
7551
7552
7553
7554
7556
7557
7558
7559
7560
7561
7563
7565
7566
7569
7571
7573
7575
7576
7578
7581
7582
7584
7585
7586
7588
7589
7590
7591
7592
7593
7594
7597
7601
7602
7605
7606
7608
7609
7610
7611
7612
7613
7615
7616
7618
7619
7620
7622
7624
7625
7627
7628
7629
7632
7634
7636
7638
7640
7641
7642
7643
7644
7649
7650
7651
7652
7654
7658
7660
7662
7664
7667
7670
7671
7674
7675
7677
7678
7679
7681
7682
7683
7684
7686
7689
7690
7691
7692
7693
7694
7695
7697
7698
7699
7700
7701
7702
7703
7705
7708
7709
7710
7711
7713
7715
7716
7718
7719
7720
7722
7723
7724
7725
7726
7727
7728
7729
7731
7732
7733
7734
7735
7736
7737
7738
7739
7742
7744
7745
7747
7749
7750
7751
7752
7755
7756
7757
7761
7762
7763
7764
7765
7768
7770
7772
7774
7775
7776
7780
7782
7783
7784
7786
7788
7789
7790
7791
7792
7793
7794
7795
7798
7799
7800
7804
7805
7806
7807
7808
7810
7812
7813
7815
7820
7821
7822
7824
7825
7826
7827
7829
7830
7832
7834
7835
7836
7838
7839
7840
7842
7844
7846
7848
7850
7853
7854
7856
7857
7859
7860
7861
7862
7863
7865
7867
7869
7870
7872
7873
7874
7875
7876
7878
7880
7881
7883
7884
7888
7889
7890
7892
7896
7897
7898
7899
7900
7902
7903
7904
7905
7906
7909
7910
7911
7912
7913
7915
7916
7917
7918
7920
7922
7923
7924
7925
7926
7928
7929
7934
7935
7936
7937
7940
7941
7943
7944
7945
7946
7947
7948
7949
7953
7954
7955
7956
7957
7960
7964
7965
7966
7968
7969
7972
7974
7976
7977
7980
7982
7984
7986
7987
7990
7993
7994
7995
8001
8002
8003
8005
8006
8007
8008
8012
8013
8014
8015
8017
8018
8019
8020
8021
8022
8024
8025
8026
8027
8028
8029
8031
8032
8033
8034
8036
8038
8040
8042
8043
8044
8045
8046
8047
8050
8052
8053
8055
8056
8057
8058
8059
8060
8061
8066
8068
8069
8070
8072
8073
8075
8076
8077
8079
8080
8081
8083
8084
8086
8087
8090
8091
8094
8097
8098
8101
8103
8104
8105
8106
8107
8108
8109
8110
8112
8114
8115
8116
8117
8119
8120
8123
8124
8125
8127
8128
8129
8130
8132
8133
8134
8138
8139
8142
8144
8145
8146
8147
8148
8150
8151
8152
8153
8154
8155
8156
8159
8160
8161
8162
8163
8165
8166
8167
8168
8169
8170
8172
8173
8174
8176
8177
8178
8179
8180
8185
8187
8189
8190
8191
8192
8193
8194
8195
8196
8198
8200
8202
8204
8205
8206
8207
8209
8210
8211
8213
8214
8217
8218
8220
8222
8223
8224
8225
8226
8229
8231
8232
8233
8234
8236
8237
8238
8239
8240
8241
8242
8243
8244
8245
8249
8251
8252
8254
8255
8259
8262
8263
8264
8265
8266
8269
8271
8273
8274
8276
8279
8280
8281
8282
8284
8286
8288
8289
8290
8291
8293
8297
8298
8299
8303
8304
8306
8307
8308
8309
8310
8311
8313
8317
8318
8320
8321
8322
8323
8324
8325
8327
8332
8334
8336
8338
8339
8341
8342
8344
8345
8346
8347
8348
8349
8351
8355
8358
8359
8362
8363
8365
8366
8367
8368
8369
8371
8373
8377
8379
8380
8381
8383
8385
8386
8387
8388
8389
8390
8391
8392
8393
8394
8395
8396
8397
8398
8399
8400
8404
8405
8406
8410
8412
8416
8417
8418
8419
8421
8422
8423
8425
8426
8427
8428
8429
8431
8432
8433
8434
8435
8438
8439
8440
8441
8442
8443
8444
8445
8446
8447
8448
8449
8452
8453
8454
8455
8457
8458
8459
8460
8461
8464
8466
8468
8471
8472
8473
8474
8475
8476
8477
8481
8482
8484
8485
8486
8487
8488
8489
8490
8491
8492
8494
8495
8496
8497
8498
8499
8500
8501
8502
8507
8508
8509
8511
8512
8514
8516
8518
8519
8520
8521
8522
8523
8524
8525
8526
8527
8529
8530
8531
8533
8534
8535
8536
8537
8539
8540
8541
8543
8545
8547
8548
8549
8550
8552
8553
8554
8556
8557
8559
8561
8562
8563
8564
8565
8566
8569
8570
8571
8573
8574
8577
8578
8580
8581
8583
8584
8585
8588
8589
8590
8591
8592
8593
8597
8598
8599
8600
8602
8604
8605
8610
8611
8612
8613
8614
8615
8616
8618
8619
8621
8623
8625
8626
8630
8631
8632
8635
8639
8643
8644
8645
8646
8648
8652
8655
8657
8658
8660
8661
8662
8666
8668
8670
8671
8677
8678
8679
8681
8684
8686
8687
8689
8692
8694
8698
8699
8702
8703
8704
8705
8707
8708
8709
8710
8712
8714
8716
8717
8718
8719
8720
8721
8722
8724
8725
8727
8728
8731
8732
8733
8734
8735
8736
8739
8742
8744
8746
8747
8749
8750
8751
8752
8754
8755
8756
8757
8758
8760
8761
8763
8764
8767
8769
8770
8771
8772
8775
8776
8778
8779
8782
8783
8785
8786
8790
8791
8794
8796
8797
8798
8799
8800
8803
8804
8805
8806
8807
8808
8811
8812
8813
8814
8820
8821
8822
8823
8825
8826
8827
8828
8832
8833
8834
8835
8836
8837
8838
8839
8842
8844
8845
8846
8847
8848
8850
8851
8852
8855
8856
8857
8858
8860
8861
8862
8863
8864
8865
8866
8867
8868
8869
8871
8872
8873
8874
8875
8877
8878
8879
8880
8882
8884
8887
8890
8891
8896
8898
8900
8902
8903
8904
8905
8906
8908
8910
8913
8915
8916
8917
8919
8920
8921
8922
8923
8926
8927
8928
8929
8930
8932
8933
8934
8935
8937
8938
8940
8941
8944
8949
8952
8953
8955
8957
8958
8960
8961
8962
8963
8966
8968
8969
8970
8972
8973
8974
8976
8977
8978
8979
8980
8981
8982
8984
8985
8990
8992
8993
8994
8996
8997
8999
9001
9003
9005
9006
9007
9008
9009
9010
9012
9013
9015
9017
9019
9022
9023
9024
9025
9026
9027
9028
9030
9031
9032
9033
9034
9035
9037
9038
9039
9040
9042
9043
9045
9046
9047
9048
9049
9052
9053
9055
9057
9060
9061
9063
9064
9066
9067
9069
9070
9071
9072
9073
9074
9075
9076
9077
9079
9082
9084
9085
9087
9089
9090
9094
9095
9097
9100
9101
9102
9103
9104
9106
9107
9109
9111
9112
9113
9114
9116
9117
9121
9123
9124
9128
9129
9131
9135
9136
9139
9141
9142
9144
9146
9147
9148
9149
9150
9153
9154
9155
9156
9157
9158
9159
9162
9163
9164
9166
9167
9168
9170
9171
9172
9176
9178
9180
9181
9182
9183
9184
9185
9188
9189
9190
9191
9192
9193
9194
9197
9199
9201
9202
9205
9207
9208
9209
9211
9212
9214
9215
9216
9217
9218
9219
9221
9222
9223
9226
9227
9230
9231
9233
9235
9236
9237
9238
9239
9240
9241
9242
9244
9245
9249
9251
9252
9253
9255
9256
9257
9261
9262
9263
9264
9266
9271
9272
9273
9277
9279
9281
9283
9284
9286
9287
9290
9293
9297
9298
9300
9301
9302
9304
9305
9306
9307
9308
9315
9317
9319
9321
9322
9323
9325
9326
9327
9328
9330
9331
9333
9336
9339
9340
9341
9342
9343
9344
9345
9347
9348
9351
9353
9354
9356
9357
9358
9361
9362
9363
9366
9367
9368
9370
9372
9374
9375
9376
9378
9381
9385
9388
9390
9392
9393
9395
9397
9398
9400
9401
9402
9403
9405
9406
9407
9408
9409
9411
9412
9414
9416
9417
9418
9423
9424
9425
9427
9428
9430
9431
9433
9434
9435
9437
9439
9441
9443
9444
9445
9446
9447
9448
9449
9450
9451
9454
9455
9457
9461
9463
9464
9468
9469
9470
9473
9476
9477
9479
9480
9481
9482
9485
9491
9493
9494
9495
9496
9497
9500
9501
9502
9503
9505
9506
9507
9508
9509
9513
9516
9518
9520
9521
9522
9525
9529
9536
9537
9538
9540
9542
9543
9546
9550
9554
9556
9558
9559
9560
9563
9566
9568
9569
9570
9571
9572
9573
9574
9575
9580
9581
9584
9585
9586
9589
9590
9592
9593
9596
9599
9602
9603
9609
9610
9612
9613
9614
9615
9620
9622
9626
9627
9628
9630
9635
9637
9638
9640
9641
9643
9646
9647
9648
9649
9652
9653
9654
9657
9658
9659
9660
9663
9665
9668
9671
9672
9675
9676
9679
9680
9685
9687
9688
9689
9691
9692
9695
9699
9704
9705
9708
9709
9711
9712
9714
9715
9718
9720
9721
9722
9723
9727
9732
9733
9734
9737
9738
9739
9742
9743
9744
9745
9747
9748
9749
9750
9751
9752
9753
9755
9756
9757
9758
9761
9764
9766
9768
9770
9771
9774
9775
9779
9780
9781
9782
9783
9785
9786
9787
9789
9790
9791
9793
9795
9796
9797
9798
9799
9800
9801
9802
9805
9806
9807
9808
9809
9810
9812
9813
9814
9815
9817
9818
9819
9823
9825
9826
9827
9828
9829
9830
9831
9832
9833
9834
9840
9841
9842
9843
9845
9847
9850
9851
9852
9853
9855
9856
9858
9859
9860
9861
9862
9863
9867
9868
9874
9877
9878
9879
9883
9884
9885
9886
9888
9889
9894
9895
9896
9900
9904
9906
9907
9909
9911
9912
9918
9919
9920
9922
9923
9924
9925
9926
9927
9930
9931
9933
9936
9940
9944
9945
9947
9948
9949
9950
9951
9952
9954
9956
9957
9959
9960
9962
9964
9966
9967
9969
9970
9971
9973
9974
9975
9976
9979
9980
9982
9986
9987
9988
9989
9990
9991
9992
9995
9996
9997
10000
10003
10005
10009
10010
10013
10014
10015
10016
10017
10018
10020
10021
10022
10024
10025
10027
10028
10029
10031
10032
10033
10036
10037
10038
10039
10040
10041
10042
10043
10046
10047
10049
10052
10053
10054
10057
10059
10060
10073
10074
10078
10079
10082
10083
10084
10088
10090
10091
10092
10098
10100
10101
10102
10103
10104
10107
10111
10116
10118
10120
10121
10122
10123
10124
10125
10127
10128
10130
10132
10133
10134
10137
10139
10140
10141
10142
10143
10144
10146
10150
10151
10152
10155
10156
10159
10160
10162
10163
10164
10165
10166
10168
10172
10173
10174
10179
10184
10185
10187
10188
10189
10190
10191
10192
10193
10194
10195
10196
10200
10201
10202
10204
10205
10206
10207
10208
10209
10211
10212
10213
10215
10216
10217
10218
10219
10220
10222
10223
10226
10228
10229
10230
10231
10232
10235
10236
10237
10238
10241
10242
10248
10252
10253
10254
10255
10256
10257
10259
10260
10261
10262
10263
10264
10266
10267
10269
10270
10271
10272
10273
10276
10277
10278
10279
10281
10283
10286
10287
10288
10289
10291
10292
10296
10297
10298
10299
10300
10302
10303
10304
10306
10307
10308
10310
10311
10312
10313
10317
10319
10320
10321
10324
10325
10327
10329
10330
10331
10334
10335
10336
10337
10338
10339
10340
10341
10342
10343
10345
10346
10347
10349
10350
10351
10352
10355
10356
10357
10358
10361
10362
10364
10365
10368
10369
10371
10372
10375
10377
10378
10379
10380
10381
10382
10383
10384
10385
10386
10389
10390
10391
10392
10393
10399
10400
10401
10402
10403
10405
10406
10407
10409
10411
10416
10419
10420
10424
10425
10426
10429
10431
10432
10433
10434
10435
10436
10438
10442
10443
10445
10451
10452
10453
10454
10456
10457
10458
10459
10460
10463
10464
10465
10466
10467
10468
10469
10471
10473
10478
10479
10480
10481
10482
10483
10484
10485
10486
10487
10488
10489
10490
10492
10494
10495
10497
10499
10500
10502
10503
10505
10506
10512
10513
10515
10517
10518
10519
10521
10522
10523
10529
10530
10531
10534
10535
10537
10539
10540
10542
10544
10545
10548
10551
10552
10556
10557
10558
10560
10561
10562
10563
10564
10569
10570
10574
10575
10576
10578
10579
10580
10582
10583
10584
10585
10588
10589
10590
10591
10592
10596
10597
10598
10599
10602
10603
10604
10605
10606
10607
10608
10612
10613
10615
10616
10617
10619
10620
10621
10625
10626
10628
10630
10631
10632
10633
10634
10635
10636
10639
10641
10642
10643
10646
10649
10650
10653
10654
10655
10656
10657
10659
10660
10661
10665
10666
10667
10668
10669
10672
10673
10674
10675
10676
10677
10678
10679
10680
10686
10690
10691
10693
10694
10695
10696
10697
10699
10700
10701
10702
10703
10708
10709
10710
10711
10712
10713
10714
10723
10724
10725
10726
10727
10728
10729
10730
10731
10732
10733
10735
10736
10738
10739
10741
10742
10743
10744
10747
10749
10751
10752
10754
10759
10760
10763
10765
10766
10768
10771
10772
10773
10774
10777
10779
10782
10784
10786
10787
10788
10790
10793
10796
10798
10799
10800
10801
10804
10806
10807
10811
10813
10814
10815
10817
10818
10824
10825
10828
10831
10832
10833
10834
10835
10836
10837
10838
10839
10840
10842
10845
10846
10851
10852
10853
10856
10857
10859
10860
10862
10865
10866
10869
10872
10873
10875
10876
10877
10879
10882
10885
10886
10889
10893
10894
10895
10896
10897
10899
10902
10906
10907
10910
10911
10913
10916
10917
10918
10919
10921
10923
10925
10926
10927
10928
10929
10930
10931
10933
10934
10936
10937
10938
10940
10944
10951
10952
10957
10959
10961
10962
10964
10965
10966
10967
10968
10969
10970
10972
10973
10976
10977
10978
10980
10982
10984
10986
10988
10989
10990
10993
10997
10999
11000
11004
11007
11009
11012
11013
11016
11018
11024
11025
11026
11028
11033
11036
11038
11039
11040
11041
11043
11044
11045
11046
11047
11048
11049
11051
11053
11055
11057
11058
11060
11062
11063
11064
11066
11069
11072
11076
11078
11079
11081
11083
11084
11086
11087
11088
11090
11091
11092
11093
11095
11096
11098
11100
11102
11103
11105
11106
11107
11108
11111
11112
11114
11116
11117
11118
11119
11120
11121
11122
11123
11124
11125
11128
11130
11131
11132
11134
11135
11136
11137
11140
11141
11142
11144
11146
11147
11148
11150
11152
11154
11155
11156
11158
11159
11161
11162
11163
11164
11168
11169
11171
11173
11176
11177
11179
11180
11181
11182
11187
11189
11191
11192
11193
11194
11195
11196
11197
11198
11201
11202
11204
11205
11206
11207
11208
11209
11210
11211
11212
11213
11214
11215
11217
11218
11219
11220
11222
11223
11225
11226
11227
11229
11231
11236
11237
11238
11239
11240
11241
11242
11243
11244
11245
11246
11248
11249
11250
11253
11255
11256
11257
11258
11259
11261
11263
11264
11266
11268
11269
11272
11278
11279
11280
11281
11283
11284
11286
11287
11288
11290
11291
11292
11293
11294
11296
11298
11301
11302
11304
11306
11311
11312
11313
11314
11315
11316
11318
11319
11320
11321
11322
11323
11324
11325
11326
11327
11330
11335
11336
11344
11346
11347
11349
11350
11352
11353
11354
11355
11356
11357
11358
11359
11360
11361
11362
11363
11367
11368
11369
11371
11374
11377
11378
11380
11387
11388
11390
11393
11394
11395
11396
11397
11398
11399
11400
11402
11404
11406
11407
11411
11415
11420
11421
11422
11425
11428
11429
11430
11431
11432
11433
11436
11437
11440
11443
11447
11448
11450
11451
11452
11454
11455
11461
11466
11467
11469
11471
11475
11477
11478
11481
11482
11483
11486
11488
11490
11492
11493
11494
11495
11496
11497
11500
11501
11504
11510
11511
11514
11516
11519
11521
11524
11525
11527
11531
11533
11534
11535
11538
11540
11541
11543
11545
11550
11552
11553
11554
11555
11556
11561
11562
11566
11567
11570
11573
11574
11578
11579
11581
11583
11585
11590
11591
11592
11593
11594
11595
11597
11598
11602
11604
11605
11607
11608
11609
11614
11615
11616
11618
11621
11622
11623
11625
11626
11628
11629
11635
11636
11637
11639
11640
11641
11642
11644
11645
11648
11650
11651
11652
11654
11655
11656
11658
11663
11664
11665
11667
11668
11669
11671
11672
11673
11674
11676
11678
11679
11680
11681
11684
11686
11688
11690
11691
11693
11694
11697
11698
11699
11700
11701
11702
11706
11707
11708
11710
11712
11713
11715
11716
11717
11718
11719
11720
11721
11722
11723
11726
11727
11728
11729
11730
11733
11737
11743
11744
11745
11746
11747
11748
11750
11752
11753
11760
11761
11762
11763
11765
11766
11767
11768
11771
11772
11774
11776
11778
11780
11782
11784
11785
11787
11789
11790
11791
11794
11795
11797
11799
11800
11803
11804
11805
11806
11810
11811
11814
11816
11819
11822
11823
11825
11827
11829
11832
11833
11835
11836
11837
11838
11842
11843
11844
11846
11847
11850
11851
11852
11853
11855
11856
11857
11858
11861
11862
11863
11865
11868
11870
11871
11872
11873
11877
11878
11879
11881
11882
11884
11886
11888
11889
11890
11892
11893
11894
11895
11896
11898
11899
11900
11901
11902
11905
11906
11907
11908
11909
11910
11912
11914
11915
11917
11918
11919
11923
11925
11927
11928
11930
11932
11937
11939
11940
11946
11947
11948
11949
11950
11953
11955
11956
11958
11960
11961
11962
11963
11965
11967
11968
11969
11970
11972
11974
11975
11978
11979
11981
11983
11985
11986
11987
11988
11990
11991
11992
11993
11994
11995
11999
12000
12001
12002
12006
12008
12013
12015
12017
12019
12020
12022
12025
12026
12029
12033
12034
12037
12042
12043
12048
12049
12051
12052
12058
12060
12061
12062
12064
12066
12067
12068
12070
12071
12074
12076
12077
12078
12079
12080
12081
12082
12083
12084
12087
12088
12089
12091
12092
12094
12095
12096
12097
12098
12100
12101
12102
12103
12104
12105
12106
12107
12109
12110
12112
12113
12114
12115
12120
12121
12122
12123
12125
12126
12128
12129
12130
12131
12132
12133
12134
12139
12140
12143
12146
12147
12148
12149
12150
12151
12152
12153
12156
12157
12160
12162
12164
12165
12166
12167
12168
12169
12170
12171
12173
12176
12178
12179
12181
12182
12183
12184
12185
12187
12188
12189
12192
12193
12195
12197
12199
12200
12201
12203
12204
12205
12207
12208
12215
12216
12217
12218
12219
12220
12221
12222
12227
12230
12231
12232
12234
12237
12238
12239
12242
12243
12244
12245
12246
12247
12250
12253
12254
12258
12259
12261
12262
12263
12264
12266
12269
12272
12273
12275
12277
12278
12281
12282
12283
12286
12289
12291
12293
12294
12296
12300
12302
12304
12305
12306
12307
12309
12311
12312
12313
12314
12315
12316
12317
12319
12320
12321
12323
12325
12326
12327
12330
12331
12333
12334
12335
12337
12339
12340
12342
12343
12345
12346
12348
12350
12351
12354
12355
12361
12365
12366
12367
12368
12370
12371
12373
12378
12380
12381
12383
12388
12389
12390
12391
12394
12396
12397
12398
12399
12402
12404
12405
12410
12411
12413
12415
12417
12418
12421
12422
12423
12426
12427
12429
12430
12431
12435
12436
12437
12439
12443
12447
12448
12450
12453
12454
12456
12457
12459
12460
12463
12464
12466
12471
12473
12474
12476
12477
12479
12480
12481
12482
12483
12484
12485
12489
12490
12492
12495
12497
12499
12500
12501
12502
12503
12505
12507
12508
12509
12511
12513
12515
12516
12517
12520
12521
12522
12523
12524
12525
12526
12527
12528
12529
12532
12533
12534
12536
12537
12538
12539
12540
12542
12544
12547
12548
12549
12550
12556
12558
12561
12563
12564
12566
12567
12569
12570
12571
12573
12574
12577
12578
12579
12580
12583
12584
12585
12586
12587
12588
12590
12593
12594
12597
12600
12608
12609
12611
12612
12613
12615
12616
12617
12619
12620
12623
12624
12626
12627
12628
12629
12630
12636
12637
12639
12640
12641
12642
12643
12647
12648
12650
12653
12654
12655
12659
12660
12662
12663
12665
12668
12669
12671
12672
12674
12675
12679
12680
12681
12682
12683
12688
12690
12692
12697
12700
12705
12706
12707
12709
12711
12713
12716
12717
12718
12719
12724
12726
12728
12731
12733
12735
12736
12737
12738
12739
12740
12742
12748
12749
12750
12752
12753
12755
12756
12757
12758
12760
12761
12763
12767
12768
12769
12771
12775
12777
12778
12782
12784
12785
12788
12792
12793
12794
12796
12800
12801
12802
12804
12805
12806
12807
12808
12811
12813
12814
12818
12822
12823
12825
12826
12829
12830
12831
12832
12836
12837
12841
12842
12843
12844
12845
12846
12849
12851
12852
12853
12854
12855
12857
12858
12862
12863
12864
12865
12867
12868
12869
12870
12873
12876
12877
12880
12884
12886
12887
12889
12891
12892
12895
12896
12898
12899
12900
12901
12904
12905
12906
12908
12910
12912
12913
12914
12917
12918
12920
12921
12925
12929
12930
12931
12932
12934
12935
12936
12937
12939
12943
12945
12948
12949
12950
12954
12955
12957
12958
12961
12962
12964
12965
12966
12967
12968
12973
12975
12976
12977
12980
12983
12985
12986
12991
12993
12995
12996
12997
13001
13002
13004
13007
13010
13011
13014
13016
13017
13019
13021
13022
13023
13024
13026
13028
13029
13030
13031
13033
13034
13035
13036
13037
13038
13039
13041
13042
13043
13044
13045
13046
13047
13048
13050
13053
13054
13057
13058
13059
13062
13063
13064
13066
13067
13068
13069
13071
13073
13076
13077
13080
13081
13082
13084
13085
13086
13087
13088
13089
13091
13092
13094
13095
13098
13099
13100
13101
13102
13104
13106
13107
13110
13114
13118
13121
13123
13126
13129
13130
13131
13132
13135
13138
13139
13140
13142
13145
13146
13151
13157
13158
13160
13161
13162
13166
13168
13171
13173
13175
13176
13177
13178
13179
13180
13181
13183
13184
13185
13187
13188
13190
13193
13194
13196
13198
13199
13200
13201
13202
13203
13205
13207
13209
13211
13212
13213
13216
13218
13223
13224
13226
13230
13232
13235
13236
13238
13239
13240
13242
13246
13248
13249
13254
13258
13259
13260
13262
13264
13265
13266
13273
13276
13277
13278
13279
13280
13282
13283
13286
13290
13293
13301
13303
13307
13310
13312
13315
13316
13317
13319
13322
13323
13324
13325
13329
13330
13331
13332
13333
13336
13337
13339
13340
13343
13344
13346
13351
13354
13358
13359
13360
13364
13365
13366
13367
13368
13369
13371
13372
13375
13376
13378
13379
13382
13384
13386
13390
13394
13398
13400
13402
13403
13404
13405
13407
13410
13411
13414
13416
13418
13421
13422
13423
13424
13425
13426
13427
13428
13429
13430
13434
13435
13439
13441
13447
13448
13451
13453
13454
13455
13457
13458
13460
13462
13465
13468
13470
13472
13473
13474
13475
13477
13478
13479
13481
13482
13483
13484
13485
13486
13487
13489
13491
13492
13494
13496
13499
13500
13501
13503
13505
13507
13511
13512
13513
13514
13518
13522
13529
13533
13534
13535
13536
13537
13538
13539
13540
13542
13545
13547
13548
13550
13552
13553
13554
13555
13556
13557
13559
13560
13563
13564
13567
13569
13572
13573
13574
13575
13578
13581
13583
13585
13587
13588
13590
13591
13592
13595
13596
13597
13599
13600
13605
13606
13609
13610
13613
13616
13618
13624
13626
13627
13628
13631
13632
13633
13634
13638
13640
13642
13643
13646
13648
13651
13653
13656
13657
13660
13661
13662
13663
13665
13667
13668
13669
13672
13673
13677
13679
13681
13684
13685
13688
13690
13694
13695
13697
13699
13701
13704
13705
13706
13707
13709
13711
13714
13715
13716
13717
13718
13719
13722
13723
13724
13727
13729
13731
13732
13733
13734
13736
13738
13741
13744
13745
13746
13749
13753
13755
13759
13761
13764
13765
13766
13767
13769
13770
13772
13775
13779
13780
13782
13784
13787
13789
13791
13792
13795
13797
13801
13802
13803
13805
13808
13809
13810
13813
13814
13815
13817
13818
13820
13822
13823
13824
13825
13827
13828
13830
13831
13833
13834
13837
13838
13839
13840
13848
13849
13850
13852
13854
13855
13857
13858
13860
13864
13866
13867
13868
13870
13873
13874
13875
13877
13878
13879
13880
13881
13882
13884
13885
13888
13890
13891
13893
13899
13901
13902
13905
13906
13907
13908
13909
13911
13914
13918
13920
13921
13923
13925
13926
13927
13928
13933
13935
13939
13942
13943
13945
13946
13947
13948
13951
13954
13957
13958
13961
13962
13963
13964
13966
13968
13969
13973
13974
13976
13977
13983
13984
13985
13987
13988
13990
13991
13992
13995
13996
13998
13999
14000
14002
14003
14004
14007
14008
14009
14011
14012
14013
14014
14015
14016
14018
14020
14021
14022
14023
14029
14030
14035
14036
14037
14039
14040
14042
14044
14045
14046
14050
14053
14055
14058
14059
14060
14061
14064
14065
14067
14068
14069
14073
14077
14078
14080
14081
14082
14084
14086
14087
14088
14090
14092
14095
14097
14102
14103
14105
14107
14108
14109
14110
14111
14112
14113
14114
14116
14118
14120
14121
14122
14124
14125
14127
14128
14129
14131
14134
14135
14136
14137
14142
14143
14144
14145
14146
14147
14149
14151
14152
14153
14155
14156
14159
14162
14163
14164
14165
14166
14169
14170
14171
14172
14174
14180
14184
14186
14188
14189
14190
14192
14193
14194
14195
14196
14197
14199
14202
14204
14205
14206
14208
14212
14213
14215
14216
14226
14228
14231
14233
14235
14237
14239
14241
14242
14243
14244
14245
14246
14247
14251
14254
14255
14257
14258
14260
14261
14263
14264
14265
14267
14268
14269
14271
14272
14273
14274
14276
14279
14282
14283
14284
14286
14287
14288
14289
14290
14293
14294
14300
14301
14303
14304
14307
14311
14315
14318
14320
14322
14327
14328
14330
14331
14332
14333
14334
14335
14336
14340
14341
14344
14346
14347
14349
14352
14354
14356
14358
14359
14362
14365
14370
14371
14372
14374
14375
14376
14377
14378
14380
14381
14382
14385
14387
14388
14390
14392
14394
14398
14399
14400
14404
14406
14408
14410
14412
14416
14417
14418
14419
14420
14423
14427
14429
14430
14431
14435
14436
14438
14440
14441
14445
14447
14452
14454
14456
14457
14459
14460
14468
14469
14471
14472
14475
14477
14481
14482
14485
14486
14489
14492
14499
14500
14501
14505
14507
14508
14512
14514
14518
14519
14520
14522
14523
14525
14532
14539
14540
14541
14542
14543
14545
14548
14549
14551
14552
14553
14555
14556
14559
14560
14561
14562
14565
14567
14569
14570
14572
14573
14574
14576
14580
14581
14583
14585
14586
14587
14588
14589
14590
14591
14598
14599
14600
14602
14603
14605
14606
14607
14608
14610
14611
14617
14618
14619
14620
14623
14627
14628
14629
14630
14634
14635
14636
14637
14641
14642
14648
14653
14655
14656
14657
14658
14661
14663
14664
14670
14671
14673
14678
14679
14680
14681
14682
14684
14687
14688
14689
14690
14695
14698
14699
14701
14702
14703
14705
14706
14708
14710
14711
14712
14713
14714
14722
14726
14727
14728
14730
14733
14734
14735
14737
14741
14743
14744
14746
14747
14749
14750
14751
14754
14757
14760
14762
14765
14773
14775
14776
14777
14778
14779
14781
14782
14783
14785
14787
14789
14791
14794
14795
14796
14797
14798
14800
14807
14808
14809
14810
14812
14813
14816
14819
14821
14825
14827
14830
14832
14833
14834
14835
14836
14837
14844
14846
14848
14849
14851
14852
14855
14856
14859
14860
14861
14862
14863
14864
14865
14867
14868
14870
14871
14872
14874
14880
14883
14884
14885
14886
14887
14888
14890
14892
14893
14894
14897
14899
14905
14906
14908
14910
14911
14912
14913
14914
14915
14916
14917
14918
14921
14923
14931
14932
14934
14940
14943
14944
14946
14953
14955
14958
14959
14960
14961
14963
14964
14965
14967
14968
14970
14971
14972
14973
14977
14979
14980
14981
14982
14988
14989
14991
14992
14995
14996
14998
14999
15001
15002
15003
15005
15006
15007
15009
15011
15012
15015
15016
15023
15025
15026
15028
15029
15030
15031
15034
15035
15036
15038
15040
15041
15042
15043
15048
15049
15050
15052
15054
15055
15057
15058
15059
15060
15062
15063
15064
15065
15068
15069
15074
15078
15080
15081
15082
15086
15087
15089
15090
15092
15094
15095
15097
15098
15103
15105
15106
15107
15109
15110
15112
15114
15117
15118
15119
15121
15123
15125
15126
15127
15129
15130
15131
15132
15134
15135
15141
15144
15145
15151
15153
15155
15156
15157
15162
15164
15166
15167
15168
15169
15170
15171
15173
15174
15175
15176
15177
15178
15179
15184
15186
15190
15192
15194
15196
15201
15202
15204
15205
15208
15210
15211
15212
15213
15214
15215
15216
15217
15218
15220
15222
15223
15227
15229
15232
15234
15238
15239
15240
15242
15243
15250
15257
15260
15264
15267
15271
15272
15273
15275
15277
15278
15279
15280
15284
15285
15286
15288
15289
15291
15292
15294
15295
15296
15297
15298
15299
15305
15307
15308
15309
15312
15313
15317
15318
15319
15320
15321
15323
15324
15327
15328
15329
15330
15332
15335
15339
15343
15346
15349
15352
15354
15355
15359
15361
15365
15367
15373
15375
15376
15377
15379
15380
15382
15387
15388
15390
15391
15392
15394
15395
15396
15397
15400
15401
15402
15405
15409
15410
15412
15414
15415
15417
15418
15420
15432
15433
15434
15435
15436
15438
15440
15441
15443
15444
15448
15449
15451
15460
15463
15464
15466
15470
15473
15474
15475
15478
15484
15486
15487
15489
15491
15495
15496
15497
15500
15501
15509
15511
15512
15513
15515
15520
15527
15529
15532
15540
15542
15544
15547
15548
15550
15555
15557
15558
15559
15560
15561
15563
15567
15571
15572
15574
15575
15578
15579
15580
15582
15588
15592
15597
15598
15600
15603
15604
15606
15611
15615
15616
15618
15621
15623
15625
15626
15627
15628
15629
15630
15632
15634
15636
15638
15639
15640
15644
15647
15648
15653
15654
15655
15661
15663
15666
15672
15673
15674
15675
15678
15679
15683
15684
15686
15688
15689
15693
15694
15696
15697
15698
15699
15700
15704
15705
15706
15707
15708
15710
15715
15719
15722
15724
15725
15727
15728
15731
15734
15736
15740
15741
15745
15746
15747
15749
15750
15751
15752
15754
15756
15758
15766
15767
15769
15770
15772
15773
15774
15775
15781
15782
15783
15784
15790
15793
15794
15796
15797
15799
15802
15803
15804
15805
15808
15809
15810
15812
15813
15814
15815
15816
15818
15819
15822
15824
15825
15832
15834
15836
15839
15840
15841
15842
15843
15846
15847
15851
15853
15854
15855
15860
15861
15862
15865
15867
15868
15873
15877
15880
15882
15883
15884
15885
15886
15888
15893
15894
15896
15900
15901
15902
15903
15904
15905
15906
15910
15911
15919
15921
15922
15924
15927
15929
15932
15936
15937
15941
15942
15943
15946
15947
15948
15949
15953
15955
15956
15958
15959
15960
15966
15968
15969
15971
15972
15973
15977
15978
15984
15992
15993
15996
15998
15999
16000
16001
16005
16007
16008
16013
16014
16015
16018
16021
16022
16023
16024
16025
16026
16027
16031
16034
16036
16040
16043
16044
16045
16049
16050
16051
16053
16058
16059
16063
16064
16066
16067
16068
16069
16070
16073
16077
16079
16080
16081
16082
16083
16086
16088
16091
16092
16093
16095
16097
16099
16100
16101
16102
16104
16105
16107
16108
16111
16112
16115
16117
16126
16128
16134
16136
16137
16138
16139
16141
16143
16144
16145
16147
16150
16154
16155
16159
16160
16162
16164
16167
16168
16169
16171
16172
16175
16176
16177
16182
16184
16186
16187
16195
16196
16197
16198
16201
16202
16205
16208
16211
16213
16214
16218
16220
16221
16226
16228
16234
16235
16237
16240
16243
16245
16247
16248
16249
16250
16252
16253
16260
16261
16267
16270
16275
16279
16280
16281
16282
16283
16284
16288
16293
16296
16297
16298
16302
16305
16306
16314
16315
16318
16320
16325
16326
16327
16329
16330
16331
16333
16336
16337
16338
16343
16345
16347
16349
16350
16351
16352
16354
16360
16365
16366
16368
16369
16371
16376
16379
16382
16384
16385
16390
16394
16397
16398
16400
16401
16402
16406
16407
16412
16413
16414
16415
16417
16418
16420
16421
16424
16427
16428
16429
16431
16432
16434
16435
16438
16451
16456
16461
16463
16465
16466
16468
16471
16473
16476
16478
16480
16482
16484
16490
16492
16493
16494
16496
16501
16502
16503
16506
16507
16508
16509
16510
16512
16515
16516
16517
16518
16519
16520
16521
16522
16523
16524
16525
16526
16530
16535
16538
16539
16540
16545
16546
16547
16549
16550
16556
16561
16562
16563
16565
16566
16571
16572
16573
16575
16577
16579
16583
16585
16587
16594
16595
16598
16602
16603
16606
16607
16609
16610
16613
16614
16615
16616
16617
16619
16620
16624
16625
16626
16628
16629
16630
16632
16633
16636
16638
16640
16642
16643
16644
16647
16648
16652
16654
16659
16662
16666
16667
16668
16672
16673
16675
16676
16681
16682
16683
16684
16687
16690
16693
16694
16695
16697
16699
16701
16705
16707
16709
16710
16713
16717
16721
16722
16723
16724
16726
16734
16736
16737
16739
16740
16741
16742
16743
16746
16747
16748
16749
16753
16754
16756
16757
16759
16760
16761
16765
16768
16773
16775
16777
16778
16779
16782
16786
16787
16788
16792
16794
16798
16800
16805
16807
16809
16810
16813
16815
16816
16821
16823
16828
16829
16830
16831
16835
16836
16837
16838
16842
16844
16845
16846
16847
16849
16850
16853
16855
16856
16857
16858
16859
16862
16863
16864
16865
16866
16867
16870
16871
16873
16874
16876
16878
16880
16883
16885
16890
16893
16898
16899
16900
16901
16905
16908
16910
16912
16913
16915
16916
16917
16921
16923
16924
16926
16928
16932
16933
16935
16936
16940
16941
16942
16943
16944
16947
16952
16954
16958
16962
16963
16965
16966
16968
16969
16973
16974
16975
16978
16979
16981
16982
16984
16985
16987
16988
16991
16995
16996
16997
16998
16999
17001
17002
17003
17004
17008
17011
17012
17013
17016
17018
17020
17024
17027
17030
17033
17034
17035
17037
17038
17043
17044
17045
17046
17047
17049
17051
17057
17058
17059
17061
17064
17065
17066
17067
17068
17070
17073
17076
17077
17079
17081
17083
17085
17086
17087
17089
17091
17098
17101
17102
17106
17107
17111
17112
17114
17115
17118
17120
17126
17128
17129
17130
17132
17140
17142
17143
17145
17146
17147
17153
17154
17155
17156
17158
17163
17164
17169
17171
17172
17173
17175
17176
17182
17183
17185
17186
17188
17190
17191
17192
17193
17195
17199
17201
17204
17205
17207
17210
17211
17217
17218
17220
17221
17222
17225
17226
17229
17231
17233
17234
17239
17241
17244
17246
17247
17249
17251
17252
17254
17257
17261
17263
17264
17265
17266
17267
17270
17277
17280
17287
17289
17290
17292
17293
17294
17298
17304
17305
17308
17310
17311
17312
17313
17314
17316
17317
17319
17320
17321
17322
17323
17324
17328
17330
17332
17336
17342
17344
17345
17347
17353
17358
17366
17370
17371
17372
17374
17375
17376
17379
17383
17384
17385
17386
17388
17389
17390
17393
17394
17397
17399
17403
17404
17410
17413
17414
17415
17419
17420
17423
17425
17428
17429
17430
17431
17433
17435
17437
17438
17439
17440
17441
17445
17448
17450
17453
17454
17455
17457
17458
17459
17461
17462
17464
17466
17467
17469
17472
17476
17477
17480
17481
17482
17486
17487
17491
17494
17495
17498
17502
17503
17506
17507
17509
17511
17512
17514
17515
17518
17519
17521
17523
17526
17529
17537
17538
17542
17543
17545
17546
17548
17554
17559
17560
17561
17562
17564
17566
17568
17571
17572
17573
17574
17576
17578
17580
17581
17583
17585
17587
17589
17590
17591
17592
17593
17594
17598
17599
17602
17603
17606
17607
17608
17610
17614
17616
17617
17620
17622
17623
17624
17625
17638
17640
17642
17643
17645
17646
17649
17650
17652
17653
17655
17656
17657
17659
17661
17662
17667
17671
17673
17674
17676
17677
17678
17682
17683
17684
17693
17696
17697
17699
17700
17701
17702
17708
17709
17712
17714
17718
17719
17721
17722
17723
17724
17728
17730
17733
17737
17738
17740
17741
17742
17743
17745
17747
17748
17754
17756
17758
17759
17760
17761
17762
17763
17764
17765
17767
17768
17771
17776
17779
17781
17782
17784
17786
17787
17789
17794
17795
17796
17799
17800
17803
17807
17809
17811
17812
17815
17818
17819
17820
17824
17829
17830
17831
17833
17834
17839
17852
17853
17854
17855
17856
17857
17860
17864
17865
17866
17867
17868
17869
17870
17872
17873
17877
17878
17881
17882
17885
17887
17888
17896
17898
17900
17902
17907
17908
17912
17915
17916
17917
17918
17919
17920
17921
17933
17936
17938
17940
17944
17945
17946
17951
17952
17955
17956
17957
17958
17970
17971
17973
17977
17978
17981
17983
17985
17987
17989
17992
17997
17998
17999
18000
18001
18002
18003
18004
18005
18006
18008
18009
18011
18014
18016
18017
18018
18020
18021
18022
18023
18024
18025
18030
18034
18035
18036
18038
18040
18043
18044
18046
18047
18051
18052
18053
18054
18055
18057
18065
18069
18071
18077
18079
18081
18082
18084
18085
18086
18089
18090
18091
18092
18093
18100
18101
18104
18105
18106
18107
18109
18112
18114
18117
18118
18120
18124
18126
18130
18131
18135
18136
18139
18140
18141
18146
18149
18153
18155
18156
18160
18164
18165
18166
18167
18168
18169
18170
18171
18172
18173
18175
18176
18177
18181
18182
18184
18188
18191
18192
18194
18195
18198
18200
18202
18203
18206
18207
18209
18211
18212
18214
18216
18221
18222
18223
18227
18231
18232
18233
18234
18235
18236
18239
18247
18252
18253
18258
18260
18261
18264
18267
18270
18271
18274
18279
18280
18284
18285
18287
18290
18292
18295
18296
18299
18300
18306
18307
18308
18309
18310
18311
18313
18319
18322
18326
18327
18328
18332
18335
18336
18340
18341
18342
18343
18346
18349
18351
18352
18353
18357
18361
18364
18369
18370
18373
18375
18376
18377
18378
18379
18380
18381
18383
18385
18388
18391
18392
18393
18399
18400
18402
18404
18409
18410
18411
18413
18414
18417
18418
18420
18422
18423
18425
18428
18430
18438
18450
18455
18456
18458
18459
18460
18465
18466
18468
18469
18475
18476
18479
18483
18484
18486
18501
18502
18503
18509
18510
18512
18513
18514
18515
18516
18519
18520
18522
18523
18524
18525
18526
18528
18532
18533
18534
18535
18538
18539
18541
18543
18544
18546
18549
18550
18551
18552
18553
18554
18555
18556
18559
18564
18566
18574
18576
18577
18583
18585
18586
18588
18594
18597
18606
18608
18611
18612
18615
18617
18618
18622
18626
18627
18630
18631
18639
18641
18642
18649
18651
18652
18653
18655
18656
18658
18661
18671
18674
18675
18676
18677
18680
18681
18682
18683
18685
18686
18687
18689
18695
18696
18697
18700
18701
18702
18704
18709
18710
18712
18716
18717
18721
18724
18725
18729
18730
18732
18734
18735
18738
18739
18740
18741
18743
18748
18751
18752
18757
18760
18761
18763
18766
18770
18778
18779
18781
18782
18783
18785
18788
18790
18791
18794
18795
18796
18801
18804
18805
18807
18810
18811
18813
18816
18818
18819
18820
18821
18822
18824
18828
18830
18833
18834
18837
18838
18839
18840
18842
18843
18844
18848
18851
18854
18855
18858
18862
18864
18865
18866
18868
18869
18871
18880
18885
18886
18890
18892
18894
18895
18897
18904
18905
18906
18908
18909
18910
18913
18916
18918
18919
18922
18923
18924
18925
18926
18927
18928
18929
18933
18936
18937
18941
18942
18943
18944
18945
18948
18950
18952
18953
18955
18957
18959
18961
18964
18966
18971
18973
18975
18977
18978
18980
18983
18984
18985
18986
18987
18988
18989
18992
18997
18998
19000
19002
19008
19011
19013
19014
19019
19020
19024
19025
19027
19032
19033
19038
19041
19043
19044
19047
19055
19056
19058
19062
19066
19070
19072
19074
19077
19080
19083
19086
19087
19088
19089
19095
19097
19100
19102
19104
19108
19110
19111
19113
19114
19116
19119
19123
19128
19129
19130
19133
19139
19142
19143
19145
19150
19152
19155
19156
19157
19159
19163
19170
19173
19174
19175
19177
19180
19181
19182
19183
19184
19186
19190
19192
19194
19195
19196
19197
19200
19201
19203
19204
19205
19207
19208
19211
19214
19221
19222
19226
19228
19231
19233
19234
19235
19237
19248
19249
19251
19252
19254
19257
19258
19260
19261
19264
19266
19268
19270
19272
19275
19278
19279
19285
19287
19290
19293
19301
19303
19304
19306
19307
19310
19315
19318
19320
19321
19325
19329
19331
19332
19333
19334
19335
19336
19337
19339
19349
19350
19351
19352
19353
19355
19361
19364
19367
19370
19371
19373
19375
19378
19382
19386
19388
19389
19391
19392
19393
19396
19397
19400
19401
19402
19405
19407
19409
19413
19420
19425
19427
19429
19434
19438
19439
19441
19446
19447
19455
19457
19458
19461
19463
19465
19468
19470
19478
19480
19481
19482
19483
19484
19489
19491
19492
19501
19503
19505
19509
19510
19511
19514
19515
19516
19518
19522
19524
19525
19528
19531
19536
19537
19538
19539
19541
19543
19549
19551
19556
19559
19561
19564
19565
19566
19567
19569
19570
19572
19573
19575
19576
19577
19579
19581
19584
19586
19588
19589
19590
19591
19592
19593
19597
19598
19603
19604
19605
19610
19612
19613
19618
19619
19620
19621
19623
19629
19630
19632
19633
19634
19636
19639
19641
19643
19645
19649
19650
19651
19652
19653
19654
19655
19659
19660
19661
19662
19667
19670
19671
19674
19675
19676
19677
19678
19680
19681
19686
19688
19689
19691
19697
19699
19703
19707
19708
19709
19710
19712
19717
19718
19720
19722
19724
19729
19731
19735
19739
19744
19745
19747
19748
19751
19752
19753
19754
19760
19763
19764
19767
19768
19778
19781
19787
19788
19789
19790
19793
19794
19797
19798
19804
19805
19808
19809
19810
19812
19814
19815
19816
19820
19823
19824
19826
19827
19829
19830
19831
19833
19834
19835
19840
19842
19843
19845
19846
19849
19852
19858
19860
19863
19865
19866
19868
19870
19873
19874
19877
19881
19883
19885
19886
19887
19889
19894
19900
19902
19903
19907
19909
19912
19913
19916
19922
19927
19932
19933
19938
19941
19942
19943
19945
19950
19953
19954
19957
19959
19964
19965
19966
19969
19974
19977
19978
19980
19981
19985
19986
19987
19988
19997
20000
20002
20003
20004
20006
20009
20010
20012
20017
20019
20021
20022
20025
20026
20028
20030
20032
20035
20040
20044
20045
20046
20047
20049
20050
20052
20053
20063
20064
20066
20068
20071
20073
20075
20077
20079
20086
20087
20089
20091
20093
20094
20095
20098
20100
20105
20110
20112
20113
20114
20116
20117
20121
20122
20123
20124
20127
20129
20132
20134
20135
20137
20139
20146
20149
20151
20152
20155
20156
20158
20163
20167
20168
20169
20170
20172
20173
20174
20178
20181
20182
20183
20189
20193
20195
20199
20206
20208
20209
20218
20226
20229
20230
20234
20235
20236
20237
20239
20243
20244
20254
20256
20259
20260
20265
20267
20269
20270
20273
20275
20276
20282
20283
20285
20286
20288
20295
20296
20300
20302
20306
20307
20308
20312
20314
20318
20321
20323
20324
20325
20327
20328
20330
20335
20337
20338
20341
20342
20344
20346
20348
20349
20352
20356
20357
20358
20359
20361
20362
20367
20368
20372
20374
20375
20377
20382
20385
20387
20389
20390
20391
20392
20394
20396
20397
20400
20404
20407
20409
20412
20413
20414
20417
20418
20420
20427
20428
20434
20439
20441
20442
20444
20447
20448
20453
20454
20457
20459
20465
20466
20468
20469
20470
20471
20472
20473
20475
20476
20480
20482
20483
20484
20485
20488
20489
20491
20495
20496
20498
20500
20501
20502
20503
20505
20506
20507
20509
20511
20512
20513
20515
20516
20518
20522
20533
20534
20536
20537
20539
20541
20543
20544
20546
20547
20549
20550
20552
20554
20555
20558
20559
20564
20567
20568
20569
20570
20572
20575
20580
20588
20589
20590
20591
20592
20593
20594
20597
20600
20601
20604
20611
20612
20614
20617
20618
20619
20621
20622
20624
20626
20629
20630
20631
20633
20635
20636
20640
20641
20645
20646
20647
20648
20653
20654
20655
20656
20657
20659
20663
20664
20668
20671
20674
20676
20678
20680
20682
20683
20684
20687
20688
20689
20691
20692
20701
20703
20711
20722
20723
20724
20727
20728
20730
20732
20733
20734
20735
20738
20740
20743
20747
20749
20750
20751
20752
20754
20755
20757
20758
20759
20761
20764
20771
20773
20775
20784
20785
20791
20792
20793
20798
20802
20804
20805
20807
20808
20810
20814
20815
20818
20819
20822
20825
20826
20827
20828
20834
20836
20837
20840
20843
20852
20856
20857
20858
20861
20863
20864
20865
20866
20868
20869
20871
20874
20877
20879
20882
20884
20886
20887
20890
20895
20897
20901
20908
20911
20918
20923
20924
20929
20932
20933
20934
20936
20937
20938
20942
20943
20945
20950
20952
20960
20961
20967
20969
20970
20971
20972
20973
20976
20978
20981
20983
20986
20987
20990
20993
21000
21003
21004
21006
21010
21013
21014
21015
21016
21018
21019
21023
21024
21025
21030
21033
21035
21037
21038
21041
21044
21048
21050
21051
21052
21054
21059
21061
21066
21068
21076
21077
21078
21079
21080
21081
21088
21090
21091
21094
21095
21097
21100
21101
21103
21105
21106
21110
21111
21113
21114
21116
21118
21120
21123
21124
21126
21134
21136
21138
21139
21140
21143
21146
21149
21161
21163
21165
21166
21167
21172
21173
21174
21177
21178
21181
21185
21186
21189
21192
21195
21196
21197
21199
21200
21202
21205
21207
21209
21210
21213
21214
21216
21217
21218
21219
21220
21221
21226
21227
21233
21236
21237
21239
21241
21244
21245
21250
21252
21253
21254
21257
21258
21259
21260
21261
21262
21263
21268
21269
21272
21273
21276
21278
21279
21284
21285
21292
21294
21299
21301
21306
21307
21310
21312
21321
21322
21323
21326
21328
21329
21332
21333
21338
21341
21342
21343
21345
21348
21349
21352
21354
21360
21362
21363
21365
21370
21371
21373
21377
21384
21387
21388
21391
21394
21397
21399
21400
21402
21405
21410
21414
21415
21419
21420
21425
21426
21427
21429
21430
21432
21433
21434
21435
21442
21450
21451
21453
21454
21455
21460
21461
21463
21464
21469
21470
21473
21474
21475
21478
21479
21481
21482
21485
21487
21495
21497
21500
21501
21503
21504
21506
21511
21513
21516
21517
21525
21530
21531
21532
21535
21538
21539
21548
21549
21551
21556
21557
21559
21560
21561
21562
21563
21564
21565
21566
21567
21568
21569
21571
21572
21573
21574
21576
21578
21579
21580
21582
21586
21589
21592
21595
21597
21600
21602
21603
21604
21605
21606
21610
21611
21612
21614
21615
21616
21618
21619
21621
21624
21627
21629
21633
21634
21637
21640
21642
21645
21647
21649
21650
21652
21658
21660
21665
21671
21674
21677
21680
21681
21682
21684
21685
21692
21694
21696
21697
21699
21700
21701
21702
21707
21708
21709
21711
21713
21716
21718
21719
21724
21726
21730
21733
21736
21738
21739
21745
21746
21748
21753
21755
21757
21758
21761
21764
21765
21769
21772
21773
21775
21777
21778
21779
21780
21784
21790
21793
21795
21798
21804
21805
21807
21808
21814
21815
21825
21828
21831
21833
21835
21840
21841
21844
21845
21846
21847
21849
21850
21851
21852
21853
21855
21860
21861
21863
21864
21867
21868
21869
21872
21873
21874
21876
21877
21878
21880
21884
21893
21897
21899
21900
21901
21902
21903
21905
21908
21910
21911
21913
21915
21916
21921
21924
21927
21928
21934
21935
21936
21940
21941
21962
21964
21965
21966
21971
21972
21975
21979
21986
21987
21988
21990
21992
21995
21998
22000
22003
22005
22006
22007
22011
22013
22014
22017
22019
22020
22021
22027
22028
22030
22031
22032
22033
22034
22036
22038
22041
22044
22045
22048
22054
22055
22057
22060
22062
22063
22066
22067
22068
22070
22071
22081
22090
22093
22098
22102
22103
22106
22108
22109
22110
22112
22113
22114
22116
22120
22121
22127
22128
22131
22134
22135
22136
22137
22138
22141
22142
22144
22145
22149
22150
22151
22152
22153
22156
22157
22158
22163
22165
22166
22169
22172
22175
22176
22179
22180
22181
22183
22184
22185
22188
22190
22194
22200
22203
22205
22206
22207
22212
22217
22219
22222
22224
22230
22231
22232
22235
22236
22241
22242
22244
22247
22250
22253
22254
22255
22256
22257
22258
22260
22263
22265
22266
22267
22270
22271
22272
22273
22275
22281
22283
22284
22285
22290
22291
22294
22295
22301
22303
22305
22307
22311
22312
22313
22316
22318
22319
22324
22325
22326
22327
22329
22330
22332
22334
22338
22339
22341
22345
22348
22349
22350
22351
22355
22357
22358
22360
22367
22371
22372
22373
22380
22381
22382
22384
22386
22397
22399
22401
22405
22411
22415
22416
22418
22419
22424
22433
22435
22436
22437
22439
22440
22441
22443
22444
22445
22446
22447
22449
22450
22451
22455
22456
22461
22465
22467
22468
22469
22470
22477
22480
22481
22484
22491
22493
22502
22505
22506
22509
22511
22512
22513
22514
22515
22516
22520
22521
22523
22527
22528
22530
22531
22532
22536
22542
22546
22552
22558
22562
22564
22567
22569
22570
22572
22575
22576
22577
22578
22579
22580
22586
22587
22589
22591
22594
22597
22598
22602
22607
22617
22618
22621
22622
22624
22627
22629
22630
22631
22634
22637
22643
22649
22651
22656
22660
22664
22666
22668
22670
22672
22676
22677
22679
22680
22684
22686
22687
22692
22693
22696
22703
22705
22707
22709
22713
22715
22718
22722
22728
22729
22730
22732
22733
22737
22738
22739
22741
22743
22744
22746
22748
22749
22750
22755
22756
22757
22758
22759
22761
22763
22764
22768
22769
22770
22773
22774
22778
22781
22783
22784
22788
22789
22792
22793
22801
22803
22805
22806
22807
22811
22812
22814
22815
22819
22824
22825
22827
22828
22829
22831
22838
22839
22841
22843
22845
22846
22847
22857
22858
22860
22863
22866
22868
22869
22873
22875
22876
22877
22879
22882
22883
22885
22887
22889
22890
22894
22898
22900
22902
22903
22905
22906
22910
22915
22916
22917
22924
22925
22926
22927
22928
22929
22931
22933
22941
22943
22947
22948
22950
22951
22952
22954
22956
22961
22967
22968
22977
22980
22981
22982
22983
22986
22987
22991
22992
22995
22998
23001
23002
23003
23007
23008
23011
23014
23016
23017
23018
23021
23022
23024
23027
23031
23032
23033
23034
23036
23040
23041
23044
23045
23046
23047
23059
23061
23064
23065
23070
23074
23075
23082
23086
23088
23092
23093
23095
23098
23102
23104
23105
23107
23113
23116
23118
23120
23129
23134
23135
23142
23143
23144
23146
23148
23150
23152
23155
23156
23157
23158
23159
23163
23164
23171
23173
23174
23178
23180
23181
23184
23185
23191
23194
23197
23200
23201
23210
23211
23212
23213
23214
23218
23221
23225
23233
23235
23240
23241
23246
23249
23251
23252
23254
23259
23261
23265
23267
23268
23271
23273
23274
23277
23280
23283
23285
23287
23288
23294
23295
23297
23299
23302
23304
23309
23310
23311
23314
23317
23318
23319
23322
23323
23324
23325
23326
23329
23330
23331
23332
23335
23342
23343
23344
23352
23353
23359
23362
23364
23371
23372
23373
23377
23383
23384
23385
23387
23389
23394
23396
23397
23398
23401
23402
23408
23409
23410
23412
23414
23415
23417
23418
23422
23424
23425
23428
23431
23434
23435
23437
23439
23443
23445
23448
23449
23451
23454
23456
23461
23462
23463
23464
23470
23472
23474
23475
23478
23480
23488
23493
23495
23496
23497
23500
23507
23508
23513
23516
23521
23522
23524
23526
23527
23531
23532
23533
23534
23535
23536
23537
23540
23543
23546
23548
23554
23555
23556
23557
23561
23564
23571
23572
23575
23578
23587
23590
23591
23597
23598
23600
23603
23606
23612
23614
23615
23617
23618
23619
23628
23633
23638
23641
23643
23644
23648
23657
23658
23662
23677
23679
23681
23683
23689
23693
23695
23697
23700
23703
23704
23705
23708
23709
23716
23718
23719
23723
23726
23731
23732
23735
23737
23738
23743
23748
23749
23753
23756
23758
23759
23764
23769
23771
23775
23776
23777
23779
23783
23786
23791
23793
23796
23799
23804
23805
23807
23809
23810
23812
23814
23818
23819
23823
23825
23826
23828
23832
23833
23834
23835
23836
23837
23838
23841
23842
23849
23851
23852
23853
23855
23856
23857
23859
23867
23868
23870
23873
23878
23879
23883
23884
23887
23890
23891
23893
23895
23897
23900
23903
23907
23908
23909
23912
23913
23914
23917
23918
23923
23925
23934
23935
23938
23941
23944
23946
23950
23951
23952
23953
23954
23956
23958
23959
23960
23961
23964
23967
23971
23975
23977
23978
23979
23982
23985
23986
23995
23999
24001
24003
24005
24007
24009
24016
24018
24021
24024
24027
24028
24037
24040
24041
24050
24051
24052
24054
24057
24062
24063
24064
24065
24073
24077
24078
24080
24081
24083
24084
24085
24090
24092
24094
24095
24096
24097
24098
24100
24101
24102
24105
24106
24112
24120
24121
24123
24124
24126
24131
24133
24138
24141
24142
24145
24147
24148
24151
24156
24159
24160
24163
24167
24169
24170
24173
24176
24177
24179
24183
24185
24186
24188
24189
24191
24197
24200
24204
24206
24207
24210
24211
24217
24218
24220
24222
24223
24224
24226
24228
24230
24231
24232
24233
24235
24237
24238
24241
24242
24243
24244
24245
24246
24247
24251
24254
24258
24261
24262
24264
24265
24269
24270
24271
24272
24276
24277
24285
24289
24290
24293
24296
24297
24298
24301
24303
24304
24305
24310
24311
24314
24315
24318
24321
24323
24324
24327
24329
24332
24333
24334
24339
24342
24343
24344
24346
24352
24358
24364
24366
24382
24383
24386
24390
24392
24393
24399
24402
24403
24405
24408
24412
24420
24425
24427
24435
24438
24439
24442
24443
24447
24451
24453
24459
24460
24461
24467
24468
24469
24470
24474
24477
24478
24481
24485
24486
24496
24499
24501
24504
24506
24507
24508
24509
24515
24520
24523
24526
24528
24529
24530
24534
24535
24540
24543
24544
24546
24547
24551
24552
24555
24556
24557
24559
24568
24570
24571
24572
24578
24580
24584
24590
24593
24595
24599
24600
24601
24603
24606
24608
24609
24614
24615
24617
24624
24625
24632
24634
24635
24638
24639
24643
24645
24647
24652
24655
24657
24659
24660
24666
24667
24668
24674
24675
24676
24679
24680
24684
24687
24690
24693
24700
24701
24706
24708
24712
24715
24716
24719
24724
24725
24726
24727
24728
24733
24737
24742
24744
24746
24747
24751
24755
24757
24759
24760
24762
24765
24772
24773
24775
24776
24778
24781
24782
24785
24787
24792
24795
24797
24801
24804
24810
24811
24814
24819
24824
24825
24827
24828
24830
24831
24834
24840
24848
24849
24850
24851
24852
24861
24863
24864
24865
24866
24868
24869
24870
24874
24876
24878
24880
24881
24882
24888
24894
24898
24900
24903
24907
24911
24917
24918
24919
24921
24922
24927
24929
24936
24938
24940
24942
24944
24951
24955
24956
24959
24963
24972
24974
24979
24981
24983
24985
24987
24988
24990
24991
24992
24993
24995
25003
25006
25009
25010
25017
25020
25022
25025
25026
25030
25033
25041
25044
25045
25050
25052
25053
25054
25057
25059
25060
25063
25064
25065
25067
25068
25072
25074
25075
25079
25080
25081
25082
25083
25084
25086
25088
25091
25095
25098
25099
25104
25105
25107
25108
25111
25112
25113
25117
25118
25124
25126
25128
25129
25130
25133
25137
25145
25146
25147
25148
25152
25153
25155
25157
25161
25162
25165
25168
25170
25171
25174
25177
25178
25181
25183
25186
25190
25194
25197
25199
25207
25208
25210
25211
25212
25213
25216
25217
25220
25222
25223
25224
25227
25228
25234
25241
25244
25245
25246
25247
25248
25250
25252
25253
25254
25256
25264
25265
25267
25269
25274
25277
25283
25284
25285
25286
25293
25296
25300
25301
25305
25307
25311
25312
25313
25314
25315
25316
25318
25320
25329
25331
25333
25334
25335
25336
25337
25340
25343
25344
25347
25353
25355
25356
25364
25367
25369
25383
25386
25387
25388
25389
25393
25396
25399
25402
25403
25407
25408
25410
25414
25417
25419
25423
25424
25427
25429
25432
25433
25434
25435
25438
25439
25445
25446
25456
25457
25459
25460
25464
25467
25471
25472
25474
25478
25479
25483
25489
25490
25493
25499
25500
25503
25504
25505
25506
25509
25515
25516
25522
25524
25530
25532
25535
25543
25546
25547
25549
25550
25552
25555
25557
25558
25559
25563
25565
25568
25570
25572
25573
25583
25584
25586
25588
25590
25591
25602
25604
25605
25613
25616
25619
25620
25621
25624
25625
25626
25628
25630
25633
25635
25638
25642
25643
25644
25645
25647
25652
25654
25662
25663
25665
25666
25668
25673
25674
25675
25676
25678
25680
25681
25682
25685
25686
25688
25689
25690
25691
25692
25693
25696
25698
25700
25704
25705
25709
25710
25711
25715
25718
25720
25721
25723
25725
25727
25728
25730
25736
25737
25738
25741
25742
25752
25756
25762
25763
25764
25770
25771
25773
25774
25777
25780
25790
25791
25794
25798
25801
25804
25806
25813
25816
25820
25821
25822
25823
25825
25826
25827
25829
25830
25831
25833
25835
25841
25844
25848
25851
25857
25860
25862
25863
25866
25869
25876
25880
25883
25888
25891
25894
25899
25902
25903
25905
25907
25910
25912
25913
25914
25918
25931
25932
25933
25934
25936
25941
25942
25944
25947
25950
25951
25953
25954
25959
25961
25965
25969
25971
25977
25984
25989
25992
25997
26000
26002
26003
26004
26008
26012
26016
26018
26019
26022
26023
26024
26025
26026
26030
26034
26035
26038
26042
26044
26045
26056
26062
26065
26066
26068
26071
26072
26079
26080
26081
26083
26084
26093
26102
26103
26104
26105
26107
26108
26111
26115
26117
26119
26122
26124
26126
26127
26129
26131
26133
26137
26138
26141
26144
26147
26152
26153
26155
26156
26157
26159
26162
26164
26167
26170
26173
26174
26178
26180
26183
26184
26188
26189
26190
26191
26200
26205
26206
26207
26209
26211
26214
26215
26221
26222
26224
26227
26228
26229
26241
26248
26252
26254
26255
26257
26258
26259
26260
26262
26267
26270
26273
26278
26283
26288
26292
26295
26297
26299
26308
26314
26315
26316
26317
26318
26320
26321
26324
26334
26335
26339
26340
26341
26343
26344
26345
26347
26348
26349
26350
26351
26355
26356
26357
26361
26362
26367
26369
26370
26373
26377
26380
26381
26383
26384
26386
26388
26398
26401
26404
26405
26407
26412
26418
26435
26437
26438
26442
26443
26453
26463
26472
26477
26482
26483
26486
26487
26492
26493
26495
26497
26499
26500
26502
26503
26512
26515
26516
26517
26519
26521
26524
26527
26532
26540
26542
26543
26547
26548
26552
26553
26554
26555
26556
26557
26558
26559
26561
26564
26565
26568
26569
26570
26573
26579
26581
26583
26588
26590
26591
26592
26596
26597
26599
26604
26605
26606
26613
26616
26617
26619
26621
26622
26633
26637
26640
26642
26644
26646
26648
26652
26653
26655
26656
26657
26661
26664
26670
26672
26677
26678
26679
26680
26681
26684
26685
26689
26703
26704
26706
26709
26710
26713
26714
26719
26729
26731
26732
26738
26739
26741
26743
26748
26750
26756
26758
26760
26761
26763
26770
26774
26781
26782
26785
26786
26790
26796
26801
26802
26805
26808
26812
26816
26817
26820
26824
26832
26834
26837
26842
26843
26846
26849
26850
26857
26860
26863
26865
26870
26873
26877
26880
26881
26883
26884
26885
26888
26889
26892
26894
26895
26899
26900
26903
26905
26907
26912
26913
26915
26921
26922
26923
26924
26925
26930
26931
26933
26946
26948
26950
26952
26953
26957
26959
26960
26963
26964
26970
26972
26975
26982
26984
26988
26990
26994
26996
26998
27003
27005
27008
27011
27012
27016
27022
27028
27034
27041
27043
27044
27047
27049
27050
27051
27054
27056
27057
27059
27068
27069
27083
27084
27085
27086
27089
27094
27101
27102
27104
27108
27110
27116
27119
27121
27122
27124
27127
27130
27132
27133
27140
27144
27148
27155
27159
27167
27168
27173
27179
27182
27184
27186
27188
27189
27190
27193
27194
27196
27202
27203
27204
27205
27210
27213
27217
27218
27222
27224
27225
27226
27227
27228
27230
27232
27237
27238
27239
27242
27245
27246
27247
27248
27253
27264
27265
27268
27280
27282
27284
27285
27287
27293
27295
27298
27310
27315
27317
27320
27323
27324
27325
27327
27330
27333
27335
27344
27345
27350
27351
27355
27360
27367
27368
27370
27373
27375
27376
27377
27379
27380
27382
27384
27387
27390
27392
27393
27396
27400
27401
27406
27409
27413
27415
27418
27419
27420
27421
27423
27424
27425
27427
27428
27429
27437
27443
27445
27446
27449
27453
27457
27465
27467
27469
27470
27475
27477
27478
27479
27482
27484
27488
27494
27502
27510
27513
27515
27517
27518
27522
27525
27526
27530
27535
27536
27541
27545
27551
27554
27557
27558
27560
27565
27566
27567
27568
27571
27572
27580
27581
27582
27583
27585
27586
27587
27588
27591
27594
27597
27602
27603
27604
27605
27606
27609
27610
27614
27615
27618
27622
27623
27628
27629
27631
27632
27639
27641
27642
27647
27653
27654
27656
27661
27662
27666
27668
27670
27672
27673
27686
27690
27692
27695
27699
27700
27704
27705
27706
27710
27712
27713
27714
27716
27718
27724
27727
27731
27733
27734
27736
27738
27739
27743
27747
27751
27756
27757
27758
27760
27763
27766
27770
27771
27775
27776
27777
27779
27780
27781
27782
27785
27786
27789
27790
27791
27794
27795
27796
27798
27801
27802
27803
27811
27815
27817
27819
27820
27829
27833
27834
27837
27840
27841
27843
27853
27857
27859
27862
27864
27865
27867
27868
27869
27872
27879
27884
27886
27888
27890
27891
27894
27896
27898
27900
27904
27906
27910
27914
27917
27920
27921
27922
27923
27924
27925
27928
27929
27930
27933
27934
27949
27950
27951
27958
27960
27962
27969
27971
27974
27976
27980
27984
27988
27989
27995
27996
27997
28000
28013
28014
28024
28025
28028
28029
28041
28042
28043
28048
28049
28051
28055
28058
28060
28062
28068
28072
28073
28074
28075
28079
28080
28081
28089
28092
28093
28094
28097
28098
28103
28105
28109
28110
28115
28121
28125
28128
28130
28133
28137
28149
28150
28151
28158
28164
28170
28177
28179
28181
28182
28183
28184
28185
28186
28188
28191
28193
28194
28197
28200
28206
28211
28215
28218
28222
28223
28225
28230
28233
28235
28237
28238
28240
28241
28244
28253
28254
28255
28260
28261
28262
28263
28266
28267
28274
28275
28282
28285
28286
28288
28293
28296
28297
28299
28301
28302
28305
28314
28315
28320
28321
28328
28335
28336
28339
28340
28341
28342
28344
28348
28350
28359
28365
28370
28372
28377
28378
28391
28392
28393
28395
28396
28401
28402
28404
28405
28408
28409
28412
28413
28414
28418
28423
28425
28428
28430
28431
28441
28442
28446
28450
28455
28457
28459
28461
28465
28466
28468
28471
28472
28475
28476
28479
28485
28486
28488
28493
28495
28496
28499
28504
28508
28510
28513
28514
28517
28518
28522
28523
28524
28527
28530
28534
28537
28538
28545
28547
28556
28560
28562
28565
28569
28571
28573
28587
28588
28592
28593
28597
28603
28605
28606
28608
28610
28616
28617
28621
28622
28628
28629
28631
28632
28635
28638
28639
28645
28647
28648
28649
28662
28663
28664
28665
28666
28677
28685
28689
28693
28701
28705
28706
28707
28708
28710
28714
28715
28722
28723
28726
28727
28729
28730
28731
28735
28738
28739
28740
28741
28742
28746
28748
28750
28756
28759
28763
28767
28771
28772
28775
28778
28782
28790
28797
28802
28803
28804
28808
28809
28811
28812
28819
28821
28825
28830
28833
28837
28839
28840
28845
28849
28851
28853
28854
28855
28856
28862
28864
28872
28876
28885
28887
28889
28894
28895
28896
28898
28900
28903
28907
28909
28915
28916
28921
28923
28924
28926
28928
28931
28934
28942
28943
28945
28947
28950
28953
28957
28958
28962
28964
28973
28979
28980
28981
28983
28984
28986
28999
29006
29009
29010
29012
29013
29014
29015
29016
29017
29021
29023
29026
29029
29030
29031
29039
29043
29044
29048
29049
29051
29052
29058
29060
29062
29064
29068
29073
29078
29085
29089
29090
29091
29094
29095
29096
29097
29100
29101
29109
29113
29114
29116
29117
29118
29120
29126
29133
29137
29147
29149
29155
29157
29166
29169
29172
29174
29177
29180
29183
29188
29190
29192
29193
29197
29202
29203
29206
29208
29211
29213
29215
29216
29220
29222
29223
29225
29226
29233
29234
29237
29242
29246
29249
29253
29254
29256
29261
29263
29269
29270
29279
29280
29283
29284
29287
29292
29296
29298
29300
29303
29306
29310
29313
29317
29318
29319
29321
29326
29327
29328
29330
29331
29335
29346
29350
29355
29357
29359
29364
29365
29369
29371
29380
29381
29382
29384
29387
29396
29402
29404
29408
29413
29414
29422
29425
29426
29428
29436
29438
29440
29442
29448
29449
29454
29456
29457
29458
29462
29465
29467
29468
29472
29478
29479
29492
29493
29495
29500
29502
29505
29506
29512
29517
29518
29521
29531
29535
29536
29540
29541
29545
29550
29551
29552
29554
29557
29561
29562
29564
29566
29567
29569
29571
29577
29581
29582
29586
29587
29588
29591
29594
29595
29596
29597
29600
29606
29609
29615
29616
29617
29618
29619
29622
29623
29624
29625
29629
29635
29636
29638
29642
29643
29647
29648
29650
29655
29657
29658
29663
29667
29672
29674
29686
29689
29690
29691
29695
29696
29697
29701
29707
29709
29712
29715
29723
29727
29729
29730
29736
29737
29738
29740
29743
29746
29748
29749
29752
29754
29755
29761
29762
29763
29765
29768
29769
29772
29778
29780
29783
29786
29787
29794
29797
29804
29806
29809
29812
29815
29816
29833
29835
29841
29844
29845
29853
29859
29865
29866
29867
29868
29872
29877
29880
29883
29885
29888
29890
29892
29895
29900
29903
29910
29913
29918
29924
29925
29930
29932
29933
29941
29942
29945
29951
29955
29958
29959
29968
29971
29976
29977
29983
29986
29991
29993
29997
30000
30002
30003
30009
30016
30018
30021
30022
30023
30027
30029
30032
30035
30039
30040
30043
30044
30047
30051
30053
30054
30056
30057
30064
30067
30069
30076
30077
30081
30084
30087
30088
30090
30091
30096
30097
30098
30101
30108
30116
30119
30120
30125
30135
30138
30140
30141
30142
30143
30145
30147
30148
30152
30153
30162
30165
30171
30172
30174
30176
30177
30181
30182
30183
30184
30192
30195
30198
30200
30205
30208
30209
30211
30212
30214
30215
30218
30219
30224
30226
30230
30234
30237
30239
30240
30245
30246
30249
30255
30260
30262
30264
30265
30268
30269
30270
30271
30276
30278
30285
30286
30289
30290
30293
30294
30296
30299
30303
30305
30308
30310
30317
30322
30324
30326
30332
30337
30339
30343
30344
30363
30364
30367
30368
30371
30373
30376
30385
30390
30391
30394
30406
30411
30416
30422
30425
30439
30441
30454
30456
30458
30460
30461
30462
30463
30470
30474
30484
30487
30490
30492
30494
30496
30498
30499
30503
30506
30508
30513
30515
30516
30518
30519
30520
30521
30524
30527
30539
30546
30551
30557
30558
30559
30563
30565
30566
30573
30576
30587
30591
30593
30596
30600
30603
30605
30620
30637
30644
30646
30647
30648
30649
30652
30653
30662
30663
30666
30667
30672
30676
30678
30683
30686
30687
30688
30689
30692
30693
30694
30697
30704
30705
30710
30712
30713
30718
30722
30725
30730
30731
30733
30735
30736
30738
30741
30743
30744
30745
30746
30749
30750
30752
30753
30755
30758
30760
30764
30770
30777
30778
30780
30784
30794
30795
30797
30798
30799
30800
30803
30805
30807
30808
30809
30810
30814
30819
30820
30821
30823
30824
30835
30840
30854
30855
30857
30861
30863
30865
30869
30871
30875
30878
30879
30882
30887
30888
30894
30898
30899
30900
30907
30908
30917
30918
30925
30928
30931
30933
30938
30940
30941
30945
30956
30970
30972
30973
30982
30996
31000
31003
31005
31008
31009
31010
31011
31012
31013
31023
31025
31028
31029
31032
31036
31037
31038
31039
31049
31051
31058
31061
31063
31074
31077
31084
31085
31086
31088
31091
31092
31093
31097
31101
31103
31104
31105
31112
31114
31118
31120
31127
31128
31130
31132
31136
31138
31143
31144
31148
31151
31153
31154
31158
31162
31166
31169
31173
31179
31183
31184
31189
31190
31192
31193
31199
31205
31209
31211
31218
31219
31220
31228
31230
31232
31233
31234
31238
31239
31242
31243
31248
31250
31251
31254
31255
31256
31263
31265
31267
31268
31270
31271
31273
31275
31276
31281
31285
31287
31288
31289
31291
31293
31294
31301
31304
31306
31314
31315
31317
31320
31324
31337
31338
31341
31343
31345
31349
31355
31358
31363
31367
31371
31377
31379
31387
31391
31392
31398
31404
31407
31410
31413
31415
31419
31423
31428
31429
31430
31436
31437
31441
31443
31445
31451
31454
31456
31457
31459
31464
31467
31481
31484
31488
31492
31498
31499
31502
31503
31510
31511
31516
31517
31519
31521
31525
31528
31541
31542
31544
31547
31548
31552
31554
31555
31556
31558
31559
31566
31567
31571
31576
31577
31579
31588
31589
31590
31591
31600
31602
31611
31616
31617
31621
31626
31627
31629
31636
31637
31639
31643
31644
31649
31650
31654
31658
31659
31661
31665
31667
31670
31672
31678
31681
31685
31686
31688
31692
31699
31702
31705
31710
31712
31713
31714
31727
31728
31732
31733
31735
31752
31754
31758
31760
31762
31764
31765
31766
31769
31770
31773
31776
31778
31786
31788
31789
31798
31800
31802
31806
31813
31820
31824
31826
31829
31838
31847
31850
31852
31855
31858
31859
31860
31870
31872
31874
31877
31883
31884
31886
31887
31888
31891
31895
31896
31897
31906
31907
31915
31918
31921
31923
31925
31926
31927
31928
31930
31931
31932
31937
31938
31940
31941
31946
31949
31950
31954
31956
31957
31959
31961
31966
31969
31972
31973
31975
31980
31984
31988
31989
31990
31995
31997
32001
32002
32008
32009
32010
32011
32021
32027
32029
32039
32049
32052
32057
32063
32073
32082
32083
32100
32104
32107
32110
32112
32116
32122
32127
32130
32132
32141
32142
32147
32148
32149
32156
32157
32158
32159
32160
32168
32169
32170
32180
32184
32191
32192
32194
32195
32202
32218
32224
32227
32228
32231
32232
32233
32234
32237
32241
32247
32251
32254
32260
32261
32263
32272
32286
32288
32290
32292
32294
32298
32300
32303
32306
32308
32314
32317
32321
32322
32323
32327
32328
32330
32331
32332
32335
32343
32345
32354
32359
32362
32364
32365
32370
32379
32387
32389
32391
32395
32396
32411
32412
32417
32418
32424
32427
32429
32430
32439
32447
32449
32450
32451
32454
32457
32460
32465
32469
32471
32472
32473
32475
32479
32480
32483
32488
32503
32505
32508
32516
32521
32524
32525
32530
32537
32544
32545
32554
32557
32561
32562
32563
32570
32572
32579
32582
32590
32591
32595
32596
32597
32598
32603
32605
32607
32613
32615
32617
32623
32625
32627
32633
32635
32636
32645
32647
32651
32653
32655
32661
32663
32668
32671
32675
32678
32679
32680
32683
32689
32691
32692
32693
32695
32699
32709
32710
32714
32717
32719
32725
32726
32728
32740
32745
32749
32751
32755
32756
32758
32760
32766
32767
32769
32770
32771
32772
32773
32774
32779
32783
32789
32790
32791
32795
32801
32804
32809
32814
32815
32816
32817
32819
32820
32822
32825
32827
32830
32832
32838
32843
32845
32846
32848
32850
32853
32861
32866
32873
32878
32879
32881
32889
32892
32894
32897
32899
32904
32907
32912
32916
32917
32918
32921
32922
32923
32925
32930
32936
32943
32944
32945
32946
32953
32956
32961
32963
32965
32967
32969
32974
32975
32979
32991
32994
33007
33017
33025
33027
33028
33030
33032
33038
33040
33044
33045
33051
33055
33056
33059
33060
33062
33075
33088
33093
33094
33095
33098
33105
33107
33108
33110
33113
33115
33116
33117
33120
33123
33127
33129
33133
33142
33153
33155
33157
33159
33160
33164
33167
33170
33173
33182
33183
33188
33190
33192
33198
33208
33214
33216
33218
33224
33226
33230
33232
33233
33237
33238
33239
33241
33254
33256
33259
33260
33261
33263
33265
33267
33269
33270
33272
33273
33275
33279
33283
33284
33286
33287
33289
33293
33295
33298
33300
33302
33303
33311
33312
33313
33318
33319
33331
33333
33337
33340
33341
33343
33346
33350
33351
33355
33357
33358
33363
33365
33367
33370
33371
33389
33390
33392
33398
33400
33413
33414
33416
33421
33431
33433
33441
33445
33446
33447
33451
33464
33466
33472
33479
33488
33501
33504
33508
33509
33513
33514
33517
33519
33522
33528
33530
33537
33539
33542
33544
33554
33556
33558
33565
33569
33571
33579
33582
33586
33587
33590
33591
33593
33597
33601
33607
33609
33617
33621
33623
33627
33630
33631
33632
33633
33634
33635
33640
33648
33649
33652
33653
33654
33655
33660
33662
33664
33667
33671
33673
33675
33680
33684
33686
33687
33691
33692
33696
33700
33702
33704
33706
33707
33711
33713
33714
33715
33717
33718
33720
33724
33725
33726
33733
33735
33737
33740
33741
33742
33744
33750
33752
33756
33761
33762
33763
33765
33767
33768
33776
33777
33779
33780
33781
33782
33785
33789
33791
33793
33795
33799
33800
33802
33805
33807
33812
33814
33829
33832
33840
33845
33848
33850
33852
33853
33862
33869
33872
33875
33877
33880
33887
33889
33898
33899
33900
33901
33902
33904
33905
33911
33915
33917
33924
33925
33926
33931
33932
33934
33939
33942
33944
33946
33948
33950
33955
33959
33960
33961
33963
33964
33965
33970
33971
33972
33973
33974
33993
33995
34001
34005
34006
34008
34016
34019
34021
34029
34030
34032
34033
34034
34044
34045
34047
34051
34056
34057
34059
34062
34065
34067
34080
34082
34085
34086
34088
34093
34094
34098
34099
34101
34104
34105
34112
34124
34125
34126
34130
34131
34134
34141
34142
34144
34145
34150
34157
34163
34165
34167
34169
34171
34176
34177
34180
34181
34182
34184
34192
34203
34209
34210
34215
34217
34218
34222
34237
34238
34243
34250
34254
34261
34267
34268
34271
34273
34276
34278
34281
34282
34283
34284
34288
34290
34291
34294
34295
34300
34303
34305
34306
34310
34318
34319
34322
34323
34325
34327
34329
34330
34346
34349
34351
34356
34358
34362
34367
34368
34373
34377
34383
34386
34393
34397
34398
34400
34404
34407
34408
34410
34414
34418
34419
34432
34438
34439
34445
34457
34459
34462
34463
34467
34468
34475
34491
34492
34493
34495
34500
34507
34509
34512
34513
34515
34516
34523
34524
34526
34532
34533
34534
34541
34543
34545
34552
34553
34555
34556
34557
34559
34563
34569
34575
34577
34579
34580
34584
34585
34586
34587
34594
34597
34600
34601
34604
34608
34611
34618
34624
34626
34630
34635
34636
34640
34642
34645
34653
34655
34667
34672
34680
34683
34684
34685
34700
34704
34706
34707
34708
34709
34712
34716
34719
34725
34727
34728
34731
34733
34736
34739
34742
34745
34746
34748
34750
34751
34752
34755
34762
34765
34766
34767
34768
34769
34773
34774
34778
34781
34786
34788
34790
34795
34802
34810
34818
34823
34825
34826
34831
34834
34836
34839
34842
34852
34854
34858
34859
34860
34867
34872
34873
34874
34877
34879
34880
34885
34898
34912
34915
34926
34927
34929
34930
34932
34934
34941
34942
34944
34946
34951
34952
34953
34956
34957
34966
34970
34971
34985
34987
34988
34993
34997
35000
35003
35006
35007
35008
35009
35011
35016
35022
35027
35035
35037
35040
35044
35047
35050
35052
35060
35061
35066
35072
35073
35076
35080
35081
35087
35091
35094
35096
35098
35103
35110
35114
35119
35120
35121
35123
35124
35125
35126
35133
35134
35140
35141
35142
35145
35147
35150
35155
35157
35164
35166
35169
35175
35177
35181
35184
35187
35188
35195
35198
35207
35209
35218
35221
35222
35223
35231
35232
35234
35235
35236
35238
35239
35248
35254
35255
35256
35257
35260
35267
35271
35272
35275
35276
35280
35282
35287
35288
35289
35299
35302
35306
35312
35313
35314
35321
35322
35323
35325
35326
35331
35344
35347
35348
35352
35355
35358
35365
35372
35374
35378
35380
35386
35394
35397
35400
35402
35409
35413
35414
35419
35422
35426
35430
35433
35434
35435
35450
35451
35452
35455
35456
35459
35463
35464
35465
35467
35468
35473
35479
35492
35493
35494
35497
35504
35516
35517
35529
35530
35531
35538
35539
35541
35542
35546
35548
35551
35562
35564
35566
35569
35571
35576
35577
35580
35584
35585
35590
35596
35602
35607
35617
35618
35627
35629
35636
35643
35648
35649
35652
35653
35654
35672
35675
35678
35680
35685
35693
35695
35697
35701
35704
35707
35710
35711
35713
35715
35716
35718
35719
35720
35721
35729
35732
35735
35742
35746
35747
35748
35754
35757
35758
35761
35768
35771
35776
35778
35781
35786
35788
35793
35795
35799
35800
35806
35809
35811
35815
35819
35821
35822
35824
35845
35846
35861
35864
35865
35874
35879
35880
35883
35885
35886
35887
35893
35900
35901
35904
35908
35912
35917
35919
35922
35923
35931
35932
35936
35937
35942
35943
35944
35948
35953
35957
35959
35960
35970
35971
35978
35980
35983
35984
35985
36001
36003
36004
36012
36015
36027
36034
36041
36048
36059
36065
36066
36071
36073
36074
36079
36081
36084
36087
36093
36098
36100
36110
36111
36115
36117
36119
36132
36134
36138
36139
36142
36150
36154
36156
36157
36162
36164
36171
36175
36176
36182
36186
36189
36190
36193
36194
36195
36196
36197
36199
36206
36213
36214
36218
36222
36227
36229
36234
36247
36249
36251
36254
36256
36257
36260
36267
36268
36279
36280
36283
36286
36287
36293
36295
36297
36312
36317
36319
36320
36325
36333
36334
36336
36344
36348
36349
36353
36354
36358
36364
36365
36366
36373
36375
36377
36381
36383
36385
36393
36397
36408
36412
36414
36415
36416
36418
36420
36422
36429
36432
36438
36443
36445
36446
36447
36449
36450
36459
36463
36464
36472
36478
36479
36481
36482
36487
36496
36497
36504
36506
36510
36514
36515
36522
36524
36527
36536
36543
36552
36557
36571
36584
36586
36587
36588
36589
36591
36593
36595
36597
36601
36602
36605
36609
36616
36618
36630
36631
36632
36633
36634
36635
36638
36639
36648
36650
36651
36654
36656
36662
36666
36670
36675
36676
36683
36688
36698
36699
36700
36703
36707
36710
36714
36722
36723
36725
36732
36733
36737
36740
36744
36748
36750
36751
36756
36760
36762
36764
36765
36766
36768
36769
36773
36774
36777
36781
36783
36793
36796
36799
36810
36814
36822
36827
36831
36832
36840
36846
36847
36850
36876
36878
36879
36882
36883
36884
36889
36890
36893
36901
36902
36903
36908
36917
36923
36924
36928
36931
36933
36939
36940
36943
36944
36946
36947
36948
36950
36952
36953
36962
36965
36974
36977
36980
36994
36999
37003
37008
37011
37019
37020
37027
37028
37029
37030
37037
37042
37046
37060
37063
37066
37069
37072
37073
37079
37080
37088
37093
37098
37099
37107
37114
37115
37116
37120
37121
37131
37138
37139
37140
37142
37147
37148
37153
37155
37157
37158
37160
37167
37168
37169
37170
37172
37183
37190
37191
37194
37200
37201
37202
37208
37218
37220
37230
37233
37235
37238
37249
37250
37254
37270
37276
37280
37281
37287
37292
37295
37296
37306
37308
37309
37310
37311
37332
37334
37336
37350
37356
37357
37358
37359
37361
37363
37369
37370
37372
37373
37376
37380
37384
37394
37398
37400
37416
37421
37427
37429
37431
37435
37437
37441
37442
37443
37447
37448
37456
37457
37460
37463
37465
37467
37470
37476
37481
37488
37490
37492
37493
37496
37511
37514
37523
37529
37531
37532
37537
37538
37539
37540
37543
37546
37551
37556
37564
37574
37575
37579
37588
37589
37590
37592
37593
37598
37605
37611
37613
37616
37617
37628
37630
37631
37633
37637
37638
37641
37643
37647
37651
37652
37653
37654
37660
37665
37667
37670
37679
37680
37685
37691
37693
37696
37699
37707
37710
37711
37715
37718
37725
37729
37731
37732
37734
37736
37737
37741
37743
37747
37753
37754
37759
37761
37768
37769
37774
37777
37779
37781
37782
37787
37792
37794
37798
37799
37806
37817
37819
37828
37829
37844
37845
37853
37860
37863
37865
37869
37876
37879
37885
37886
37889
37890
37893
37894
37908
37916
37929
37934
37939
37940
37943
37951
37958
37960
37963
37972
37978
37980
37983
37989
37990
37993
37995
37996
37998
38005
38008
38010
38012
38016
38035
38037
38043
38045
38046
38049
38050
38054
38056
38064
38067
38068
38073
38075
38076
38079
38083
38086
38093
38094
38097
38119
38127
38129
38134
38136
38139
38141
38145
38149
38151
38156
38160
38167
38170
38175
38176
38188
38193
38199
38200
38201
38205
38207
38210
38212
38217
38225
38226
38236
38243
38245
38247
38252
38256
38266
38273
38279
38285
38294
38301
38302
38311
38314
38315
38318
38321
38329
38333
38334
38335
38346
38350
38352
38361
38364
38365
38366
38369
38376
38385
38390
38394
38396
38400
38402
38406
38412
38417
38418
38420
38424
38425
38426
38429
38430
38442
38447
38449
38453
38458
38460
38461
38472
38474
38478
38479
38484
38488
38489
38491
38493
38495
38498
38500
38502
38503
38505
38508
38511
38523
38525
38532
38540
38545
38546
38552
38553
38556
38562
38566
38572
38574
38576
38580
38581
38585
38587
38589
38591
38592
38593
38603
38605
38606
38607
38611
38615
38619
38622
38625
38631
38632
38633
38637
38639
38641
38642
38643
38644
38645
38649
38652
38654
38660
38661
38663
38664
38667
38668
38678
38680
38692
38694
38696
38697
38699
38703
38706
38708
38710
38726
38729
38734
38738
38749
38750
38754
38755
38764
38766
38771
38783
38786
38788
38789
38795
38796
38798
38801
38804
38806
38818
38820
38823
38831
38841
38842
38846
38848
38849
38852
38854
38860
38862
38863
38865
38870
38873
38875
38878
38880
38886
38892
38906
38917
38920
38922
38930
38933
38942
38944
38959
38965
38969
38972
38973
38975
38980
38981
38982
38983
38985
38994
38995
38999
39000
39003
39005
39013
39017
39023
39025
39037
39043
39046
39047
39048
39049
39050
39051
39052
39054
39064
39067
39072
39081
39082
39087
39089
39091
39094
39099
39100
39101
39102
39105
39107
39108
39109
39111
39125
39129
39130
39134
39146
39147
39149
39163
39166
39167
39169
39180
39181
39182
39187
39188
39194
39195
39197
39198
39200
39202
39205
39206
39207
39209
39210
39212
39215
39219
39221
39223
39226
39230
39235
39242
39248
39250
39263
39267
39272
39275
39277
39279
39281
39283
39284
39287
39291
39294
39298
39309
39310
39318
39319
39322
39324
39328
39332
39334
39335
39340
39342
39347
39351
39352
39354
39355
39356
39358
39369
39384
39386
39387
39388
39390
39392
39395
39397
39405
39406
39407
39410
39417
39420
39422
39424
39434
39439
39440
39456
39467
39468
39470
39473
39475
39483
39490
39492
39495
39506
39507
39512
39516
39518
39524
39525
39527
39531
39538
39539
39542
39550
39551
39552
39554
39557
39565
39566
39567
39571
39577
39582
39587
39588
39595
39601
39604
39609
39610
39612
39616
39622
39640
39641
39644
39647
39650
39651
39659
39664
39665
39671
39673
39674
39675
39679
39680
39688
39689
39692
39698
39708
39712
39716
39717
39719
39721
39722
39726
39736
39737
39740
39741
39742
39743
39744
39751
39752
39755
39757
39758
39760
39766
39770
39771
39776
39778
39788
39789
39790
39792
39794
39800
39801
39802
39811
39813
39816
39820
39821
39830
39834
39836
39844
39846
39849
39850
39862
39866
39867
39875
39876
39880
39891
39892
39895
39898
39911
39912
39924
39930
39931
39943
39950
39951
39954
39959
39962
39963
39964
39972
39975
39983
39985
39993
39994
39998
39999
40001
40002
40007
40016
40019
40020
40021
40027
40028
40039
40040
40043
40055
40062
40064
40066
40071
40076
40078
40079
40084
40087
40088
40093
40094
40097
40098
40103
40105
40111
40116
40121
40125
40126
40129
40133
40136
40138
40140
40142
40143
40156
40161
40162
40167
40170
40176
40179
40181
40186
40195
40199
40209
40210
40212
40213
40223
40225
40231
40235
40236
40240
40249
40252
40260
40263
40267
40269
40270
40271
40278
40282
40284
40287
40288
40289
40290
40295
40304
40312
40313
40314
40322
40328
40329
40330
40335
40336
40337
40338
40339
40341
40345
40347
40352
40355
40358
40359
40365
40370
40377
40386
40390
40393
40398
40400
40408
40411
40419
40420
40424
40427
40437
40438
40439
40443
40447
40450
40457
40459
40460
40461
40462
40469
40473
40475
40476
40479
40485
40486
40503
40506
40512
40523
40526
40527
40528
40533
40541
40548
40551
40554
40557
40568
40569
40573
40575
40576
40579
40581
40589
40598
40601
40610
40612
40619
40621
40624
40625
40628
40630
40633
40638
40641
40642
40657
40660
40664
40680
40683
40689
40691
40693
40698
40699
40701
40707
40718
40722
40728
40729
40730
40748
40750
40751
40754
40759
40767
40769
40771
40775
40784
40786
40789
40790
40797
40799
40801
40803
40804
40806
40809
40815
40823
40825
40828
40832
40835
40838
40842
40846
40848
40849
40857
40860
40865
40883
40884
40889
40890
40893
40900
40904
40906
40909
40912
40914
40918
40920
40922
40924
40929
40933
40935
40939
40940
40946
40948
40949
40950
40951
40957
40958
40959
40960
40961
40969
40973
40976
40978
40979
40982
40984
40986
40988
40995
41000
41002
41005
41006
41009
41012
41014
41015
41017
41018
41019
41020
41023
41026
41027
41031
41032
41036
41040
41042
41046
41050
41051
41052
41054
41061
41063
41065
41069
41075
41078
41080
41085
41086
41088
41094
41095
41098
41103
41109
41114
41115
41117
41120
41122
41124
41135
41139
41149
41151
41152
41154
41155
41163
41173
41178
41179
41182
41184
41185
41196
41199
41213
41215
41217
41221
41222
41223
41224
41228
41235
41244
41245
41251
41257
41260
41268
41270
41275
41278
41287
41292
41302
41310
41316
41323
41324
41326
41327
41331
41332
41335
41339
41345
41347
41348
41349
41350
41352
41357
41372
41378
41382
41383
41385
41386
41397
41402
41403
41405
41409
41412
41416
41418
41419
41420
41422
41424
41425
41433
41437
41438
41439
41440
41441
41442
41445
41447
41451
41453
41454
41458
41468
41473
41475
41476
41477
41479
41480
41488
41490
41496
41497
41499
41502
41510
41512
41513
41514
41515
41526
41527
41528
41529
41531
41534
41535
41544
41547
41552
41553
41554
41557
41559
41560
41565
41569
41570
41575
41577
41587
41588
41602
41603
41606
41619
41621
41622
41634
41636
41641
41642
41643
41647
41648
41657
41662
41666
41668
41670
41677
41684
41685
41690
41696
41697
41705
41706
41711
41714
41715
41716
41717
41718
41720
41728
41732
41735
41737
41738
41743
41744
41747
41758
41760
41761
41763
41764
41770
41777
41778
41784
41787
41792
41796
41804
41808
41813
41824
41829
41831
41836
41846
41850
41860
41861
41874
41882
41888
41897
41902
41906
41912
41915
41920
41922
41927
41928
41930
41933
41936
41942
41944
41949
41952
41954
41955
41959
41960
41961
41962
41963
41971
41973
41975
41977
41982
41988
41989
41992
41999
42000
42001
42002
42012
42017
42018
42020
42026
42029
42032
42037
42038
42045
42051
42053
42055
42057
42064
42068
42073
42079
42080
42085
42092
42095
42099
42100
42101
42103
42104
42106
42108
42117
42119
42123
42125
42127
42132
42134
42140
42141
42146
42151
42158
42160
42161
42162
42166
42167
42169
42170
42172
42173
42177
42178
42181
42186
42197
42199
42200
42204
42205
42223
42228
42237
42238
42249
42254
42256
42264
42268
42269
42270
42275
42279
42281
42290
42291
42295
42296
42309
42318
42320
42328
42332
42339
42340
42349
42351
42353
42354
42355
42369
42370
42371
42375
42377
42382
42391
42393
42398
42402
42404
42406
42410
42412
42417
42418
42419
42423
42424
42427
42431
42437
42439
42440
42441
42446
42447
42448
42449
42451
42458
42465
42466
42467
42471
42474
42476
42477
42481
42487
42489
42491
42493
42495
42501
42502
42503
42525
42527
42529
42531
42532
42533
42535
42544
42545
42555
42556
42566
42571
42572
42581
42583
42584
42586
42594
42598
42600
42608
42613
42618
42629
42634
42636
42637
42642
42643
42644
42663
42664
42668
42669
42672
42678
42681
42694
42695
42696
42698
42700
42705
42707
42714
42722
42741
42753
42760
42764
42766
42771
42773
42780
42787
42789
42793
42798
42803
42804
42807
42810
42812
42815
42816
42817
42820
42821
42824
42831
42836
42837
42841
42845
42849
42873
42874
42875
42879
42881
42884
42889
42896
42898
42902
42903
42909
42910
42912
42913
42914
42918
42929
42930
42946
42948
42956
42959
42962
42965
42966
42967
42968
42969
42983
42988
42992
42994
42996
43001
43009
43015
43023
43027
43029
43032
43033
43038
43044
43054
43065
43066
43070
43072
43075
43078
43084
43087
43088
43089
43090
43095
43098
43101
43113
43117
43120
43132
43133
43135
43138
43141
43143
43148
43155
43157
43161
43164
43165
43166
43168
43173
43179
43181
43190
43195
43208
43216
43222
43224
43225
43226
43230
43232
43234
43235
43237
43240
43244
43245
43250
43251
43252
43258
43260
43269
43270
43274
43283
43284
43285
43297
43301
43303
43305
43309
43310
43311
43314
43318
43320
43327
43328
43329
43330
43335
43347
43353
43355
43361
43365
43374
43376
43380
43381
43386
43393
43397
43400
43402
43403
43405
43406
43408
43409
43413
43417
43421
43433
43449
43456
43459
43462
43463
43467
43468
43472
43475
43478
43483
43488
43494
43508
43509
43510
43513
43516
43518
43523
43539
43540
43544
43548
43549
43563
43565
43566
43569
43574
43575
43585
43593
43604
43605
43612
43617
43619
43629
43630
43638
43647
43649
43650
43655
43658
43664
43676
43679
43692
43695
43697
43702
43703
43715
43716
43725
43731
43736
43738
43739
43740
43741
43743
43748
43752
43757
43760
43761
43765
43774
43781
43782
43792
43795
43797
43801
43807
43808
43815
43818
43831
43834
43844
43848
43850
43853
43854
43855
43859
43864
43865
43867
43870
43873
43876
43877
43880
43885
43887
43890
43900
43902
43907
43908
43910
43919
43923
43924
43927
43935
43937
43944
43946
43948
43949
43953
43957
43959
43967
43977
43983
43990
43994
44005
44007
44009
44012
44020
44023
44025
44026
44027
44030
44042
44052
44053
44061
44068
44081
44086
44094
44095
44096
44098
44101
44102
44105
44107
44109
44114
44116
44123
44125
44126
44132
44133
44141
44142
44145
44149
44152
44153
44155
44169
44173
44175
44183
44192
44198
44199
44202
44208
44211
44212
44213
44218
44228
44232
44234
44239
44250
44254
44258
44264
44268
44271
44272
44277
44280
44295
44296
44303
44307
44314
44318
44319
44329
44330
44331
44334
44336
44338
44341
44349
44365
44369
44373
44375
44379
44384
44388
44389
44394
44396
44397
44399
44401
44403
44408
44411
44413
44417
44420
44428
44431
44435
44439
44446
44457
44458
44459
44460
44463
44465
44474
44480
44481
44491
44494
44497
44501
44504
44510
44511
44521
44523
44525
44529
44530
44532
44533
44541
44546
44550
44551
44555
44556
44557
44558
44564
44572
44575
44577
44579
44581
44583
44586
44587
44588
44597
44610
44616
44617
44618
44626
44637
44639
44642
44646
44655
44661
44662
44669
44671
44672
44675
44681
44683
44684
44685
44697
44716
44717
44723
44732
44734
44739
44749
44750
44752
44754
44759
44761
44769
44774
44777
44778
44780
44782
44783
44789
44790
44794
44796
44798
44799
44800
44801
44809
44811
44812
44816
44817
44818
44829
44832
44834
44839
44842
44859
44862
44864
44868
44872
44876
44877
44878
44880
44883
44885
44888
44889
44890
44892
44893
44896
44897
44900
44911
44916
44920
44922
44925
44926
44932
44934
44935
44946
44950
44961
44967
44968
44986
44996
45006
45009
45024
45025
45031
45035
45044
45048
45056
45061
45072
45073
45077
45083
45085
45092
45095
45096
45097
45101
45106
45107
45113
45115
45120
45129
45130
45138
45140
45145
45148
45149
45154
45156
45157
45160
45161
45164
45177
45191
45193
45204
45209
45212
45217
45222
45227
45229
45241
45247
45252
45254
45262
45263
45271
45276
45277
45279
45282
45291
45294
45296
45298
45299
45300
45305
45306
45319
45326
45328
45329
45332
45333
45338
45342
45344
45345
45347
45349
45361
45362
45366
45367
45369
45370
45371
45374
45381
45387
45391
45392
45393
45395
45396
45398
45402
45418
45421
45426
45427
45440
45441
45444
45446
45447
45453
45456
45462
45465
45466
45472
45473
45475
45477
45479
45485
45488
45492
45495
45507
45516
45520
45522
45525
45536
45538
45540
45543
45544
45553
45559
45561
45563
45565
45568
45569
45584
45594
45597
45605
45607
45608
45610
45611
45620
45624
45625
45628
45632
45636
45640
45643
45656
45659
45668
45674
45677
45687
45689
45690
45691
45693
45694
45697
45700
45702
45711
45712
45715
45719
45722
45726
45729
45731
45734
45740
45741
45742
45746
45749
45753
45754
45759
45767
45771
45774
45776
45783
45784
45785
45787
45793
45795
45807
45811
45823
45824
45830
45832
45836
45838
45841
45842
45843
45850
45852
45859
45863
45866
45867
45874
45877
45881
45887
45888
45893
45896
45899
45901
45907
45908
45909
45910
45911
45920
45924
45925
45928
45929
45930
45932
45933
45938
45942
45943
45949
45950
45957
45961
45962
45975
45977
45978
45982
45985
45986
45990
45991
45993
45995
45998
46001
46003
46007
46015
46017
46028
46031
46034
46040
46041
46048
46053
46058
46061
46064
46067
46076
46083
46086
46096
46106
46108
46109
46110
46112
46113
46116
46120
46124
46129
46133
46135
46137
46138
46139
46141
46142
46147
46158
46166
46170
46171
46174
46180
46188
46189
46193
46197
46203
46205
46210
46213
46247
46249
46250
46258
46261
46262
46271
46274
46276
46278
46279
46283
46284
46291
46298
46303
46306
46313
46317
46318
46322
46326
46333
46340
46343
46347
46348
46352
46361
46366
46369
46373
46377
46381
46386
46395
46397
46398
46399
46402
46403
46405
46422
46423
46426
46429
46431
46432
46437
46438
46442
46444
46453
46456
46457
46462
46463
46464
46468
46471
46472
46482
46483
46484
46485
46490
46492
46499
46517
46520
46522
46525
46529
46530
46540
46541
46544
46549
46552
46559
46565
46568
46569
46570
46571
46575
46577
46582
46583
46586
46587
46591
46598
46601
46604
46607
46617
46636
46651
46655
46657
46659
46663
46665
46668
46671
46672
46676
46693
46695
46701
46703
46705
46707
46714
46715
46719
46723
46727
46730
46736
46737
46744
46754
46755
46761
46767
46772
46773
46781
46783
46787
46791
46793
46800
46804
46806
46814
46819
46821
46841
46852
46865
46870
46871
46876
46877
46878
46880
46887
46889
46908
46910
46916
46917
46922
46923
46925
46927
46928
46930
46931
46936
46939
46940
46944
46951
46952
46956
46959
46974
46980
46984
46987
46990
46992
47004
47013
47020
47022
47029
47044
47045
47051
47054
47064
47068
47069
47076
47077
47078
47094
47095
47096
47100
47106
47108
47112
47115
47124
47126
47132
47137
47140
47145
47147
47149
47151
47160
47161
47163
47164
47179
47180
47183
47187
47188
47192
47193
47198
47201
47203
47204
47211
47215
47216
47219
47226
47232
47238
47239
47240
47241
47246
47248
47261
47272
47279
47281
47283
47286
47289
47290
47291
47302
47303
47305
47310
47321
47325
47326
47328
47337
47338
47339
47342
47344
47345
47353
47354
47364
47366
47367
47371
47372
47377
47383
47386
47387
47389
47391
47396
47410
47426
47437
47440
47444
47446
47457
47464
47477
47478
47483
47486
47488
47492
47493
47496
47501
47502
47505
47511
47514
47517
47520
47524
47526
47532
47534
47539
47550
47553
47555
47566
47573
47578
47585
47587
47588
47589
47595
47607
47612
47614
47617
47620
47622
47628
47638
47640
47643
47644
47646
47649
47650
47651
47652
47656
47661
47675
47676
47681
47688
47691
47692
47696
47699
47702
47705
47709
47712
47713
47720
47721
47722
47729
47731
47733
47737
47739
47740
47741
47743
47752
47754
47755
47756
47759
47771
47774
47775
47782
47784
47786
47794
47802
47807
47808
47821
47824
47825
47829
47840
47843
47848
47852
47855
47863
47864
47866
47869
47875
47876
47884
47885
47887
47894
47897
47903
47904
47906
47914
47927
47929
47930
47935
47937
47939
47940
47944
47953
47954
47957
47960
47962
47964
47973
47974
47977
47978
47983
47985
47989
47993
47996
47997
47999
48000
48002
48008
48013
48017
48018
48026
48030
48036
48038
48043
48055
48057
48064
48066
48070
48086
48092
48093
48097
48098
48103
48110
48113
48116
48133
48139
48140
48142
48145
48146
48147
48148
48150
48155
48162
48169
48172
48174
48180
48181
48184
48188
48190
48191
48193
48202
48203
48205
48206
48213
48214
48217
48219
48220
48225
48230
48231
48232
48233
48241
48247
48271
48273
48282
48286
48287
48298
48300
48308
48310
48311
48315
48317
48319
48320
48341
48349
48350
48351
48353
48360
48363
48364
48365
48366
48370
48372
48376
48384
48396
48397
48400
48401
48418
48421
48424
48427
48440
48441
48445
48446
48453
48455
48470
48473
48482
48483
48493
48503
48507
48509
48516
48518
48528
48549
48552
48553
48567
48569
48570
48574
48575
48582
48588
48594
48595
48596
48601
48603
48608
48611
48615
48624
48632
48633
48636
48637
48641
48644
48645
48652
48657
48659
48663
48666
48667
48671
48673
48684
48685
48689
48694
48704
48706
48707
48718
48726
48728
48730
48731
48740
48748
48753
48755
48757
48762
48782
48794
48804
48812
48820
48832
48843
48855
48860
48864
48868
48875
48881
48892
48895
48908
48919
48921
48922
48926
48928
48929
48930
48931
48932
48947
48952
48953
48955
48956
48957
48964
48965
48968
48971
48985
48994
48997
48998
49002
49011
49028
49034
49035
49040
49051
49054
49068
49069
49073
49074
49085
49092
49095
49096
49097
49098
49104
49106
49124
49125
49126
49133
49134
49135
49143
49146
49147
49155
49169
49172
49179
49187
49191
49192
49198
49206
49215
49219
49222
49231
49232
49236
49237
49239
49245
49248
49252
49256
49259
49261
49264
49265
49267
49272
49273
49274
49282
49283
49287
49289
49294
49296
49300
49314
49316
49322
49324
49325
49329
49334
49337
49339
49340
49344
49347
49356
49364
49375
49382
49388
49401
49406
49414
49416
49418
49419
49422
49426
49439
49449
49452
49457
49458
49464
49465
49471
49473
49477
49480
49485
49489
49500
49501
49507
49516
49517
49523
49533
49534
49536
49545
49546
49548
49549
49555
49558
49559
49564
49570
49572
49573
49575
49577
49585
49587
49591
49592
49595
49601
49616
49620
49621
49624
49625
49626
49629
49634
49644
49649
49653
49667
49669
49670
49672
49673
49682
49684
49691
49693
49694
49703
49708
49712
49713
49715
49718
49724
49731
49732
49738
49743
49751
49754
49756
49760
49765
49766
49767
49769
49773
49774
49777
49781
49784
49788
49796
49804
49811
49814
49817
49825
49826
49833
49835
49836
49837
49839
49840
49847
49852
49856
49860
49863
49866
49869
49875
49876
49882
49889
49891
49897
49901
49908
49918
49919
49921
49922
49923
49924
49927
49930
49932
49935
49936
49941
49942
49948
49953
49957
49961
49968
49975
49986
49991
50012
50025
50029
50042
50050
50054
50057
50060
50067
50069
50075
50079
50083
50084
50086
50098
50099
50100
50108
50110
50113
50116
50120
50122
50123
50128
50149
50151
50153
50164
50179
50187
50188
50191
50192
50196
50197
50199
50203
50209
50215
50217
50230
50231
50233
50239
50245
50247
50251
50252
50255
50263
50264
50271
50275
50291
50292
50297
50299
50311
50322
50324
50330
50331
50333
50338
50340
50341
50342
50345
50346
50348
50351
50355
50358
50371
50372
50373
50381
50394
50395
50398
50402
50405
50407
50410
50415
50433
50435
50438
50447
50453
50455
50457
50461
50465
50467
50468
50470
50471
50477
50479
50484
50492
50497
50500
50504
50509
50519
50520
50525
50526
50534
50539
50541
50543
50545
50547
50572
50594
50601
50606
50613
50615
50618
50630
50635
50640
50641
50643
50645
50651
50656
50657
50661
50666
50675
50680
50684
50693
50702
50703
50704
50705
50706
50707
50710
50713
50714
50716
50717
50718
50720
50724
50731
50732
50740
50744
50745
50751
50756
50763
50768
50776
50786
50788
50792
50794
50799
50802
50808
50844
50849
50850
50852
50853
50854
50864
50868
50872
50876
50877
50878
50879
50882
50885
50892
50904
50908
50909
50910
50921
50927
50932
50934
50947
50949
50955
50956
50958
50959
50960
50964
50968
50970
50974
50977
50983
50985
50987
50995
50996
50998
51000
51010
51011
51018
51021
51024
51041
51043
51046
51047
51049
51054
51057
51058
51060
51062
51064
51065
51067
51068
51070
51077
51079
51090
51102
51103
51104
51112
51116
51117
51119
51120
51122
51139
51141
51142
51149
51151
51159
51168
51171
51185
51187
51193
51199
51216
51219
51220
51223
51225
51227
51231
51241
51245
51246
51247
51253
51255
51266
51268
51269
51273
51274
51275
51278
51280
51285
51287
51288
51290
51293
51295
51297
51301
51302
51306
51308
51309
51315
51317
51319
51323
51326
51331
51334
51337
51342
51343
51352
51365
51376
51377
51379
51380
51385
51390
51397
51404
51407
51408
51416
51422
51426
51433
51436
51442
51451
51455
51467
51469
51481
51485
51487
51492
51495
51497
51501
51505
51511
51514
51515
51516
51519
51520
51523
51525
51529
51540
51541
51543
51555
51556
51569
51572
51581
51586
51587
51588
51589
51590
51594
51595
51596
51614
51617
51623
51625
51633
51634
51647
51648
51651
51666
51672
51674
51688
51694
51695
51700
51706
51716
51730
51733
51736
51739
51752
51756
51762
51770
51772
51774
51775
51779
51783
51785
51790
51791
51792
51793
51797
51819
51822
51834
51836
51837
51840
51842
51860
51866
51875
51876
51883
51885
51889
51891
51892
51893
51894
51899
51900
51902
51912
51913
51922
51923
51931
51932
51937
51948
51952
51953
51960
51965
51973
51976
51982
51987
51990
51992
51997
52000
52001
52003
52010
52011
52013
52014
52031
52032
52034
52035
52039
52041
52044
52046
52050
52051
52061
52063
52074
52082
52099
52102
52105
52112
52121
52123
52124
52134
52139
52141
52145
52146
52152
52154
52157
52166
52167
52172
52175
52183
52186
52187
52194
52195
52198
52199
52204
52211
52218
52223
52224
52225
52227
52240
52242
52244
52256
52261
52264
52273
52275
52276
52285
52287
52294
52297
52298
52300
52302
52304
52309
52314
52329
52338
52349
52350
52351
52354
52369
52371
52372
52373
52377
52382
52390
52395
52397
52403
52407
52409
52412
52422
52426
52430
52434
52438
52439
52450
52451
52453
52464
52465
52473
52478
52484
52486
52487
52494
52502
52510
52513
52514
52519
52520
52527
52528
52549
52557
52565
52568
52569
52573
52592
52595
52608
52610
52614
52615
52622
52624
52640
52642
52653
52654
52696
52705
52707
52712
52722
52724
52726
52728
52733
52738
52748
52754
52755
52756
52761
52769
52778
52782
52783
52790
52798
52815
52837
52838
52840
52842
52843
52850
52853
52855
52863
52864
52870
52871
52883
52886
52889
52891
52893
52897
52898
52903
52906
52907
52910
52911
52915
52920
52929
52931
52949
52953
52958
52961
52965
52967
52977
52979
52992
53007
53011
53013
53014
53016
53017
53019
53030
53032
53036
53042
53043
53051
53054
53055
53057
53063
53064
53070
53074
53076
53081
53083
53090
53096
53099
53107
53113
53116
53119
53121
53123
53124
53125
53127
53133
53140
53143
53145
53151
53164
53165
53170
53183
53187
53188
53199
53216
53221
53223
53228
53230
53236
53238
53248
53259
53264
53269
53270
53271
53276
53283
53291
53292
53297
53298
53304
53306
53308
53309
53310
53315
53316
53321
53337
53343
53345
53358
53359
53360
53372
53378
53379
53380
53390
53391
53392
53396
53405
53406
53412
53413
53416
53427
53431
53435
53438
53440
53442
53444
53459
53462
53464
53470
53475
53479
53483
53487
53499
53503
53509
53510
53515
53518
53531
53536
53542
53544
53551
53554
53562
53567
53569
53570
53574
53577
53578
53579
53580
53581
53590
53600
53601
53606
53608
53611
53615
53617
53624
53625
53627
53628
53630
53634
53642
53650
53659
53665
53670
53674
53683
53708
53720
53739
53744
53751
53759
53767
53776
53784
53785
53786
53800
53801
53803
53810
53815
53821
53824
53825
53826
53830
53836
53839
53840
53843
53844
53851
53857
53859
53870
53875
53886
53893
53898
53901
53915
53916
53917
53920
53922
53924
53940
53945
53947
53953
53959
53968
53971
53977
53983
53985
53990
53991
53992
53993
53996
54006
54012
54014
54018
54026
54030
54031
54033
54040
54051
54056
54067
54070
54072
54084
54087
54102
54103
54105
54109
54115
54116
54120
54133
54141
54147
54150
54154
54170
54172
54178
54185
54189
54195
54197
54205
54210
54213
54227
54235
54241
54243
54250
54254
54257
54260
54262
54263
54266
54271
54277
54279
54280
54288
54306
54313
54315
54317
54332
54333
54335
54336
54338
54346
54356
54358
54359
54369
54374
54376
54381
54383
54386
54392
54397
54402
54409
54431
54436
54439
54447
54452
54453
54455
54458
54476
54488
54489
54495
54504
54507
54521
54522
54523
54530
54537
54538
54551
54556
54570
54577
54582
54586
54588
54592
54598
54600
54605
54607
54613
54614
54622
54624
54628
54632
54633
54667
54675
54689
54693
54703
54704
54723
54731
54749
54750
54751
54752
54757
54759
54764
54771
54780
54789
54791
54798
54802
54809
54825
54830
54831
54838
54840
54842
54864
54866
54867
54874
54878
54894
54901
54902
54907
54909
54911
54917
54929
54934
54935
54946
54947
54952
54954
54960
54964
54965
54969
54971
54987
55000
55005
55009
55011
55016
55023
55024
55031
55038
55045
55046
55059
55076
55078
55089
55091
55096
55099
55101
55108
55110
55112
55116
55117
55125
55129
55131
55138
55139
55145
55148
55152
55157
55161
55163
55169
55175
55180
55182
55190
55196
55200
55209
55217
55219
55221
55226
55228
55234
55237
55244
55249
55251
55254
55255
55256
55259
55267
55274
55278
55279
55285
55288
55291
55295
55301
55309
55311
55314
55320
55327
55336
55338
55341
55343
55346
55352
55359
55363
55375
55383
55386
55392
55393
55395
55402
55404
55408
55414
55426
55433
55438
55444
55450
55454
55456
55463
55465
55471
55475
55481
55483
55492
55494
55508
55512
55520
55524
55526
55543
55544
55558
55559
55560
55563
55571
55577
55580
55583
55588
55598
55606
55607
55613
55616
55619
55628
55634
55636
55643
55647
55649
55657
55658
55660
55665
55670
55671
55675
55680
55686
55687
55689
55692
55694
55695
55698
55699
55707
55711
55714
55718
55721
55722
55726
55734
55739
55742
55755
55761
55768
55769
55787
55792
55798
55804
55814
55821
55825
55827
55834
55839
55841
55851
55854
55856
55862
55867
55869
55884
55885
55890
55897
55903
55917
55927
55935
55941
55945
55948
55950
55955
55956
55964
55965
55971
55972
55976
55979
55984
55985
55989
55991
55996
56001
56002
56004
56006
56009
56010
56011
56028
56037
56040
56041
56042
56045
56061
56065
56075
56078
56082
56092
56096
56099
56108
56111
56117
56120
56127
56128
56133
56141
56142
56147
56150
56157
56160
56166
56175
56179
56183
56188
56189
56200
56212
56221
56231
56232
56235
56240
56246
56249
56250
56252
56253
56256
56261
56269
56270
56279
56280
56289
56291
56304
56320
56321
56328
56331
56338
56341
56351
56364
56366
56367
56377
56383
56395
56399
56400
56401
56406
56415
56438
56440
56450
56461
56476
56481
56484
56485
56486
56488
56489
56492
56496
56497
56502
56507
56519
56521
56531
56538
56540
56542
56546
56547
56555
56571
56578
56589
56593
56602
56604
56610
56613
56615
56617
56627
56631
56640
56652
56654
56658
56672
56679
56684
56689
56690
56695
56696
56702
56703
56705
56710
56716
56718
56723
56727
56753
56764
56768
56778
56782
56784
56800
56819
56825
56826
56832
56845
56868
56871
56872
56888
56893
56895
56896
56898
56899
56900
56902
56905
56909
56917
56923
56931
56933
56934
56940
56944
56951
56952
56956
56959
56962
56970
56977
56981
56983
56986
56988
56992
56999
57004
57006
57014
57020
57024
57026
57028
57035
57042
57043
57048
57050
57054
57055
57056
57060
57062
57064
57072
57075
57078
57079
57081
57082
57085
57106
57113
57118
57120
57129
57131
57137
57140
57142
57146
57147
57172
57184
57185
57190
57196
57200
57207
57208
57212
57216
57220
57237
57238
57249
57250
57252
57261
57267
57273
57280
57284
57287
57292
57296
57316
57320
57322
57325
57328
57331
57341
57350
57353
57358
57360
57372
57381
57391
57393
57394
57402
57409
57411
57416
57419
57421
57423
57424
57435
57448
57449
57468
57481
57488
57491
57493
57496
57501
57513
57532
57533
57534
57539
57545
57548
57553
57555
57571
57572
57573
57574
57576
57582
57592
57596
57598
57599
57600
57604
57608
57610
57611
57615
57616
57626
57644
57650
57653
57659
57672
57675
57680
57701
57704
57710
57713
57716
57717
57720
57731
57738
57739
57742
57744
57756
57763
57766
57770
57777
57778
57780
57785
57786
57788
57790
57799
57806
57807
57808
57810
57821
57824
57832
57835
57844
57860
57872
57876
57878
57879
57893
57895
57898
57901
57903
57908
57909
57913
57914
57918
57925
57933
57944
57948
57949
57954
57956
57957
57965
57969
57985
57994
57998
58001
58010
58014
58038
58044
58046
58049
58052
58066
58093
58100
58109
58115
58118
58119
58120
58140
58144
58154
58157
58162
58168
58181
58188
58190
58191
58196
58201
58205
58216
58220
58236
58253
58256
58270
58277
58305
58308
58313
58315
58317
58318
58325
58333
58345
58347
58358
58362
58368
58377
58378
58391
58397
58400
58404
58411
58412
58420
58423
58424
58426
58435
58437
58439
58440
58446
58449
58456
58458
58467
58477
58487
58488
58489
58496
58507
58510
58518
58523
58524
58532
58533
58544
58548
58553
58554
58558
58569
58571
58575
58578
58579
58581
58591
58594
58600
58616
58621
58628
58632
58634
58645
58649
58655
58658
58663
58671
58672
58688
58691
58693
58698
58705
58706
58715
58716
58721
58725
58727
58728
58729
58731
58737
58740
58742
58755
58768
58774
58780
58781
58783
58786
58789
58792
58793
58800
58809
58821
58824
58831
58838
58844
58847
58873
58874
58876
58883
58892
58895
58896
58897
58922
58923
58924
58925
58936
58941
58957
58959
58963
58964
58965
58970
58980
58986
58987
58990
59001
59003
59011
59014
59015
59021
59026
59030
59039
59042
59052
59056
59057
59073
59076
59077
59082
59098
59124
59127
59143
59144
59148
59154
59166
59170
59172
59176
59177
59186
59187
59191
59198
59212
59215
59218
59225
59227
59229
59232
59234
59239
59243
59256
59259
59265
59273
59276
59281
59286
59291
59301
59307
59310
59312
59314
59315
59317
59322
59326
59327
59330
59337
59348
59349
59352
59354
59392
59393
59399
59404
59412
59415
59419
59429
59432
59465
59469
59476
59479
59480
59488
59489
59491
59493
59501
59505
59511
59513
59514
59515
59521
59532
59541
59542
59557
59567
59569
59571
59581
59585
59596
59598
59600
59608
59610
59612
59614
59616
59620
59624
59626
59639
59641
59645
59647
59650
59654
59661
59663
59666
59670
59672
59673
59680
59687
59691
59699
59700
59701
59713
59716
59720
59732
59735
59739
59749
59756
59769
59771
59773
59775
59782
59788
59794
59802
59820
59822
59829
59833
59843
59860
59862
59869
59872
59879
59880
59882
59883
59886
59887
59893
59896
59899
59901
59907
59910
59921
59925
59929
59930
59933
59946
59950
59951
59953
59957
59965
59970
59971
59975
59976
59977
59981
59987
59990
59993
59997
60001
60002
60003
60004
60012
60014
60033
60039
60045
60047
60048
60050
60052
60055
60062
60073
60076
60080
60088
60099
60100
60101
60106
60115
60120
60130
60132
60133
60134
60143
60144
60150
60162
60173
60174
60182
60185
60186
60189
60192
60196
60197
60199
60203
60210
60214
60215
60231
60236
60238
60239
60246
60251
60258
60277
60282
60283
60294
60298
60309
60317
60321
60322
60324
60327
60333
60337
60339
60346
60352
60363
60367
60373
60392
60394
60395
60398
60399
60404
60407
60413
60427
60435
60437
60445
60459
60467
60475
60476
60477
60489
60499
60503
60505
60511
60514
60517
60520
60527
60528
60541
60551
60562
60580
60585
60592
60594
60596
60603
60609
60610
60614
60615
60619
60620
60623
60631
60654
60660
60662
60664
60675
60678
60679
60681
60684
60718
60721
60734
60735
60736
60745
60746
60770
60775
60777
60781
60782
60783
60793
60797
60801
60815
60822
60825
60826
60831
60836
60840
60846
60851
60856
60861
60874
60876
60894
60899
60914
60915
60917
60922
60929
60936
60939
60944
60946
60947
60949
60955
60965
60970
60971
60981
60982
60991
60999
61002
61003
61005
61010
61011
61015
61029
61030
61036
61038
61041
61048
61051
61055
61060
61076
61089
61091
61096
61103
61106
61108
61109
61110
61112
61114
61124
61126
61129
61132
61144
61146
61161
61168
61170
61197
61199
61205
61209
61217
61220
61228
61243
61249
61251
61256
61265
61267
61269
61274
61276
61286
61298
61301
61309
61312
61314
61325
61335
61345
61352
61363
61364
61369
61372
61378
61381
61383
61384
61386
61388
61389
61400
61406
61413
61431
61436
61444
61446
61465
61468
61473
61478
61479
61485
61493
61494
61499
61501
61504
61507
61518
61519
61522
61529
61535
61547
61551
61558
61559
61561
61562
61563
61566
61568
61571
61574
61576
61580
61584
61606
61610
61637
61643
61660
61672
61674
61680
61689
61698
61702
61705
61709
61710
61711
61735
61736
61744
61748
61752
61756
61758
61759
61760
61761
61763
61769
61774
61781
61794
61795
61798
61801
61813
61816
61819
61830
61834
61841
61858
61865
61872
61875
61877
61878
61890
61894
61895
61898
61906
61911
61912
61920
61921
61930
61932
61934
61946
61950
61955
61959
61961
61965
61967
61973
61988
61995
62008
62015
62024
62035
62039
62041
62042
62043
62050
62056
62065
62066
62068
62089
62095
62116
62127
62131
62133
62162
62175
62179
62196
62204
62210
62211
62212
62214
62216
62222
62227
62236
62238
62246
62248
62250
62256
62259
62261
62266
62269
62272
62282
62289
62292
62293
62305
62308
62319
62321
62332
62346
62354
62361
62366
62382
62388
62394
62396
62401
62406
62411
62415
62419
62427
62428
62431
62436
62442
62453
62459
62462
62463
62466
62467
62472
62479
62489
62499
62502
62522
62528
62532
62536
62546
62553
62554
62555
62558
62561
62579
62584
62586
62587
62588
62595
62597
62603
62626
62627
62631
62634
62637
62643
62652
62659
62660
62666
62672
62673
62683
62696
62700
62704
62705
62714
62719
62723
62728
62731
62740
62746
62751
62768
62776
62804
62807
62815
62827
62830
62834
62837
62842
62855
62862
62863
62865
62872
62877
62890
62910
62916
62922
62929
62930
62934
62951
62961
62966
62971
62984
63000
63001
63003
63008
63011
63047
63048
63049
63050
63053
63057
63061
63068
63073
63099
63101
63105
63109
63117
63124
63135
63138
63147
63148
63149
63157
63180
63182
63187
63192
63200
63205
63208
63211
63212
63219
63229
63248
63250
63266
63268
63272
63275
63276
63280
63285
63286
63299
63307
63308
63313
63320
63321
63352
63362
63373
63375
63389
63393
63395
63396
63407
63422
63430
63432
63445
63452
63456
63464
63465
63471
63491
63492
63497
63498
63499
63502
63509
63520
63521
63522
63523
63527
63544
63552
63558
63559
63564
63570
63576
63582
63589
63591
63593
63594
63605
63606
63610
63616
63625
63633
63653
63656
63658
63661
63664
63666
63669
63682
63683
63687
63692
63723
63725
63735
63745
63749
63755
63757
63765
63770
63773
63779
63784
63799
63807
63809
63815
63817
63819
63821
63826
63832
63851
63858
63860
63864
63866
63874
63879
63881
63885
63893
63900
63908
63910
63916
63941
63945
63953
63955
63957
63961
63966
63981
63985
63987
63988
63990
63992
63997
64005
64011
64013
64025
64037
64046
64054
64055
64056
64072
64078
64086
64089
64090
64091
64092
64098
64104
64111
64132
64133
64135
64140
64162
64168
64170
64172
64173
64174
64176
64191
64195
64198
64231
64234
64235
64237
64239
64245
64258
64259
64260
64268
64275
64285
64289
64294
64297
64298
64299
64300
64313
64317
64318
64331
64333
64335
64358
64360
64362
64363
64366
64374
64381
64391
64394
64395
64396
64406
64416
64422
64430
64432
64433
64445
64446
64448
64455
64456
64464
64467
64484
64490
64491
64495
64498
64503
64507
64512
64513
64531
64547
64557
64577
64602
64608
64614
64616
64619
64621
64630
64639
64644
64676
64678
64686
64697
64698
64700
64706
64708
64723
64725
64726
64731
64746
64761
64763
64765
64773
64795
64798
64799
64804
64808
64811
64813
64833
64837
64839
64851
64857
64864
64867
64878
64881
64882
64884
64886
64894
64898
64899
64902
64910
64913
64914
64915
64919
64932
64934
64941
64944
64948
64949
64953
64955
64970
64975
64977
64980
64985
64996
65000
65022
65041
65063
65073
65082
65088
65100
65111
65139
65147
65149
65158
65159
65184
65185
65199
65201
65205
65209
65210
65215
65219
65230
65237
65244
65252
65260
65261
65266
65269
65277
65281
65286
65290
65297
65298
65302
65305
65316
65319
65326
65332
65356
65358
65363
65372
65379
65391
65392
65393
65403
65406
65423
65434
65436
65444
65449
65453
65454
65455
65459
65467
65471
65473
65478
65489
65491
65496
65503
65504
65507
65520
65529
65549
65550
65552
65555
65567
65569
65579
65581
65583
65584
65586
65593
65596
65597
65605
65607
65611
65632
65635
65646
65649
65654
65663
65667
65674
65686
65691
65696
65701
65704
65709
65710
65717
65731
65738
65754
65756
65765
65769
65775
65777
65780
65787
65789
65793
65794
65795
65796
65799
65800
65811
65827
65831
65844
65847
65849
65854
65867
65884
65885
65886
65891
65901
65903
65914
65921
65930
65932
65937
65940
65944
65965
65970
65972
65975
65977
65995
65998
66002
66011
66029
66032
66034
66041
66044
66054
66072
66079
66084
66100
66125
66127
66135
66140
66141
66143
66151
66153
66155
66160
66166
66169
66171
66172
66186
66191
66192
66211
66216
66230
66233
66251
66270
66274
66276
66279
66282
66286
66290
66298
66299
66301
66307
66312
66317
66320
66328
66329
66336
66339
66345
66349
66350
66352
66366
66373
66375
66405
66406
66415
66417
66420
66422
66425
66431
66443
66445
66446
66449
66469
66488
66504
66506
66508
66516
66517
66518
66526
66532
66533
66534
66542
66547
66550
66554
66561
66577
66580
66584
66588
66602
66633
66654
66660
66661
66683
66690
66692
66703
66728
66753
66759
66769
66770
66773
66775
66787
66789
66792
66793
66804
66814
66815
66816
66822
66830
66848
66849
66850
66853
66854
66856
66860
66862
66867
66881
66885
66888
66914
66926
66930
66932
66937
66939
66952
66958
66967
66976
66983
66997
66998
67002
67010
67016
67037
67039
67041
67043
67059
67065
67068
67069
67072
67075
67082
67084
67085
67094
67095
67100
67105
67132
67167
67172
67174
67188
67192
67194
67195
67198
67205
67208
67210
67211
67215
67222
67234
67235
67261
67272
67273
67278
67290
67291
67295
67298
67306
67307
67310
67312
67314
67315
67328
67329
67334
67335
67347
67351
67357
67359
67363
67368
67374
67375
67378
67384
67386
67391
67404
67409
67418
67433
67446
67448
67452
67455
67459
67463
67468
67499
67506
67517
67518
67522
67524
67546
67547
67556
67584
67586
67595
67605
67609
67615
67619
67631
67632
67638
67649
67653
67657
67659
67672
67677
67680
67697
67699
67704
67708
67710
67711
67726
67748
67752
67757
67758
67759
67762
67765
67767
67774
67778
67783
67805
67806
67823
67828
67831
67833
67840
67846
67868
67871
67877
67895
67903
67908
67909
67912
67916
67926
67940
67947
67952
67955
67957
67961
67965
67968
67970
67973
67976
67979
67981
68003
68013
68015
68019
68022
68023
68024
68025
68042
68044
68063
68064
68065
68067
68069
68074
68076
68084
68087
68088
68101
68109
68113
68127
68128
68142
68146
68147
68149
68159
68160
68163
68177
68178
68179
68184
68200
68201
68202
68207
68208
68210
68227
68232
68233
68251
68271
68278
68297
68298
68310
68311
68318
68327
68328
68332
68333
68336
68342
68346
68351
68354
68360
68367
68373
68394
68395
68396
68400
68405
68409
68411
68414
68417
68418
68421
68430
68434
68438
68442
68445
68464
68474
68477
68485
68490
68499
68506
68508
68524
68527
68531
68540
68550
68559
68566
68584
68596
68600
68605
68607
68612
68616
68617
68620
68633
68640
68659
68685
68693
68695
68698
68703
68707
68708
68711
68716
68723
68724
68741
68742
68752
68754
68763
68764
68768
68769
68777
68780
68792
68802
68816
68821
68829
68831
68839
68841
68852
68853
68868
68869
68874
68887
68891
68895
68900
68903
68906
68909
68914
68920
68925
68929
68933
68934
68935
68946
68950
68964
68976
68981
68988
68994
68998
69006
69013
69033
69049
69052
69058
69060
69075
69081
69087
69089
69095
69097
69099
69112
69117
69129
69132
69140
69149
69171
69182
69184
69193
69196
69207
69217
69231
69235
69239
69240
69241
69243
69251
69254
69264
69267
69286
69290
69293
69295
69301
69305
69308
69323
69325
69329
69330
69335
69343
69344
69350
69351
69352
69354
69355
69357
69369
69375
69383
69385
69392
69393
69396
69402
69404
69406
69407
69410
69413
69416
69443
69449
69454
69455
69458
69464
69472
69480
69485
69486
69488
69500
69504
69516
69524
69526
69527
69529
69531
69539
69540
69544
69567
69569
69574
69577
69579
69580
69581
69583
69587
69590
69609
69635
69644
69645
69655
69660
69665
69673
69684
69692
69697
69704
69706
69715
69728
69734
69744
69748
69754
69758
69763
69764
69772
69777
69778
69788
69789
69795
69798
69802
69805
69815
69828
69851
69856
69882
69883
69889
69892
69899
69902
69910
69916
69917
69918
69921
69922
69923
69930
69931
69936
69942
69945
69948
69961
69964
69971
69983
69990
69992
69996
70005
70010
70012
70022
70041
70042
70052
70057
70092
70101
70104
70106
70114
70123
70126
70139
70141
70142
70156
70157
70165
70173
70186
70187
70202
70217
70243
70248
70250
70251
70254
70255
70265
70271
70278
70290
70293
70307
70313
70317
70323
70328
70334
70342
70350
70365
70366
70367
70368
70374
70379
70383
70390
70392
70410
70431
70433
70435
70440
70444
70445
70446
70451
70454
70456
70458
70460
70481
70482
70485
70496
70500
70507
70512
70514
70520
70523
70524
70534
70535
70537
70546
70549
70558
70561
70563
70573
70575
70584
70617
70618
70641
70644
70650
70664
70670
70673
70674
70676
70677
70679
70680
70682
70684
70687
70688
70691
70696
70703
70712
70714
70715
70735
70757
70760
70761
70768
70777
70780
70782
70801
70810
70815
70818
70820
70825
70826
70827
70835
70836
70842
70848
70858
70876
70881
70884
70899
70900
70901
70905
70915
70920
70921
70923
70927
70940
70944
70946
70948
70953
70971
70974
70975
70983
70984
70988
70993
70996
71002
71022
71047
71056
71061
71065
71068
71072
71073
71074
71093
71097
71100
71103
71112
71126
71140
71144
71152
71156
71159
71164
71167
71168
71172
71183
71202
71209
71214
71220
71223
71235
71246
71262
71274
71279
71284
71294
71295
71301
71309
71310
71328
71336
71339
71343
71349
71350
71352
71363
71366
71367
71368
71369
71376
71391
71398
71405
71408
71411
71419
71428
71429
71433
71434
71439
71455
71458
71465
71466
71474
71486
71497
71500
71501
71503
71516
71520
71529
71534
71546
71552
71559
71565
71566
71569
71570
71572
71582
71583
71590
71592
71615
71630
71633
71647
71660
71662
71676
71692
71694
71697
71709
71710
71717
71720
71724
71741
71743
71751
71761
71773
71777
71783
71791
71795
71799
71802
71805
71818
71839
71843
71858
71862
71866
71881
71889
71891
71901
71907
71910
71915
71918
71923
71927
71931
71934
71946
71950
71951
71973
71978
71981
71986
71989
71999
72010
72018
72037
72038
72049
72057
72071
72082
72090
72091
72093
72101
72110
72115
72122
72125
72126
72136
72140
72141
72142
72149
72155
72172
72183
72184
72185
72195
72220
72223
72230
72233
72238
72240
72244
72245
72247
72249
72261
72265
72280
72281
72288
72298
72310
72314
72330
72332
72338
72339
72340
72346
72353
72357
72364
72371
72378
72384
72389
72395
72399
72401
72405
72411
72412
72414
72417
72421
72437
72438
72445
72454
72458
72473
72482
72485
72494
72501
72504
72529
72549
72553
72564
72569
72573
72591
72606
72607
72626
72636
72658
72660
72678
72684
72697
72701
72703
72710
72711
72719
72720
72728
72733
72781
72783
72791
72794
72803
72805
72812
72815
72819
72826
72833
72834
72835
72861
72862
72868
72870
72875
72885
72887
72906
72909
72922
72923
72935
72938
72954
72963
72964
72965
72969
72971
72984
73016
73017
73033
73035
73038
73039
73050
73052
73071
73073
73074
73078
73088
73092
73103
73113
73114
73117
73119
73124
73130
73145
73161
73165
73172
73174
73181
73182
73189
73193
73212
73215
73223
73226
73260
73265
73268
73280
73299
73332
73333
73346
73347
73354
73359
73360
73368
73379
73391
73397
73404
73406
73407
73414
73433
73438
73452
73454
73470
73479
73486
73493
73499
73501
73504
73515
73516
73520
73523
73531
73533
73546
73551
73561
73576
73585
73589
73592
73594
73595
73596
73608
73611
73628
73634
73638
73639
73659
73668
73671
73676
73682
73691
73693
73698
73710
73715
73734
73740
73742
73745
73749
73752
73765
73789
73793
73794
73859
73860
73862
73863
73875
73879
73892
73916
73922
73925
73942
73950
73951
73952
73954
73964
73969
73977
73983
74011
74041
74054
74060
74075
74083
74086
74088
74090
74099
74118
74120
74129
74130
74133
74136
74139
74143
74147
74150
74155
74160
74182
74187
74192
74196
74199
74200
74201
74203
74205
74206
74211
74216
74224
74231
74239
74248
74252
74254
74257
74264
74269
74270
74274
74277
74301
74308
74315
74321
74322
74323
74332
74333
74345
74350
74361
74368
74375
74377
74385
74399
74401
74410
74415
74419
74420
74427
74440
74444
74449
74455
74468
74470
74479
74483
74484
74504
74505
74515
74520
74532
74533
74542
74550
74554
74567
74574
74580
74603
74636
74653
74660
74661
74664
74672
74695
74710
74715
74717
74720
74721
74724
74732
74735
74738
74752
74757
74767
74786
74794
74804
74812
74849
74857
74863
74872
74876
74877
74885
74894
74897
74903
74906
74908
74921
74923
74927
74931
74936
74945
74946
74951
74966
74984
74985
74988
74992
74994
75001
75007
75023
75027
75031
75032
75035
75051
75067
75071
75072
75105
75108
75111
75115
75118
75121
75125
75126
75137
75148
75150
75166
75174
75179
75191
75196
75203
75205
75215
75223
75225
75230
75231
75235
75237
75240
75242
75254
75255
75267
75280
75282
75290
75295
75297
75307
75330
75332
75336
75349
75352
75354
75355
75358
75375
75378
75380
75381
75394
75395
75399
75401
75415
75419
75422
75423
75436
75440
75441
75445
75446
75447
75456
75457
75461
75469
75472
75473
75475
75505
75509
75512
75514
75524
75527
75528
75530
75538
75541
75558
75560
75561
75563
75579
75580
75583
75591
75600
75602
75606
75608
75610
75612
75616
75623
75626
75628
75639
75647
75652
75654
75657
75679
75690
75691
75693
75698
75699
75711
75717
75724
75730
75733
75740
75741
75748
75761
75762
75773
75775
75778
75789
75793
75810
75812
75832
75835
75843
75848
75869
75874
75879
75899
75927
75930
75931
75938
75973
75988
76001
76003
76005
76008
76018
76027
76037
76043
76045
76048
76049
76050
76068
76070
76100
76102
76108
76113
76122
76137
76138
76142
76147
76151
76164
76165
76176
76186
76197
76198
76236
76261
76273
76279
76289
76308
76310
76312
76313
76321
76322
76323
76342
76360
76366
76367
76389
76405
76433
76436
76463
76471
76475
76478
76480
76487
76491
76492
76494
76499
76503
76506
76514
76526
76528
76531
76536
76545
76564
76582
76588
76591
76592
76598
76611
76614
76624
76648
76650
76669
76681
76684
76685
76698
76701
76706
76708
76709
76712
76716
76717
76721
76729
76730
76735
76739
76742
76743
76751
76754
76760
76762
76772
76782
76787
76791
76818
76828
76841
76842
76844
76846
76858
76861
76889
76895
76896
76907
76910
76918
76926
76927
76929
76932
76935
76939
76941
76943
76945
76947
76951
76954
76957
76963
76974
76978
76980
76984
76991
76997
77010
77013
77015
77018
77019
77028
77038
77039
77040
77041
77046
77048
77093
77106
77107
77110
77112
77114
77130
77137
77139
77142
77148
77154
77155
77173
77175
77190
77198
77207
77209
77215
77216
77217
77218
77231
77244
77252
77255
77256
77258
77264
77265
77269
77272
77282
77287
77291
77292
77293
77299
77302
77303
77307
77311
77316
77318
77333
77340
77342
77347
77353
77358
77364
77378
77385
77391
77397
77413
77417
77419
77443
77445
77450
77461
77462
77463
77465
77467
77485
77486
77495
77506
77516
77518
77522
77557
77573
77581
77582
77584
77589
77591
77606
77613
77621
77622
77628
77646
77652
77659
77663
77673
77678
77695
77704
77708
77714
77716
77717
77728
77742
77751
77755
77761
77763
77772
77776
77777
77796
77800
77802
77803
77810
77815
77817
77870
77874
77881
77894
77903
77912
77919
77926
77930
77937
77943
77944
77951
77959
77976
77983
77987
77991
78012
78014
78019
78027
78031
78054
78058
78079
78080
78095
78098
78106
78111
78116
78124
78151
78152
78157
78159
78161
78166
78183
78185
78202
78224
78237
78248
78249
78257
78259
78275
78288
78296
78297
78298
78300
78304
78306
78307
78322
78323
78327
78332
78334
78361
78365
78372
78379
78391
78402
78417
78419
78421
78430
78440
78443
78457
78462
78463
78473
78481
78482
78499
78503
78508
78514
78530
78533
78554
78555
78557
78567
78573
78577
78580
78587
78593
78596
78599
78603
78607
78615
78620
78621
78631
78636
78645
78652
78655
78671
78674
78683
78685
78696
78719
78721
78735
78744
78763
78766
78773
78795
78809
78821
78835
78841
78848
78849
78852
78860
78862
78869
78877
78885
78891
78892
78898
78905
78909
78913
78920
78925
78927
78929
78930
78934
78935
78938
78944
78951
78955
78965
78969
78971
78988
78998
79020
79024
79026
79027
79031
79034
79037
79048
79052
79062
79065
79066
79074
79077
79081
79083
79085
79090
79091
79098
79101
79103
79107
79117
79118
79127
79132
79133
79135
79139
79141
79143
79150
79174
79189
79190
79197
79205
79207
79213
79227
79232
79234
79245
79250
79306
79309
79317
79321
79322
79346
79354
79363
79364
79369
79377
79388
79420
79422
79438
79442
79452
79460
79461
79468
79470
79471
79472
79475
79476
79496
79515
79526
79531
79566
79572
79577
79586
79596
79599
79602
79617
79621
79623
79647
79650
79651
79657
79659
79665
79668
79687
79693
79696
79738
79744
79750
79757
79762
79764
79766
79770
79774
79775
79789
79792
79801
79805
79816
79819
79834
79840
79841
79846
79852
79861
79862
79865
79869
79873
79874
79899
79915
79925
79938
79945
79946
79954
79955
79971
79972
79987
79999
80008
80015
80017
80018
80019
80021
80025
80045
80049
80058
80063
80086
80090
80091
80108
80109
80117
80120
80123
80148
80150
80154
80165
80170
80183
80186
80196
80200
80205
80212
80219
80224
80231
80245
80248
80250
80255
80265
80266
80276
80277
80279
80281
80287
80289
80291
80295
80304
80312
80313
80316
80321
80330
80331
80334
80344
80347
80350
80355
80358
80360
80380
80403
80404
80412
80414
80419
80425
80435
80445
80446
80456
80457
80466
80483
80489
80511
80516
80527
80533
80535
80536
80558
80566
80567
80578
80579
80597
80610
80612
80619
80643
80656
80657
80666
80680
80681
80697
80704
80710
80711
80717
80729
80732
80737
80753
80757
80781
80788
80789
80790
80798
80803
80806
80815
80817
80834
80837
80840
80842
80852
80866
80870
80891
80909
80912
80918
80960
80966
80967
80972
80978
80982
80993
80996
81003
81010
81011
81021
81022
81058
81060
81067
81079
81109
81119
81122
81125
81142
81143
81159
81161
81166
81169
81183
81185
81190
81193
81194
81195
81197
81199
81201
81204
81208
81215
81221
81222
81237
81244
81246
81254
81259
81279
81285
81288
81290
81307
81316
81319
81324
81330
81335
81340
81347
81358
81367
81384
81392
81398
81404
81405
81409
81417
81418
81419
81427
81428
81432
81434
81435
81464
81472
81475
81477
81480
81499
81509
81516
81519
81522
81525
81527
81539
81547
81555
81562
81586
81587
81588
81639
81643
81648
81650
81658
81674
81703
81705
81706
81715
81726
81744
81754
81779
81785
81787
81794
81796
81797
81811
81821
81859
81870
81872
81873
81879
81885
81897
81944
81945
81967
81970
81977
81982
81984
81987
81991
81992
81994
81999
82004
82007
82011
82015
82017
82019
82020
82022
82035
82040
82047
82053
82054
82092
82094
82105
82108
82115
82117
82136
82139
82148
82149
82156
82157
82158
82165
82170
82173
82184
82206
82210
82219
82220
82235
82243
82245
82248
82253
82276
82295
82305
82311
82323
82324
82331
82337
82360
82363
82372
82382
82385
82391
82397
82407
82414
82431
82439
82447
82451
82455
82459
82467
82470
82482
82485
82487
82490
82495
82496
82501
82505
82515
82520
82525
82528
82537
82549
82550
82552
82555
82559
82560
82565
82568
82575
82602
82605
82608
82610
82613
82627
82634
82646
82653
82672
82684
82686
82693
82698
82700
82715
82740
82741
82751
82752
82760
82782
82816
82819
82833
82836
82841
82842
82844
82848
82855
82862
82864
82866
82876
82877
82891
82893
82896
82908
82912
82915
82923
82926
82951
82952
82967
82978
82987
82990
82996
83001
83006
83008
83013
83019
83034
83040
83058
83081
83083
83090
83113
83133
83144
83157
83164
83171
83177
83186
83187
83189
83202
83220
83229
83230
83238
83264
83280
83284
83287
83288
83290
83294
83301
83311
83321
83324
83329
83331
83336
83342
83359
83369
83374
83378
83387
83396
83400
83422
83425
83429
83440
83443
83445
83451
83465
83498
83502
83506
83512
83516
83531
83540
83546
83548
83554
83568
83570
83582
83585
83594
83608
83616
83621
83627
83640
83663
83676
83678
83684
83696
83697
83698
83701
83704
83711
83712
83717
83719
83729
83740
83741
83750
83782
83783
83784
83800
83806
83812
83849
83859
83864
83869
83871
83875
83876
83879
83886
83889
83894
83897
83902
83909
83914
83917
83918
83922
83934
83947
83954
83964
83965
83984
83991
84013
84017
84024
84039
84053
84068
84069
84076
84080
84081
84083
84086
84096
84107
84131
84134
84148
84152
84170
84182
84185
84189
84199
84209
84215
84226
84228
84243
84250
84260
84264
84267
84271
84273
84274
84276
84278
84282
84296
84309
84323
84324
84333
84338
84342
84349
84362
84374
84380
84398
84403
84416
84419
84441
84452
84454
84457
84467
84470
84476
84485
84500
84510
84529
84540
84542
84548
84554
84556
84565
84572
84574
84575
84577
84601
84602
84619
84624
84626
84636
84660
84661
84663
84686
84723
84728
84731
84744
84765
84772
84774
84777
84791
84809
84810
84811
84823
84828
84862
84872
84885
84890
84894
84900
84908
84916
84918
84919
84930
84948
84967
84972
84974
84993
84994
84995
84999
85002
85020
85026
85027
85031
85032
85037
85042
85045
85054
85062
85072
85075
85093
85101
85103
85105
85106
85112
85116
85119
85123
85135
85140
85148
85152
85156
85162
85165
85175
85177
85180
85185
85188
85189
85191
85197
85215
85231
85236
85248
85249
85250
85252
85277
85278
85285
85286
85288
85305
85311
85315
85322
85339
85341
85343
85347
85349
85353
85354
85356
85358
85363
85366
85395
85404
85409
85415
85420
85425
85432
85449
85454
85463
85467
85472
85480
85491
85492
85501
85502
85505
85510
85527
85529
85542
85565
85571
85572
85575
85576
85578
85586
85594
85596
85597
85601
85605
85622
85628
85641
85651
85653
85654
85683
85689
85692
85728
85729
85733
85739
85749
85776
85778
85789
85791
85795
85811
85815
85819
85824
85828
85864
85868
85873
85891
85898
85905
85906
85912
85943
85954
85957
85968
85972
85978
85979
85987
85993
85997
86019
86025
86037
86043
86099
86105
86115
86124
86148
86155
86169
86179
86184
86201
86215
86216
86225
86227
86230
86236
86241
86243
86252
86265
86272
86283
86284
86286
86289
86297
86300
86303
86305
86328
86330
86335
86343
86344
86351
86352
86362
86370
86376
86377
86378
86379
86383
86390
86400
86405
86412
86420
86467
86468
86473
86479
86490
86491
86499
86514
86517
86519
86521
86523
86535
86549
86558
86575
86579
86593
86612
86635
86636
86659
86667
86671
86686
86710
86712
86720
86725
86731
86732
86740
86746
86751
86766
86771
86772
86775
86784
86795
86810
86815
86827
86829
86846
86854
86869
86877
86886
86891
86892
86897
86914
86936
86951
86967
86986
86995
87006
87011
87031
87049
87059
87089
87097
87104
87105
87110
87116
87117
87123
87124
87127
87140
87141
87155
87157
87176
87179
87186
87187
87190
87196
87200
87202
87216
87220
87222
87243
87244
87246
87250
87267
87269
87270
87278
87281
87283
87284
87298
87301
87317
87330
87338
87365
87370
87373
87377
87387
87397
87398
87403
87410
87413
87416
87432
87442
87470
87472
87502
87506
87513
87522
87529
87533
87536
87538
87539
87540
87547
87561
87565
87567
87570
87577
87598
87600
87601
87605
87608
87617
87622
87625
87627
87638
87643
87653
87663
87670
87673
87677
87680
87686
87695
87708
87709
87710
87712
87729
87730
87747
87749
87762
87773
87774
87807
87816
87819
87829
87830
87832
87838
87842
87850
87871
87887
87890
87901
87909
87922
87928
87934
87941
87950
87954
87956
87957
87965
87967
87968
87970
87980
87986
87990
87993
87996
87998
88000
88013
88017
88034
88036
88037
88055
88057
88064
88068
88073
88079
88081
88086
88088
88091
88092
88098
88100
88105
88108
88110
88113
88118
88132
88156
88184
88194
88200
88217
88249
88251
88259
88270
88278
88294
88295
88296
88325
88340
88341
88343
88346
88349
88353
88355
88361
88362
88367
88376
88377
88384
88387
88395
88406
88408
88409
88411
88419
88429
88452
88461
88463
88474
88482
88517
88525
88544
88553
88557
88558
88571
88614
88617
88623
88634
88635
88639
88653
88656
88670
88673
88675
88685
88691
88703
88722
88724
88734
88739
88744
88749
88784
88793
88806
88824
88827
88830
88835
88838
88847
88852
88878
88879
88888
88945
88948
88962
88965
88989
88995
89001
89013
89028
89031
89039
89043
89055
89057
89060
89063
89065
89067
89071
89079
89097
89103
89107
89109
89123
89130
89144
89145
89152
89153
89160
89161
89171
89179
89205
89207
89211
89225
89227
89229
89235
89237
89241
89248
89254
89257
89274
89285
89286
89300
89304
89321
89322
89326
89331
89338
89346
89347
89348
89382
89383
89390
89397
89413
89414
89423
89424
89451
89454
89461
89471
89480
89482
89490
89499
89503
89522
89531
89534
89538
89550
89569
89572
89574
89576
89584
89595
89601
89610
89616
89621
89630
89637
89639
89644
89651
89662
89670
89673
89681
89684
89691
89702
89716
89719
89723
89728
89729
89756
89759
89766
89768
89781
89792
89838
89847
89848
89870
89871
89882
89892
89895
89901
89909
89912
89922
89931
89945
89971
89976
89997
90002
90004
90031
90035
90045
90047
90067
90069
90072
90074
90101
90103
90105
90106
90111
90118
90123
90128
90130
90144
90146
90149
90170
90174
90183
90184
90207
90244
90258
90273
90274
90303
90312
90335
90337
90345
90366
90370
90371
90387
90389
90400
90403
90406
90410
90423
90427
90438
90448
90452
90455
90460
90484
90485
90493
90500
90501
90515
90516
90534
90542
90543
90546
90560
90562
90563
90575
90581
90582
90583
90585
90588
90593
90594
90606
90614
90650
90652
90654
90659
90668
90694
90700
90705
90706
90713
90718
90719
90721
90755
90757
90758
90765
90766
90788
90789
90791
90792
90804
90805
90819
90830
90842
90882
90905
90915
90932
90941
90943
90945
90955
90961
90964
90966
90977
90995
90998
91020
91021
91035
91037
91042
91045
91050
91053
91070
91073
91074
91077
91091
91094
91115
91118
91133
91137
91145
91154
91155
91164
91167
91171
91182
91190
91194
91210
91221
91226
91230
91231
91240
91248
91261
91268
91285
91291
91292
91297
91311
91314
91338
91342
91360
91363
91365
91370
91380
91384
91417
91418
91426
91439
91443
91451
91458
91467
91474
91477
91480
91482
91483
91485
91496
91497
91501
91503
91505
91509
91543
91549
91563
91571
91578
91581
91583
91593
91597
91600
91613
91615
91630
91636
91645
91655
91689
91690
91699
91704
91719
91726
91747
91753
91759
91775
91776
91779
91783
91786
91802
91806
91816
91817
91829
91832
91853
91857
91865
91870
91880
91894
91896
91906
91910
91928
91929
91938
91939
91958
91967
91975
91986
91992
91993
92002
92004
92005
92007
92015
92020
92025
92048
92057
92060
92075
92091
92112
92116
92121
92138
92140
92150
92159
92167
92169
92174
92180
92186
92189
92201
92208
92211
92215
92217
92226
92243
92259
92262
92263
92269
92280
92284
92288
92297
92304
92306
92314
92335
92361
92378
92390
92413
92415
92420
92423
92428
92429
92430
92435
92440
92458
92462
92464
92472
92481
92496
92508
92517
92520
92526
92530
92533
92551
92574
92581
92589
92603
92605
92607
92615
92621
92629
92644
92649
92652
92663
92668
92671
92680
92689
92692
92713
92730
92750
92777
92787
92789
92792
92794
92820
92824
92828
92829
92831
92844
92851
92861
92867
92869
92874
92895
92902
92922
92932
92940
92942
92947
92948
92954
92968
92974
92975
92978
92983
93021
93034
93054
93062
93067
93122
93123
93124
93126
93138
93139
93141
93144
93157
93160
93170
93181
93182
93183
93192
93195
93206
93210
93211
93214
93216
93224
93236
93249
93251
93253
93260
93317
93321
93324
93327
93329
93342
93365
93369
93372
93381
93395
93402
93405
93408
93409
93413
93449
93459
93472
93473
93485
93486
93494
93497
93500
93501
93503
93507
93508
93512
93518
93528
93531
93534
93537
93563
93581
93583
93585
93587
93592
93597
93608
93618
93619
93627
93630
93640
93641
93648
93655
93658
93667
93681
93684
93707
93711
93719
93720
93728
93738
93742
93743
93757
93758
93762
93764
93777
93779
93785
93788
93798
93808
93848
93857
93868
93874
93884
93888
93904
93920
93927
93944
93946
93950
93958
93963
93964
93972
93982
93985
93996
94026
94040
94047
94052
94059
94065
94070
94079
94085
94086
94090
94095
94111
94126
94133
94137
94138
94143
94144
94161
94170
94177
94183
94184
94193
94197
94202
94205
94216
94225
94246
94247
94248
94259
94270
94288
94293
94305
94307
94316
94323
94334
94345
94354
94380
94394
94404
94409
94411
94425
94429
94439
94453
94490
94497
94513
94538
94542
94553
94554
94563
94593
94598
94606
94609
94653
94661
94674
94680
94687
94695
94700
94711
94718
94722
94724
94736
94779
94781
94782
94793
94809
94813
94824
94827
94835
94845
94893
94900
94901
94904
94912
94931
94938
94940
94965
94968
94971
94997
95001
95013
95047
95074
95075
95079
95085
95096
95105
95109
95113
95134
95140
95156
95167
95168
95170
95177
95178
95188
95205
95216
95224
95230
95235
95236
95250
95257
95272
95276
95281
95286
95290
95294
95298
95315
95318
95319
95320
95337
95340
95349
95362
95369
95374
95376
95380
95386
95405
95413
95427
95429
95435
95449
95451
95457
95461
95462
95464
95473
95502
95516
95523
95530
95559
95580
95600
95601
95610
95617
95618
95619
95627
95637
95662
95663
95667
95681
95700
96430
96543
96988
97290
99771
99927
100148
100168
100338
100544
101632
101652
103401
109640
111323
119264
149206
149380
149624
149643
149686
149837
150608
150922
151351
151395
151522
152183
152415
152460
152489
152499
152730
152755
152895
153181
153471
153500
153729
153733
153887
153926
154194
154213
154506
154620
154738
154812
155129
155220
155280
155438
155505
155604
155605
155645
155702
155766
155849
155919
155924
155979
156041
156063
156216
156224
156228
156231
156271
156422
156455
156460
156471
156490
156505
156519
156538
156546
156669
156713
156722
156749
156775
156806
156808
156858
156941
156949
156998
157023
157027
157030
157034
157050
157057
157062
157077
157095
157144
157149
157167
157273
157295
157395
157438
157478
157483
157526
157574
157653
157807
157871
157898
158098
158134
158145
158184
158236
158322
158360
158468
158546
158555
158597
158630
158712
158778
158819
159029
159034
159126
159182
159206
159217
159291
159309
159384
159401
159405
159408
159436
159525
159582
159676
159689
159758
159816
159827
159856
159902
159931
159957
159986
160059
160166
160234
160238
160443
160457
160480
160499
160572
160612
160646
160653
160678
160719
160785
160822
160893
160969
161072
161083
161089
161110
161111
161153
161275
161361
161380
161421
161427
161431
161458
161529
161590
161596
161632
161648
161742
161756
161824
161870
161904
161910
161932
161947
161999
162030
162082
162089
162159
162174
162193
162217
162224
162226
162237
162239
162261
162296
162311
162328
162368
162374
162429
162548
162551
162554
162586
162649
162729
162795
162808
162856
162873
162984
162989
163004
163014
163032
163036
163037
163061
163071
163090
163116
163144
163206
163272
163298
163390
163401
163421
163453
163489
163514
163547
163577
163585
163644
163696
163719
163788
163886
163981
163988
164020
164032
164077
164093
164191
164213
164238
164258
164318
164350
164356
164381
164419
164487
164497
164545
164580
164654
164657
164669
164745
164776
164846
164899
164964
164983
165024
165056
165100
165139
165162
165200
165210
165213
165221
165271
165285
165299
165306
165310
165326
165330
165475
165518
165523
165643
165644
165682
165691
165720
165735
165751
165798
165821
165912
165972
166071
166094
166099
166118
166321
166336
166362
166392
166402
166406
166441
166454
166489
166510
166527
166621
166632
166692
166726
166762
166777
166782
166802
166884
166906
166909
166941
166970
167055
167114
167189
167344
167461
167475
167487
167532
167584
167597
167684
167735
167749
167776
167802
167819
167822
167831
168304
168383
168395
168482
168579
168896
168977
169006
169103
169121
169143
169199
169246
169260
169286
169361
169553
169583
169629
169882
169934
169941
169943
169946
169980
169984
170108
170127
170164
170166
170248
170264
170286
170324
170465
170596
170642
170643
170651
170728
170767
170779
170812
170905
170983
171010
171068
171171
171186
171236
171334
171357
171399
171413
171417
171446
171457
171458
171588
171598
171678
171750
171806
171816
171843
171848
171893
171995
171997
172014
172030
172072
172104
172115
172139
172185
172195
172219
172231
172293
172299
172305
172315
172361
172547
172555
172564
172566
172567
172568
172686
172732
172823
172840
172849
172864
172876
172911
172979
172984
173021
173047
173058
173059
173068
173085
173099
173114
173200
173206
173234
173265
173284
173351
173409
173433
173445
173499
173544
173587
173614
173636
173739
173775
173798
173906
173927
173976
174033
174063
174069
174100
174171
174183
174196
174215
174288
174309
174310
174319
174381
174391
174395
174401
174414
174416
174435
174440
174495
174518
174543
174546
174589
174604
174625
174626
174679
174696
174709
174782
174783
174793
174795
174803
174806
174826
174844
174852
174873
174890
174898
174900
174909
174969
174973
174980
174992
175007
175018
175081
175086
175088
175100
175130
175163
175183
175204
175212
175233
175241
175267
175277
175294
175300
175312
175355
175388
175422
175427
175445
175450
175470
175522
175533
175542
175548
175578
175595
175602
175636
175651
175666
175694
175702
175718
175755
175762
175815
175824
175862
175863
175871
175874
175884
175891
175899
175909
175918
175934
175970
175993
176003
176033
176105
176109
176179
176182
176193
176217
176219
176247
176254
176257
176267
176270
176280
176326
176335
176340
176346
176350
176361
176400
176413
176426
176453
176454
176472
176511
176527
176536
176565
176582
176614
176622
176629
176633
176640
176697
176700
176701
176705
176715
176718
176740
176743
176746
176752
176787
176797
176833
176872
176880
176884
176897
176904
176923
176933
176987
176991
177016
177042
177074
177089
177091
177132
177182
177193
177198
177211
177214
177249
177265
177290
177339
177368
177370
177376
177390
177402
177405
177408
177429
177460
177516
177530
177536
177562
177573
177581
177635
177672
177679
177687
177770
177776
177781
177783
177815
177831
177857
177876
177884
177890
177891
177901
177912
177919
177932
177962
177980
177987
177989
177999
178001
178009
178049
178067
178076
178104
178107
178109
178120
178141
178142
178156
178163
178168
178171
178178
178213
178266
178275
178279
178308
178313
178324
178329
178367
178376
178380
178385
178392
178406
178441
178469
178482
178495
178507
178509
178527
178528
178564
178573
178577
178596
178620
178644
178649
178658
178661
178670
178700
178734
178764
178775
178786
178787
178793
178813
178822
178824
178853
178862
178878
178909
178916
178922
178938
178954
178959
178963
179002
179013
179019
179034
179041
179048
179050
179095
179109
179128
179130
179133
179153
179160
179175
179188
179208
179209
179220
179237
179252
179261
179269
179272
179296
179314
179327
179341
179351
179360
179388
179408
179419
179420
179435
179484
179504
179516
179522
179526
179545
179556
179558
179569
179573
179611
179632
179642
179654
179655
179716
179740
179779
179810
179828
179879
179890
179895
179922
179931
179949
179956
179962
179964
179983
179990
179998
180033
180069
180087
180109
180135
180165
180193
180227
180235
180253
180254
180256
180262
180271
180304
180306
180315
180317
180321
180337
180376
180383
180389
180405
180426
180427
180442
180448
180471
180476
180521
180544
180563
180565
180639
180653
180704
180707
180771
180803
180825
180835
180858
180863
180872
180876
180879
180899
180918
180931
180933
180955
180960
180965
180993
181003
181096
181102
181105
181110
181114
181172
181180
181187
181193
181199
181212
181220
181249
181253
181261
181277
181278
181285
181297
181304
181306
181315
181325
181340
181348
181352
181376
181403
181417
181419
181420
181440
181456
181465
181520
181525
181527
181546
181553
181575
181579
181582
181601
181615
181687
181689
181712
181715
181717
181724
181761
181843
181850
181866
181911
181913
181935
181938
181961
181965
181974
181994
181995
182001
182027
182042
182061
182065
182085
182087
182133
182151
182173
182198
182248
182262
182280
182322
182333
182360
182388
182392
182439
182444
182446
182452
182475
182482
182504
182531
182540
182592
182610
182618
182626
182632
182674
182681
182704
182713
182725
182728
182734
182735
182785
182787
182788
182801
182821
182829
182906
182914
182963
182978
183025
183047
183065
183069
183080
183112
183116
183140
183185
183191
183193
183206
183209
183251
183261
183263
183283
183339
183353
183363
183366
183384
183415
183419
183430
183461
183509
183516
183532
183549
183551
183585
183637
183641
183689
183694
183695
183722
183724
183737
183775
183776
183813
183818
183846
183868
183947
183956
183959
183964
183965
183981
183991
184003
184008
184010
184014
184083
184096
184103
184105
184109
184165
184170
184189
184201
184203
184217
184222
184245
184253
184284
184287
184314
184316
184320
184329
184356
184364
184390
184406
184430
184433
184451
184469
184497
184512
184536
184548
184590
184594
184640
184645
184660
184698
184721
184744
184749
184779
184878
184889
184900
184905
184913
184931
184935
184959
184960
184989
184997
185007
185008
185009
185024
185038
185050
185071
185084
185095
185146
185147
185166
185175
185178
185180
185198
185212
185266
185272
185290
185301
185312
185313
185362
185391
185393
185404
185421
185422
185432
185475
185484
185485
185496
185504
185517
185518
185523
185592
185602
185609
185618
185640
185708
185723
185771
185779
185792
185807
185834
185855
185905
185906
185961
185999
186004
186013
186027
186047
186055
186086
186087
186096
186125
186162
186236
186276
186312
186314
186358
186389
186395
186396
186398
186399
186410
186418
186421
186424
186430
186458
186465
186466
186474
186488
186508
186510
186556
186564
186592
186606
186619
186656
186662
186691
186696
186729
186742
186753
186774
186788
186790
186821
186835
186842
186853
186867
186868
186882
186883
186906
186917
186950
186975
187000
187001
187006
187014
187025
187026
187051
187101
187113
187130
187146
187149
187225
187226
187261
187370
187375
187383
187385
187395
187407
187414
187436
187442
187460
187466
187467
187504
187515
187525
187598
187623
187629
187655
187675
187684
187714
187723
187724
187735
187766
187772
187800
187837
187850
187862
187907
187908
187987
187993
188016
188017
188026
188032
188054
188106
188116
188168
188178
188198
188208
188246
188261
188268
188276
188331
188362
188402
188403
188410
188414
188421
188436
188457
188460
188465
188472
188485
188505
188513
188519
188521
188554
188585
188587
188590
188616
188621
188643
188661
188745
188775
188809
188815
188845
188848
188857
188868
188876
188912
188936
188953
188965
188978
188984
188995
189050
189106
189112
189114
189117
189132
189150
189161
189186
189219
189259
189334
189347
189350
189392
189412
189448
189485
189493
189512
189516
189517
189519
189551
189568
189580
189583
189607
189613
189642
189664
189666
189668
189669
189690
189741
189747
189773
189796
189804
189816
189820
189850
189858
189863
189867
189873
189947
189953
189977
189979
189997
190000
190002
190015
190024
190065
190083
190101
190144
190161
190174
190180
190181
190194
190207
190239
190266
190273
190311
190316
190325
190358
190366
190371
190411
190434
190451
190542
190582
190602
190609
190632
190657
190687
190700
190743
190803
190826
190857
190869
190871
190919
190939
190944
190966
190999
191045
191056
191061
191073
191080
191094
191122
191156
191165
191190
191214
191234
191241
191243
191254
191264
191277
191280
191286
191296
191305
191316
191329
191330
191385
191399
191417
191422
191425
191471
191474
191492
191499
191521
191549
191563
191572
191579
191580
191607
191622
191639
191658
191711
191715
191731
191771
191837
191849
191857
191876
191913
191917
192002
192008
192015
192033
192051
192163
192174
192181
192199
192249
192254
192270
192300
192336
192363
192508
192515
192545
192549
192568
192600
192601
192617
192643
192666
192670
192684
192724
192748
192782
192787
192800
192868
192882
192891
192897
192908
192918
192946
192951
192960
192964
192966
192985
192993
193009
193018
193051
193084
193094
193109
193125
193126
193133
193183
193215
193232
193260
193267
193274
193283
193293
193309
193312
193314
193315
193341
193356
193357
193362
193367
193373
193399
193417
193448
193484
193504
193506
193511
193547
193553
193558
193560
193563
193606
193629
193630
193642
193649
193675
193688
193697
193706
193819
193837
193849
193871
193874
193916
193918
193924
193934
193936
193955
193962
193978
194023
194024
194026
194046
194066
194082
194085
194143
194182
194208
194261
194270
194284
194286
194307
194332
194352
194381
194383
194390
194405
194434
194456
194470
194471
194475
194495
194499
194500
194519
194525
194556
194623
194629
194632
194650
194658
194685
194687
194688
194707
194708
194728
194739
194761
194767
194801
194817
194822
194832
194834
194844
194879
194883
194913
194926
194962
194977
194997
195104
195119
195121
195177
195227
195249
195252
195256
195264
195267
195294
195297
195322
195355
195368
195379
195409
195439
195482
195513
195523
195525
195572
195593
195597
195619
195620
195637
195650
195674
195688
195743
195745
195753
195794
195803
195854
195910
195916
195935
195960
195964
195969
195976
195983
196045
196056
196068
196083
196130
196142
196143
196157
196173
196181
196233
196247
196260
196269
196285
196324
196338
196340
196341
196369
196375
196377
196408
196417
196432
196457
196494
196542
196553
196556
196561
196582
196615
196627
196716
196718
196736
196751
196771
196778
196792
196793
196808
196829
196845
196859
196860
196875
196897
196898
196912
196925
196926
196932
196937
196959
197003
197032
197089
197172
197191
197192
197201
197228
197255
197273
197317
197351
197360
197369
197372
197397
197427
197431
197460
197462
197466
197500
197547
197591
197601
197605
197659
197727
197738
197767
197799
197820
197859
197865
197893
197993
198005
198009
198017
198053
198069
198095
198133
198163
198227
198233
198302
198316
198330
198332
198351
198388
198389
198404
198425
198461
198478
198492
198506
198515
198565
198570
198639
198699
198713
198714
198741
198830
198831
198842
198848
198878
198905
198906
198935
198946
198968
198970
198980
198990
198992
198996
199025
199053
199067
199074
199081
199113
199139
199149
199150
199203
199211
199228
199326
199345
199350
199351
199425
199428
199430
199445
199457
199493
199553
199555
199567
199584
199585
199666
199675
199710
199713
199718
199737
199792
199815
199827
199842
199846
199883
199892
199894
199901
199921
199966
199983
200038
200051
200071
200144
200187
200197
200199
200201
200202
200208
200212
200221
200223
200267
200272
200391
200437
200458
200461
200499
200536
200554
200573
200585
200587
200594
200601
200648
200709
200712
200724
200781
200809
200831
200850
200883
200916
200929
200940
200953
200954
200965
200967
200974
200991
200992
201059
201117
201123
201133
201136
201149
201154
201208
201210
201222
201233
201266
201271
201278
201295
201300
201313
201325
201343
201430
201451
201456
201460
201469
201474
201491
201500
201514
201538
201556
201576
201606
201612
201711
201757
201760
201843
201896
201907
201910
201911
201924
201927
201928
201955
201996
202017
202055
202087
202094
202110
202116
202162
202171
202201
202219
202227
202249
202253
202273
202290
202299
202307
202339
202345
202348
202349
202388
202394
202401
202416
202418
202448
202465
202475
202521
202528
202541
202570
202580
202581
202596
202601
202602
202649
202653
202664
202671
202690
202762
202785
202791
202797
202850
202871
202884
202902
202916
202934
202963
202968
202974
202976
202999
203012
203016
203034
203044
203055
203057
203062
203076
203093
203099
203103
203123
203137
203139
203158
203163
203194
203203
203216
203221
203231
203235
203255
203278
203306
203333
203351
203387
203440
203460
203485
203489
203504
203605
203636
203677
203684
203734
203735
203737
203763
203810
203821
203838
203883
203891
203911
203936
203949
203951
203966
203972
203978
203991
204027
204029
204031
204034
204042
204065
204100
204112
204149
204150
204172
204184
204193
204287
204302
204305
204338
204359
204369
204373
204393
204394
204435
204436
204438
204451
204525
204527
204553
204594
204607
204629
204637
204653
204680
204687
204740
204754
204757
204758
204760
204761
204788
204789
204803
204883
204900
204902
204935
204957
204970
204983
204988
205012
205032
205097
205111
205141
205147
205174
205185
205197
205213
205228
205230
205244
205257
205289
205292
205300
205412
205509
205527
205534
205609
205654
205707
205714
205744
205774
205779
205789
205791
205798
205801
205810
205830
205868
205907
205920
205936
205950
206042
206056
206066
206069
206103
206111
206132
206140
206144
206150
206157
206237
206240
206268
206291
206296
206310
206315
206334
206422
206440
206462
206496
206497
206522
206534
206634
206663
206689
206695
206725
206752
206757
206813
206862
206869
206887
206900
206910
206922
206953
206976
207000
207007
207024
207045
207085
207096
207100
207109
207125
207162
207182
207217
207286
207297
207329
207408
207412
207414
207415
207416
207433
207438
207461
207480
207485
207496
207547
207577
207640
207683
207684
207780
207806
207852
207870
207882
207894
207932
207944
207953
207968
207978
207979
207994
207997
208008
208038
208040
208047
208075
208077
208079
208095
208123
208157
208196
208207
208212
208228
208259
208290
208302
208312
208329
208331
208343
208349
208385
208419
208421
208422
208425
208451
208457
208487
208489
208522
208541
208572
208573
208613
208632
208668
208768
208793
208833
208874
208892
208912
208917
208918
208926
208942
208947
208971
208974
208983
208986
209026
209045
209049
209063
209074
209075
209110
209121
209151
209155
209209
209218
209258
209272
209291
209314
209337
209351
209363
209370
209372
209373
209412
209446
209453
209454
209462
209484
209486
209510
209538
209552
209558
209564
209579
209657
209667
209683
209742
209804
209831
209833
209928
209940
209959
209994
210089
210126
210152
210202
210220
210232
210236
210276
210286
210344
210349
210351
210374
210389
210407
210425
210466
210477
210491
210494
210514
210532
210540
210552
210563
210569
210570
210614
210659
210660
210681
210707
210730
210757
210758
210797
210802
210843
210884
210906
210940
210968
211045
211104
211106
211170
211173
211178
211269
211271
211284
211295
211327
211342
211364
211428
211449
211475
211483
211489
211491
211582
211613
211614
211635
211645
211716
211720
211777
211783
211784
211791
211812
211818
211848
211930
211937
211945
211972
211975
211978
212009
212020
212049
212055
212056
212072
212118
212148
212151
212166
212167
212174
212186
212188
212253
212266
212288
212297
212339
212360
212410
212426
212433
212456
212478
212497
212508
212532
212569
212592
212596
212610
212612
212619
212683
212696
212770
212779
212805
212865
212924
212936
212973
212974
213112
213125
213198
213202
213212
213275
213296
213300
213305
213337
213348
213395
213398
213406
213413
213414
213423
213445
213454
213455
213461
213542
213567
213675
213685
213688
213703
213735
213750
213753
213757
213763
213784
213814
213870
213871
213887
213991
213992
214019
214027
214118
214119
214126
214223
214241
214242
214245
214283
214326
214363
214392
214452
214480
214483
214485
214567
214589
214594
214598
214614
214615
214669
214679
214697
214820
214821
214832
214838
214858
214905
214929
214955
214987
214998
215002
215003
215032
215042
215071
215126
215127
215145
215170
215186
215189
215242
215285
215343
215371
215373
215377
215393
215406
215425
215431
215495
215497
215510
215550
215559
215565
215589
215619
215631
215666
215694
215696
215821
215865
215892
215898
215901
215943
215983
216022
216068
216073
216084
216111
216141
216176
216194
216211
216229
216277
216299
216306
216329
216339
216355
216370
216391
216414
216493
216504
216505
216510
216525
216571
216572
216600
216607
216616
216619
216635
216647
216672
216689
216716
216735
216762
216781
216816
216834
216845
216847
216848
216854
216886
216942
216969
216986
217000
217066
217085
217112
217124
217125
217133
217165
217278
217348
217422
217429
217430
217447
217477
217492
217503
217514
217526
217544
217546
217573
217574
217580
217619
217647
217685
217728
217748
217822
217824
217828
217889
217897
217915
217967
217971
217990
218029
218052
218082
218095
218140
218205
218222
218243
218310
218319
218342
218345
218347
218352
218389
218390
218393
218435
218470
218509
218562
218648
218658
218839
218844
218864
218881
218885
218902
218907
218929
218940
218951
218970
218996
219005
219044
219052
219141
219152
219175
219180
219190
219195
219208
219279
219286
219308
219314
219391
219413
219465
219472
219480
219532
219540
219544
219651
219653
219659
219683
219732
219738
219780
219797
219803
219832
219839
219840
219860
219904
219915
219969
219978
220007
220008
220047
220060
220148
220210
220235
220288
220295
220320
220325
220384
220491
220522
220525
220562
220601
220614
220618
220638
220643
220645
220655
220657
220661
220695
220769
220817
220867
220917
220921
220946
220950
220951
220996
221010
221013
221019
221027
221044
221092
221106
221125
221149
221152
221181
221206
221212
221236
221248
221256
221259
221306
221317
221331
221339
221340
221401
221410
221432
221459
221463
221476
221481
221495
221498
221518
221550
221590
221617
221719
221721
221769
221798
221804
221827
221858
221859
221895
221898
221929
221955
222009
222048
222049
222107
222122
222123
222144
222176
222223
222226
222234
222252
222310
222362
222381
222471
222515
222519
222527
222549
222555
222672
222685
222708
222709
222730
222748
222767
222843
222855
222915
222924
222957
223006
223007
223019
223034
223110
223156
223165
223172
223193
223230
223252
223254
223266
223276
223319
223347
223363
223389
223406
223409
223419
223425
223443
223452
223502
223643
223673
223711
223714
223722
223745
223748
223753
223794
223800
223820
223875
223887
223902
223944
223961
223978
224024
224104
224111
224112
224123
224157
224169
224172
224213
224238
224240
224250
224252
224295
224300
224442
224444
224449
224460
224501
224513
224521
224531
224534
224586
224649
224682
224740
224797
224800
224813
224818
224831
224832
224881
224942
224945
224960
224983
224984
224994
225027
225030
225078
225082
225084
225135
225138
225144
225223
225231
225253
225254
225260
225293
225320
225341
225344
225437
225446
225450
225492
225523
225545
225559
225573
225576
225618
225621
225650
225664
225712
225733
225746
225823
225834
225842
225857
225871
225896
225953
225961
225963
226012
226031
226052
226092
226096
226109
226121
226136
226161
226260
226375
226381
226415
226428
226463
226485
226504
226516
226539
226556
226588
226596
226624
226669
226679
226705
226713
226771
226774
226792
226796
226881
226931
226935
226940
226944
226967
227039
227068
227080
227081
227127
227168
227220
227244
227246
227308
227324
227357
227444
227453
227458
227505
227583
227604
227620
227630
227661
227729
227765
227781
227858
227868
227894
227978
227981
227997
228037
228089
228098
228207
228226
228272
228277
228295
228333
228338
228363
228396
228409
228416
228452
228462
228491
228495
228504
228507
228510
228528
228536
228572
228625
228646
228680
228701
228711
228727
228740
228753
228759
228777
228806
228820
228870
228962
229019
229059
229062
229082
229096
229105
229138
229248
229257
229258
229289
229294
229347
229358
229413
229432
229434
229447
229450
229468
229488
229542
229548
229637
229641
229650
229727
229764
229782
229817
229828
229829
229860
229872
229875
229943
229944
229960
229991
230035
230065
230067
230152
230171
230196
230208
230256
230257
230308
230313
230325
230417
230432
230490
230614
230621
230636
230638
230640
230648
230655
230746
230787
230804
230829
230831
230869
230937
230945
230960
231002
231015
231020
231064
231074
231107
231174
231175
231214
231230
231272
231273
231284
231308
231356
231391
231400
231424
231441
231451
231455
231611
231619
231625
231686
231688
231695
231697
231734
231759
231771
231802
231825
231842
231917
231992
232003
232025
232058
232111
232177
232178
232206
232282
232336
232351
232356
232416
232441
232469
232472
232474
232561
232568
232616
232634
232666
232718
232760
232767
232788
232801
232828
232829
232875
232876
232912
232916
232937
232971
232979
233000
233003
233017
233027
233122
233155
233205
233212
233233
233234
233290
233301
233326
233360
233362
233365
233384
233443
233552
233591
233593
233610
233622
233629
233636
233666
233671
233739
233816
233832
233837
233879
233888
233935
233937
233941
233977
233989
234048
234120
234123
234174
234267
234329
234363
234470
234514
234524
234537
234570
234661
234688
234713
234720
234729
234810
234848
234871
234872
234880
234892
234900
234903
234949
234999
235008
235028
235057
235104
235117
235154
235236
235253
235277
235311
235343
235347
235364
235389
235476
235498
235535
235591
235623
235634
235669
235673
235724
235739
235751
235769
235802
235823
235840
235860
235871
235872
235917
235978
236012
236074
236132
236161
236196
236197
236241
236245
236252
236265
236301
236309
236315
236318
236341
236405
236416
236433
236450
236478
236513
236543
236550
236656
236717
236730
236802
236803
236912
236916
236945
236946
236982
237021
237068
237114
237127
237141
237206
237239
237276
237320
237322
237343
237353
237399
237491
237496
237502
237545
237554
237561
237568
237689
237691
237705
237722
237765
237796
237797
237863
237871
237892
237937
237965
238025
238044
238109
238146
238155
238175
238216
238220
238252
238333
238334
238372
238399
238439
238505
238518
238521
238562
238629
238640
238678
238694
238768
238785
238837
238865
238892
238922
238923
238940
238972
238980
238984
239110
239125
239187
239235
239285
239295
239390
239393
239395
239452
239466
239484
239534
239546
239557
239591
239599
239606
239623
239646
239668
239693
239718
239738
239755
239790
239807
239822
239938
239939
239985
239995
239998
240061
240089
240092
240152
240169
240207
240216
240219
240303
240318
240343
240385
240451
240460
240494
240529
240570
240575
240576
240581
240582
240647
240668
240705
240790
240805
240876
240932
240943
240955
240981
241033
241066
241129
241147
241155
241179
241208
241216
241217
241244
241267
241272
241279
241282
241431
241439
241475
241484
241492
241503
241508
241543
241545
241583
241598
241666
241690
241729
241749
241755
241759
241789
241818
241823
241827
241853
241867
241887
241986
242008
242019
242022
242113
242163
242168
242173
242185
242237
242247
242308
242353
242364
242383
242418
242433
242588
242617
242647
242661
242693
242717
242819
242841
242849
242892
242895
242909
242933
242973
242980
242998
243012
243024
243060
243099
243166
243167
243195
243200
243218
243316
243319
243320
243333
243343
243368
243401
243476
243499
243519
243539
243572
243664
243707
243709
243730
243781
243852
243867
243902
243913
243947
243986
244022
244074
244109
244162
244198
244281
244329
244331
244355
244410
244411
244502
244503
244572
244604
244616
244791
244808
244819
244824
244825
244832
244853
244897
244900
244920
244960
244978
244999
245083
245099
245109
245134
245170
245193
245194
245245
245287
245319
245321
245384
245393
245405
245562
245570
245571
245609
245640
245682
245695
245749
245751
245808
245889
245896
245917
245921
245985
246004
246016
246060
246086
246111
246153
246165
246189
246196
246275
246283
246322
246386
246406
246416
246427
246462
246480
246520
246533
246537
246620
246654
246658
246671
246686
246693
246746
248044
248045
248046
248047
248048
248049
248050
248051
248052
248053
248054
248055
248056
248057
248058
248059
248060
248061
248062
248063
248064
248065
248066
248067
248068
248069
248070
248071
248072
248073
248074
248075
248076
