0
1
2
3
4
5
6
7
8
9
10
11
12
13
14
15
16
17
18
19
20
21
22
23
24
25
26
27
28
29
30
31
32
33
34
35
36
37
38
39
40
41
42
43
44
45
46
47
48
49
50
51
52
53
54
55
56
57
58
59
60
61
62
63
64
65
66
67
68
69
70
71
72
73
74
75
76
77
78
79
80
81
82
83
84
85
86
87
88
89
90
91
92
93
94
95
96
97
98
99
100
101
102
103
104
105
106
107
108
109
110
111
112
113
114
115
116
117
118
119
120
121
122
123
124
125
126
127
128
129
130
131
132
133
134
135
136
137
138
139
140
141
142
143
144
145
146
147
148
149
150
151
152
153
154
155
156
157
158
159
160
161
162
163
164
165
166
167
168
169
170
171
172
173
174
175
176
177
178
179
180
181
182
183
184
185
186
187
188
189
190
191
192
193
194
195
196
197
198
199
200
201
202
203
204
205
206
207
208
209
210
211
212
213
214
215
216
217
218
219
220
221
222
223
224
225
226
227
228
229
230
231
232
233
234
235
236
237
238
239
240
241
242
243
244
245
246
247
248
249
250
251
252
253
254
255
256
257
258
259
260
261
262
263
264
265
266
267
268
269
270
271
272
273
274
275
276
277
278
279
280
281
282
283
284
285
286
287
288
289
290
291
292
293
294
295
296
297
298
299
300
301
302
303
304
305
306
307
308
309
310
311
312
313
314
315
316
317
318
319
320
321
322
323
324
325
326
327
328
329
330
331
332
333
334
335
336
337
338
339
340
341
342
343
344
345
346
347
348
349
350
351
352
353
354
355
356
357
358
359
360
361
362
363
364
365
366
367
368
369
370
371
372
373
374
375
376
377
378
379
380
381
382
383
384
385
386
387
388
389
390
391
392
393
394
395
396
397
398
399
400
401
402
403
404
405
406
407
408
409
410
411
412
413
414
415
416
417
418
419
420
421
422
423
424
425
426
427
428
429
430
431
432
433
434
435
436
437
438
439
440
441
442
443
444
445
446
447
448
449
450
451
452
453
454
455
456
457
458
459
460
461
462
463
464
465
466
467
468
469
470
471
472
473
474
475
476
477
478
479
480
481
482
483
484
485
486
487
488
489
490
491
492
493
494
495
496
497
498
499
500
501
502
503
504
505
506
507
508
509
510
511
512
513
514
515
516
517
518
519
520
521
522
523
524
525
526
527
528
529
530
531
532
533
534
535
536
537
538
539
540
541
542
543
544
545
546
547
548
549
550
551
552
553
554
555
556
557
558
559
560
561
562
563
564
565
566
567
568
569
570
571
572
573
574
575
576
577
578
579
580
581
582
583
584
585
586
587
588
589
590
591
592
593
594
595
596
597
598
599
600
601
602
603
604
605
606
607
608
609
610
611
612
613
614
615
616
617
618
619
620
621
622
623
624
625
626
627
628
629
630
631
632
633
634
635
636
637
638
639
640
641
642
643
644
645
646
647
648
649
650
651
652
653
654
655
656
657
658
659
660
661
662
663
664
665
666
667
668
669
670
671
672
673
674
675
676
677
678
679
680
681
682
683
684
685
686
687
688
689
690
691
692
693
694
695
696
697
698
699
700
701
702
703
704
705
706
707
708
709
710
711
712
713
714
715
716
717
718
719
720
721
722
723
724
725
726
727
728
729
730
731
732
733
734
735
736
737
738
739
740
741
742
743
744
745
746
747
748
749
750
751
752
753
754
755
756
757
758
759
760
761
762
763
764
765
766
767
768
769
770
771
772
773
774
775
776
777
778
779
780
781
782
783
784
785
786
787
788
789
790
791
792
793
794
795
796
797
798
799
800
801
802
803
804
805
806
807
808
809
810
811
812
813
814
815
816
817
818
819
821
822
823
824
825
826
827
828
829
830
831
832
833
834
835
836
837
838
839
840
841
842
843
844
846
847
848
849
850
851
852
853
854
855
856
857
858
859
860
861
862
863
864
866
867
868
869
870
871
872
873
874
875
876
877
878
879
880
881
882
883
884
885
886
887
888
889
890
891
892
893
894
895
896
897
898
899
900
901
902
903
904
905
906
907
908
909
910
911
912
913
914
915
916
917
918
919
920
921
922
923
924
925
926
927
928
929
930
931
932
933
934
935
936
937
938
939
940
941
942
943
944
945
946
947
948
949
950
951
952
953
954
955
956
957
958
959
960
961
962
963
964
965
966
967
968
969
970
971
972
973
974
975
976
977
978
979
980
981
982
983
984
985
986
987
988
989
990
991
992
993
994
995
996
997
998
999
1000
1001
1002
1003
1004
1005
1006
1007
1008
1009
1010
1011
1012
1013
1014
1015
1016
1017
1018
1019
1020
1021
1022
1023
1024
1025
1026
1027
1028
1029
1030
1031
1032
1033
1034
1035
1037
1038
1039
1040
1041
1042
1043
1044
1045
1046
1047
1048
1049
1050
1051
1052
1053
1054
1055
1056
1057
1058
1059
1060
1061
1062
1063
1064
1065
1066
1067
1068
1069
1070
1071
1072
1073
1074
1075
1076
1077
1078
1079
1080
1081
1082
1083
1084
1085
1086
1087
1088
1089
1090
1091
1092
1093
1094
1095
1096
1097
1098
1099
1100
1101
1102
1103
1104
1105
1106
1107
1108
1109
1110
1111
1112
1113
1114
1115
1116
1117
1118
1119
1120
1121
1122
1123
1124
1125
1126
1127
1128
1129
1130
1131
1132
1133
1134
1135
1136
1137
1138
1139
1140
1141
1142
1143
1144
1145
1146
1147
1148
1149
1150
1151
1152
1153
1154
1155
1156
1157
1158
1159
1160
1161
1162
1163
1164
1165
1166
1167
1168
1169
1170
1171
1172
1173
1174
1175
1176
1178
1179
1180
1181
1182
1183
1184
1185
1186
1187
1188
1189
1190
1191
1192
1193
1194
1195
1196
1197
1198
1199
1200
1201
1202
1203
1204
1205
1206
1207
1208
1209
1210
1211
1212
1213
1214
1215
1216
1217
1218
1219
1220
1221
1222
1223
1224
1225
1226
1227
1228
1229
1230
1231
1232
1234
1235
1236
1237
1238
1239
1240
1241
1242
1243
1244
1245
1246
1247
1248
1249
1250
1251
1252
1253
1254
1255
1256
1257
1258
1259
1260
1261
1262
1263
1264
1265
1266
1267
1268
1269
1270
1271
1272
1273
1274
1275
1276
1277
1278
1279
1280
1281
1282
1283
1284
1285
1286
1287
1288
1289
1290
1291
1292
1293
1294
1295
1296
1297
1298
1299
1300
1301
1302
1303
1304
1305
1306
1307
1308
1309
1310
1311
1312
1313
1314
1315
1316
1317
1318
1319
1320
1321
1322
1323
1324
1325
1326
1327
1328
1329
1330
1331
1332
1333
1334
1335
1336
1337
1338
1339
1340
1341
1342
1343
1344
1345
1346
1347
1348
1349
1350
1351
1352
1353
1354
1355
1356
1357
1358
1359
1360
1361
1362
1363
1364
1365
1366
1367
1368
1369
1370
1371
1372
1373
1374
1375
1376
1377
1378
1379
1380
1381
1382
1384
1385
1386
1387
1388
1389
1390
1391
1392
1393
1394
1395
1396
1397
1399
1400
1401
1402
1403
1404
1405
1406
1407
1408
1409
1410
1411
1412
1413
1414
1415
1416
1417
1418
1419
1420
1421
1422
1423
1424
1425
1426
1427
1428
1429
1430
1431
1432
1433
1434
1435
1436
1437
1438
1439
1440
1441
1442
1443
1444
1445
1446
1447
1448
1449
1451
1452
1453
1454
1455
1456
1457
1458
1459
1460
1461
1462
1463
1464
1465
1466
1467
1468
1469
1470
1471
1472
1473
1474
1475
1476
1477
1478
1479
1480
1481
1482
1483
1484
1485
1486
1487
1488
1489
1490
1491
1492
1493
1494
1495
1496
1497
1498
1499
1500
1501
1502
1503
1504
1505
1506
1507
1508
1509
1510
1511
1512
1513
1514
1515
1516
1517
1518
1519
1520
1521
1522
1523
1524
1525
1526
1527
1528
1529
1530
1531
1532
1533
1534
1535
1536
1537
1538
1539
1540
1541
1542
1543
1544
1545
1546
1547
1548
1549
1550
1551
1552
1553
1554
1555
1556
1557
1558
1559
1560
1561
1562
1563
1564
1565
1566
1567
1568
1569
1570
1571
1572
1573
1574
1575
1576
1577
1578
1579
1580
1581
1582
1583
1584
1585
1586
1587
1588
1589
1590
1591
1592
1593
1594
1595
1596
1597
1598
1599
1600
1601
1602
1603
1604
1605
1606
1607
1608
1609
1610
1611
1612
1613
1615
1616
1617
1618
1619
1620
1621
1622
1623
1624
1625
1626
1627
1628
1630
1631
1632
1633
1634
1635
1636
1637
1638
1639
1640
1641
1642
1643
1644
1645
1646
1647
1648
1649
1650
1651
1652
1653
1654
1655
1656
1657
1658
1659
1660
1661
1662
1663
1664
1665
1666
1667
1668
1669
1670
1671
1672
1673
1674
1675
1676
1678
1679
1680
1681
1682
1683
1684
1685
1686
1687
1688
1689
1690
1691
1692
1693
1694
1695
1696
1697
1698
1699
1700
1701
1702
1703
1704
1705
1706
1707
1708
1709
1710
1711
1712
1713
1714
1715
1716
1717
1718
1719
1720
1721
1722
1723
1724
1725
1726
1727
1728
1729
1730
1731
1732
1733
1734
1735
1736
1737
1738
1739
1740
1741
1742
1743
1744
1745
1746
1747
1748
1749
1750
1752
1753
1754
1755
1756
1757
1759
1760
1761
1762
1763
1764
1765
1766
1767
1768
1769
1770
1771
1772
1773
1774
1775
1776
1777
1778
1779
1780
1781
1782
1783
1784
1785
1786
1787
1788
1789
1790
1791
1792
1793
1794
1795
1796
1797
1798
1799
1800
1801
1802
1803
1804
1805
1806
1807
1808
1809
1810
1811
1812
1813
1814
1815
1816
1817
1818
1819
1820
1821
1822
1823
1824
1825
1826
1827
1828
1829
1830
1831
1832
1833
1834
1835
1836
1837
1838
1839
1840
1841
1842
1843
1844
1845
1846
1847
1848
1849
1850
1851
1852
1853
1854
1855
1856
1857
1858
1859
1860
1861
1862
1864
1865
1866
1867
1868
1869
1870
1871
1872
1873
1874
1875
1876
1877
1878
1879
1880
1881
1882
1883
1884
1885
1886
1887
1888
1889
1890
1891
1892
1893
1894
1895
1896
1897
1898
1899
1900
1901
1902
1903
1904
1905
1906
1907
1908
1909
1910
1911
1912
1914
1915
1916
1917
1918
1919
1920
1921
1922
1923
1924
1925
1926
1927
1928
1929
1930
1931
1932
1934
1935
1936
1937
1938
1940
1941
1942
1943
1944
1945
1946
1947
1948
1949
1950
1951
1952
1953
1954
1955
1956
1957
1958
1959
1960
1962
1963
1964
1965
1966
1967
1968
1969
1970
1971
1972
1973
1974
1975
1976
1977
1978
1979
1980
1981
1982
1983
1984
1985
1986
1987
1988
1989
1990
1991
1992
1993
1994
1995
1996
1997
1998
1999
2000
2001
2002
2003
2004
2005
2006
2007
2008
2009
2010
2011
2012
2014
2015
2017
2018
2019
2020
2021
2022
2023
2024
2025
2026
2027
2028
2029
2030
2031
2032
2033
2034
2035
2036
2037
2038
2039
2041
2042
2043
2044
2045
2046
2047
2048
2050
2051
2052
2053
2054
2055
2056
2057
2058
2059
2060
2061
2062
2063
2064
2065
2067
2068
2069
2070
2071
2072
2073
2074
2075
2076
2077
2078
2079
2080
2081
2082
2083
2084
2085
2086
2087
2088
2089
2090
2091
2093
2094
2095
2096
2097
2098
2099
2100
2101
2103
2104
2105
2106
2107
2108
2109
2110
2111
2112
2113
2114
2116
2117
2118
2119
2120
2121
2122
2123
2124
2125
2126
2127
2128
2129
2130
2131
2132
2133
2134
2135
2136
2137
2138
2139
2140
2141
2142
2143
2144
2145
2146
2147
2148
2149
2150
2151
2152
2153
2154
2155
2156
2158
2159
2160
2161
2162
2163
2164
2165
2166
2167
2168
2169
2170
2171
2172
2173
2174
2175
2176
2177
2178
2179
2180
2181
2182
2184
2185
2186
2187
2188
2189
2190
2191
2192
2193
2194
2195
2196
2197
2198
2199
2200
2201
2202
2203
2204
2205
2206
2207
2208
2209
2210
2211
2212
2213
2215
2216
2217
2218
2220
2221
2222
2224
2225
2226
2227
2228
2229
2230
2231
2232
2233
2234
2235
2236
2237
2238
2239
2240
2241
2243
2244
2245
2246
2247
2248
2249
2250
2251
2252
2253
2254
2255
2256
2257
2258
2259
2260
2261
2262
2263
2264
2265
2266
2267
2268
2269
2270
2271
2272
2273
2274
2275
2276
2277
2278
2279
2280
2282
2283
2284
2285
2286
2287
2288
2289
2290
2291
2292
2293
2294
2295
2296
2297
2298
2299
2300
2301
2302
2303
2304
2305
2306
2307
2308
2309
2310
2311
2312
2313
2314
2315
2316
2318
2319
2320
2321
2322
2323
2324
2325
2326
2327
2328
2329
2330
2331
2332
2333
2334
2335
2336
2337
2338
2339
2341
2342
2343
2344
2345
2346
2347
2348
2349
2350
2353
2354
2355
2356
2357
2358
2359
2360
2361
2362
2364
2366
2367
2368
2369
2370
2372
2373
2374
2375
2376
2377
2378
2379
2380
2381
2382
2383
2384
2385
2386
2387
2388
2389
2390
2391
2392
2393
2394
2395
2396
2397
2398
2399
2400
2401
2402
2403
2404
2405
2406
2407
2408
2409
2410
2411
2412
2413
2414
2415
2416
2417
2418
2420
2421
2422
2423
2424
2425
2426
2427
2428
2429
2430
2432
2433
2434
2435
2436
2437
2438
2439
2440
2441
2442
2443
2444
2445
2446
2447
2448
2450
2452
2453
2454
2455
2456
2457
2458
2459
2460
2461
2462
2463
2464
2465
2466
2467
2468
2469
2470
2471
2472
2473
2475
2476
2477
2478
2479
2480
2481
2482
2483
2484
2485
2486
2487
2488
2489
2490
2491
2492
2493
2494
2495
2496
2497
2498
2499
2500
2501
2502
2503
2504
2505
2506
2507
2508
2509
2510
2511
2512
2513
2514
2515
2516
2517
2518
2519
2520
2521
2522
2523
2524
2525
2526
2527
2528
2529
2530
2531
2532
2533
2534
2535
2536
2537
2538
2539
2540
2541
2542
2543
2544
2545
2546
2547
2548
2549
2550
2551
2552
2553
2554
2556
2557
2558
2559
2560
2561
2562
2563
2564
2565
2566
2567
2568
2569
2570
2571
2572
2573
2574
2575
2576
2577
2578
2579
2580
2581
2582
2583
2585
2586
2587
2588
2589
2590
2591
2592
2593
2594
2595
2596
2597
2598
2599
2600
2601
2602
2603
2604
2605
2607
2608
2609
2610
2611
2612
2613
2614
2615
2617
2618
2619
2621
2622
2623
2624
2625
2626
2627
2628
2629
2630
2631
2632
2633
2634
2635
2636
2637
2638
2639
2640
2641
2642
2643
2644
2645
2646
2647
2648
2649
2650
2651
2652
2653
2654
2655
2656
2657
2658
2659
2660
2661
2662
2663
2664
2665
2666
2668
2669
2670
2671
2673
2674
2675
2676
2677
2678
2679
2680
2681
2682
2683
2684
2685
2686
2687
2688
2689
2690
2691
2692
2693
2694
2695
2696
2697
2698
2699
2700
2701
2702
2703
2704
2705
2706
2707
2708
2709
2711
2712
2713
2714
2715
2716
2717
2718
2719
2720
2721
2722
2723
2724
2725
2726
2727
2729
2730
2731
2732
2733
2734
2736
2737
2738
2739
2740
2741
2742
2743
2744
2745
2746
2747
2748
2749
2750
2751
2752
2753
2754
2755
2756
2757
2758
2759
2760
2761
2762
2763
2764
2765
2766
2767
2768
2769
2770
2771
2772
2773
2774
2775
2776
2777
2779
2780
2781
2782
2783
2784
2785
2786
2787
2788
2789
2790
2791
2792
2793
2794
2795
2796
2797
2798
2799
2800
2801
2802
2803
2804
2805
2806
2807
2808
2809
2810
2811
2813
2814
2815
2816
2817
2818
2820
2821
2822
2823
2824
2825
2826
2827
2828
2829
2830
2831
2832
2833
2834
2835
2836
2837
2838
2839
2840
2841
2842
2843
2844
2845
2846
2847
2848
2849
2850
2851
2852
2854
2855
2856
2857
2858
2859
2860
2861
2862
2863
2864
2865
2866
2867
2868
2869
2870
2871
2872
2873
2874
2875
2876
2877
2878
2879
2880
2881
2882
2883
2884
2885
2887
2888
2891
2892
2893
2894
2895
2896
2897
2898
2899
2900
2901
2902
2903
2904
2905
2906
2907
2908
2909
2910
2911
2912
2913
2914
2915
2916
2917
2918
2919
2920
2921
2922
2923
2924
2925
2926
2928
2929
2930
2931
2932
2933
2934
2935
2937
2938
2939
2940
2941
2942
2943
2944
2945
2946
2947
2948
2949
2950
2951
2952
2953
2954
2955
2956
2957
2958
2959
2960
2961
2962
2963
2964
2965
2966
2967
2968
2969
2970
2971
2972
2973
2974
2975
2976
2977
2978
2979
2980
2981
2982
2983
2984
2985
2986
2987
2988
2989
2990
2991
2992
2993
2994
2995
2996
2997
2998
3000
3001
3002
3003
3004
3005
3006
3007
3008
3009
3010
3011
3012
3013
3014
3015
3016
3017
3018
3019
3020
3021
3022
3023
3024
3025
3026
3027
3028
3031
3032
3033
3034
3035
3036
3037
3038
3039
3040
3041
3042
3043
3044
3045
3046
3047
3048
3049
3050
3051
3052
3053
3054
3055
3056
3057
3058
3059
3060
3061
3062
3063
3064
3065
3066
3067
3069
3070
3071
3072
3073
3074
3075
3076
3077
3078
3079
3080
3081
3082
3083
3084
3085
3086
3087
3088
3089
3090
3091
3092
3094
3095
3097
3099
3100
3101
3102
3103
3104
3105
3106
3107
3108
3109
3110
3111
3112
3113
3114
3115
3116
3117
3118
3120
3122
3123
3124
3125
3126
3127
3128
3129
3130
3131
3132
3133
3134
3135
3136
3137
3138
3139
3140
3141
3142
3143
3144
3145
3146
3147
3148
3149
3150
3151
3152
3153
3154
3155
3156
3157
3158
3159
3160
3161
3162
3163
3164
3165
3166
3167
3168
3170
3171
3172
3173
3174
3175
3176
3177
3178
3179
3180
3181
3183
3184
3185
3186
3187
3188
3189
3190
3191
3192
3193
3194
3196
3197
3198
3199
3200
3201
3202
3203
3204
3205
3207
3208
3209
3210
3212
3213
3214
3215
3216
3217
3218
3219
3221
3222
3223
3224
3225
3226
3227
3228
3229
3230
3231
3232
3233
3234
3235
3237
3238
3239
3240
3241
3242
3243
3244
3245
3246
3247
3248
3249
3250
3251
3252
3253
3254
3255
3256
3257
3258
3259
3260
3262
3263
3264
3265
3266
3267
3268
3269
3270
3271
3272
3273
3274
3275
3276
3277
3278
3279
3280
3281
3282
3283
3284
3285
3286
3287
3288
3289
3290
3291
3292
3293
3294
3295
3296
3297
3298
3299
3300
3301
3302
3303
3304
3305
3306
3307
3308
3309
3310
3311
3312
3313
3314
3315
3316
3317
3318
3319
3320
3321
3322
3323
3324
3325
3326
3327
3328
3329
3330
3331
3332
3333
3334
3335
3336
3337
3339
3340
3341
3342
3343
3344
3345
3346
3347
3348
3349
3350
3351
3352
3354
3355
3356
3357
3358
3359
3360
3361
3362
3363
3364
3365
3366
3367
3368
3369
3370
3371
3372
3373
3374
3375
3376
3377
3378
3379
3380
3381
3382
3383
3384
3385
3386
3387
3388
3389
3390
3391
3392
3393
3394
3395
3396
3397
3398
3399
3400
3401
3402
3403
3404
3405
3406
3407
3408
3409
3410
3412
3413
3414
3415
3416
3417
3418
3420
3421
3422
3423
3424
3425
3426
3427
3428
3429
3430
3431
3432
3433
3434
3435
3436
3437
3438
3439
3440
3442
3443
3444
3445
3446
3447
3448
3449
3450
3451
3452
3455
3456
3457
3458
3459
3460
3461
3462
3463
3464
3465
3466
3467
3468
3469
3470
3471
3472
3473
3474
3475
3476
3477
3478
3479
3480
3481
3482
3483
3484
3485
3486
3487
3488
3489
3490
3491
3492
3493
3494
3495
3496
3497
3498
3499
3500
3501
3502
3503
3504
3505
3506
3507
3508
3509
3510
3511
3512
3513
3514
3515
3516
3517
3518
3519
3520
3521
3522
3523
3524
3525
3526
3527
3528
3529
3530
3531
3532
3533
3534
3535
3536
3537
3538
3539
3541
3542
3544
3545
3546
3547
3548
3549
3550
3551
3552
3553
3554
3555
3556
3557
3558
3559
3560
3561
3562
3563
3564
3565
3566
3567
3568
3569
3570
3571
3572
3573
3574
3575
3576
3577
3578
3579
3580
3581
3582
3583
3584
3585
3586
3587
3588
3589
3590
3591
3592
3593
3594
3595
3596
3597
3598
3599
3600
3601
3602
3603
3604
3605
3606
3607
3608
3609
3610
3611
3612
3613
3614
3615
3617
3618
3619
3620
3621
3622
3623
3624
3625
3626
3627
3628
3629
3630
3631
3632
3633
3634
3635
3636
3637
3638
3639
3641
3642
3643
3644
3645
3646
3648
3649
3650
3651
3653
3654
3655
3656
3657
3658
3659
3660
3661
3662
3663
3664
3665
3666
3667
3668
3669
3670
3671
3672
3674
3675
3676
3677
3678
3679
3680
3681
3682
3683
3684
3685
3686
3687
3689
3690
3691
3692
3693
3694
3695
3696
3697
3700
3701
3702
3703
3704
3705
3706
3707
3708
3709
3710
3711
3712
3713
3714
3715
3716
3717
3718
3719
3720
3721
3722
3723
3724
3725
3726
3727
3728
3729
3730
3731
3732
3733
3734
3736
3737
3738
3739
3740
3741
3742
3743
3744
3745
3746
3747
3748
3749
3750
3751
3752
3753
3754
3755
3756
3757
3758
3759
3760
3761
3762
3763
3764
3765
3766
3767
3768
3769
3770
3771
3772
3773
3774
3775
3776
3778
3779
3780
3781
3782
3783
3784
3785
3786
3787
3788
3789
3790
3791
3792
3793
3794
3795
3796
3797
3798
3799
3801
3802
3803
3804
3805
3806
3807
3808
3809
3810
3811
3812
3813
3814
3815
3816
3817
3818
3819
3820
3821
3822
3824
3825
3826
3827
3828
3829
3830
3831
3832
3833
3834
3835
3836
3837
3838
3839
3840
3841
3842
3843
3844
3845
3847
3848
3850
3851
3852
3853
3854
3855
3856
3857
3858
3859
3860
3861
3863
3864
3865
3866
3867
3868
3869
3870
3871
3872
3874
3875
3876
3877
3878
3879
3881
3882
3883
3884
3885
3886
3887
3888
3889
3890
3891
3892
3895
3896
3897
3898
3899
3900
3901
3902
3903
3905
3906
3907
3908
3909
3910
3911
3912
3913
3914
3915
3916
3917
3918
3919
3920
3921
3922
3923
3924
3925
3926
3927
3928
3929
3930
3931
3933
3934
3935
3936
3937
3938
3939
3940
3942
3943
3944
3945
3946
3947
3948
3949
3950
3951
3952
3953
3954
3955
3956
3957
3958
3959
3960
3961
3962
3964
3965
3966
3967
3968
3969
3970
3971
3972
3973
3974
3975
3976
3977
3978
3979
3980
3981
3982
3983
3984
3985
3986
3987
3988
3989
3990
3991
3992
3993
3994
3995
3996
3997
3998
3999
4000
4001
4002
4003
4004
4005
4006
4007
4008
4009
4010
4011
4012
4013
4014
4015
4016
4017
4018
4019
4020
4021
4022
4023
4024
4025
4026
4027
4028
4029
4030
4031
4032
4033
4034
4035
4036
4037
4038
4039
4040
4041
4042
4043
4044
4045
4046
4047
4048
4049
4050
4051
4052
4053
4054
4055
4056
4057
4058
4059
4060
4061
4062
4063
4064
4065
4066
4067
4068
4069
4070
4071
4072
4073
4074
4075
4076
4077
4078
4079
4080
4081
4082
4083
4084
4086
4087
4088
4089
4090
4091
4092
4093
4094
4095
4097
4098
4099
4100
4101
4102
4104
4105
4106
4107
4108
4109
4111
4112
4114
4115
4116
4117
4118
4119
4120
4121
4122
4123
4124
4125
4126
4127
4128
4129
4130
4131
4132
4133
4134
4136
4137
4138
4139
4140
4141
4143
4144
4145
4146
4147
4148
4149
4150
4151
4152
4154
4155
4156
4158
4159
4160
4161
4162
4163
4164
4165
4166
4167
4168
4169
4170
4171
4172
4173
4174
4175
4176
4177
4178
4179
4180
4181
4182
4183
4184
4185
4186
4188
4189
4190
4191
4192
4193
4194
4195
4196
4197
4199
4200
4201
4202
4203
4204
4205
4206
4207
4208
4209
4210
4211
4212
4213
4214
4216
4217
4218
4219
4220
4221
4222
4223
4224
4225
4226
4227
4228
4229
4230
4232
4233
4234
4235
4236
4237
4238
4239
4240
4241
4242
4243
4244
4245
4246
4247
4248
4249
4251
4252
4253
4254
4255
4256
4257
4258
4259
4260
4261
4262
4263
4264
4265
4266
4267
4268
4269
4270
4271
4272
4273
4274
4275
4276
4277
4278
4279
4281
4282
4283
4284
4285
4286
4287
4288
4289
4290
4291
4292
4293
4294
4296
4297
4299
4300
4301
4302
4303
4304
4305
4306
4307
4308
4309
4310
4311
4312
4313
4314
4315
4316
4317
4318
4319
4320
4321
4322
4323
4324
4325
4327
4328
4329
4330
4331
4332
4333
4334
4335
4336
4337
4338
4339
4340
4341
4342
4343
4344
4345
4346
4347
4348
4350
4351
4352
4353
4354
4355
4356
4357
4358
4359
4360
4361
4362
4363
4364
4365
4366
4367
4368
4369
4370
4371
4372
4373
4374
4375
4376
4377
4378
4379
4380
4381
4382
4383
4384
4385
4386
4387
4389
4390
4391
4392
4393
4394
4395
4396
4397
4398
4399
4400
4401
4402
4404
4405
4406
4407
4409
4410
4412
4413
4414
4415
4416
4417
4418
4419
4420
4421
4422
4423
4424
4425
4426
4427
4428
4429
4430
4431
4432
4433
4434
4435
4436
4437
4438
4439
4440
4441
4442
4443
4444
4445
4446
4447
4448
4449
4450
4451
4452
4453
4454
4455
4456
4457
4458
4459
4460
4461
4462
4463
4464
4465
4466
4467
4468
4469
4470
4471
4472
4473
4474
4475
4477
4478
4479
4480
4481
4482
4483
4484
4485
4486
4487
4488
4489
4490
4491
4492
4493
4494
4495
4496
4497
4498
4499
4500
4501
4502
4503
4504
4505
4506
4507
4508
4509
4510
4511
4512
4513
4514
4515
4516
4518
4519
4520
4521
4522
4523
4524
4525
4526
4527
4528
4529
4530
4531
4532
4533
4534
4535
4536
4537
4538
4539
4540
4541
4542
4543
4545
4546
4547
4549
4550
4551
4552
4553
4554
4555
4556
4557
4558
4559
4560
4561
4562
4563
4564
4565
4566
4567
4568
4570
4571
4572
4573
4574
4575
4576
4577
4578
4580
4581
4582
4583
4584
4585
4586
4587
4588
4589
4590
4591
4592
4593
4594
4595
4596
4598
4599
4600
4601
4602
4603
4605
4606
4607
4608
4609
4610
4611
4612
4613
4614
4615
4616
4617
4618
4619
4620
4621
4622
4623
4624
4625
4628
4629
4630
4631
4632
4633
4634
4635
4636
4637
4638
4639
4640
4641
4642
4644
4645
4648
4649
4650
4651
4652
4653
4654
4656
4657
4658
4659
4660
4661
4662
4663
4664
4665
4666
4667
4668
4670
4671
4672
4673
4674
4675
4676
4677
4678
4679
4680
4681
4682
4683
4684
4685
4686
4687
4688
4689
4690
4691
4692
4693
4694
4695
4696
4697
4698
4699
4700
4701
4702
4703
4704
4706
4707
4708
4709
4710
4711
4712
4713
4714
4715
4716
4717
4718
4719
4720
4721
4722
4723
4724
4725
4726
4727
4729
4730
4731
4732
4733
4734
4735
4736
4737
4738
4739
4740
4741
4742
4744
4745
4746
4747
4748
4749
4750
4751
4752
4753
4754
4755
4756
4757
4758
4759
4761
4762
4763
4764
4766
4767
4768
4769
4770
4771
4773
4774
4775
4776
4777
4778
4779
4780
4781
4782
4783
4784
4785
4786
4787
4789
4790
4791
4792
4793
4794
4795
4796
4798
4799
4800
4801
4802
4803
4804
4805
4806
4807
4808
4809
4810
4811
4814
4816
4817
4818
4820
4821
4822
4823
4825
4826
4827
4828
4829
4830
4831
4832
4833
4834
4835
4836
4837
4838
4839
4840
4841
4842
4843
4844
4845
4846
4847
4848
4849
4850
4851
4852
4853
4854
4855
4856
4857
4858
4859
4860
4861
4862
4863
4866
4867
4868
4870
4871
4873
4874
4875
4876
4878
4879
4880
4881
4882
4883
4884
4885
4886
4887
4888
4889
4890
4891
4892
4893
4895
4896
4897
4898
4899
4900
4902
4903
4904
4905
4906
4907
4908
4909
4910
4911
4912
4913
4914
4915
4916
4917
4918
4919
4920
4921
4922
4923
4924
4925
4926
4927
4928
4929
4930
4931
4932
4933
4934
4935
4936
4937
4938
4939
4941
4942
4943
4944
4945
4946
4947
4950
4951
4952
4953
4954
4955
4956
4957
4958
4959
4960
4961
4962
4963
4964
4965
4966
4967
4968
4969
4970
4971
4972
4973
4974
4976
4977
4978
4979
4980
4981
4982
4983
4984
4985
4986
4987
4988
4989
4990
4991
4992
4993
4994
4995
4996
4997
4998
4999
5000
5001
5002
5003
5004
5005
5006
5007
5008
5009
5010
5011
5012
5013
5014
5015
5016
5017
5018
5019
5020
5021
5022
5023
5024
5025
5026
5027
5028
5029
5030
5031
5032
5033
5034
5036
5037
5038
5039
5040
5041
5042
5043
5044
5045
5046
5047
5048
5049
5050
5051
5052
5053
5055
5056
5057
5058
5059
5060
5061
5062
5064
5065
5066
5067
5068
5069
5070
5071
5072
5073
5074
5075
5076
5077
5078
5079
5080
5081
5082
5083
5084
5085
5087
5088
5089
5090
5091
5093
5094
5095
5096
5097
5098
5099
5101
5102
5103
5104
5105
5106
5108
5109
5110
5111
5112
5113
5114
5115
5116
5117
5118
5119
5120
5121
5122
5123
5124
5125
5126
5127
5128
5129
5130
5131
5132
5133
5134
5135
5136
5137
5138
5139
5140
5141
5142
5143
5144
5145
5146
5147
5148
5149
5150
5151
5152
5153
5154
5155
5157
5158
5159
5160
5161
5162
5163
5164
5165
5166
5167
5168
5169
5170
5171
5172
5173
5174
5175
5176
5177
5178
5179
5180
5181
5182
5183
5184
5186
5187
5188
5189
5190
5191
5192
5193
5194
5195
5196
5197
5198
5199
5200
5201
5202
5203
5204
5205
5206
5207
5208
5209
5210
5211
5212
5213
5214
5215
5216
5217
5218
5219
5220
5221
5222
5223
5224
5225
5226
5227
5228
5229
5230
5231
5232
5235
5236
5237
5238
5239
5241
5242
5243
5245
5246
5247
5248
5249
5251
5252
5253
5254
5255
5256
5257
5258
5259
5260
5261
5262
5263
5264
5265
5266
5267
5268
5270
5271
5272
5273
5274
5275
5276
5277
5278
5279
5280
5281
5282
5283
5284
5285
5287
5288
5289
5290
5291
5292
5293
5295
5296
5297
5298
5299
5302
5303
5304
5305
5306
5307
5308
5309
5310
5312
5313
5314
5315
5316
5317
5318
5319
5320
5321
5323
5324
5325
5326
5327
5328
5330
5331
5332
5334
5335
5336
5337
5338
5339
5340
5342
5343
5344
5345
5346
5347
5348
5349
5350
5351
5352
5353
5354
5355
5356
5357
5358
5359
5360
5361
5362
5363
5364
5365
5366
5367
5368
5369
5370
5371
5372
5373
5374
5375
5376
5377
5378
5379
5380
5381
5382
5383
5384
5385
5386
5388
5389
5390
5391
5392
5394
5395
5396
5397
5398
5399
5400
5401
5402
5403
5404
5405
5406
5407
5408
5409
5411
5412
5413
5414
5416
5417
5418
5419
5420
5423
5424
5425
5426
5427
5428
5429
5430
5431
5432
5433
5434
5435
5436
5437
5438
5439
5440
5441
5442
5443
5444
5445
5446
5447
5448
5449
5450
5451
5452
5453
5454
5455
5456
5457
5458
5460
5461
5462
5463
5464
5465
5466
5467
5468
5469
5470
5471
5472
5473
5474
5475
5476
5477
5478
5479
5480
5481
5482
5483
5484
5485
5486
5487
5488
5489
5490
5491
5492
5493
5494
5495
5496
5497
5498
5499
5500
5501
5502
5503
5505
5506
5507
5508
5509
5510
5511
5512
5513
5514
5515
5517
5518
5520
5521
5522
5523
5524
5525
5526
5527
5528
5529
5530
5531
5532
5533
5534
5535
5536
5537
5538
5540
5541
5543
5544
5545
5546
5548
5549
5550
5551
5552
5553
5554
5555
5557
5558
5559
5560
5561
5562
5563
5564
5565
5566
5567
5568
5570
5571
5572
5574
5575
5576
5577
5578
5579
5581
5582
5583
5584
5585
5586
5587
5588
5589
5590
5591
5593
5594
5595
5596
5597
5598
5599
5600
5601
5602
5603
5604
5605
5606
5607
5608
5609
5610
5611
5612
5613
5614
5615
5617
5618
5619
5620
5621
5622
5623
5625
5626
5627
5628
5629
5630
5631
5632
5633
5634
5636
5637
5638
5639
5640
5642
5643
5644
5645
5646
5647
5648
5649
5650
5651
5652
5653
5654
5655
5656
5657
5658
5659
5660
5661
5662
5663
5664
5665
5666
5667
5668
5669
5670
5671
5672
5673
5674
5675
5676
5677
5678
5680
5681
5682
5683
5684
5685
5686
5687
5688
5689
5690
5691
5692
5693
5694
5695
5696
5697
5698
5699
5700
5701
5702
5703
5704
5705
5706
5707
5708
5709
5710
5711
5712
5713
5714
5715
5717
5718
5720
5721
5722
5723
5724
5725
5726
5727
5728
5729
5730
5731
5732
5733
5734
5735
5736
5737
5738
5739
5740
5741
5742
5743
5745
5746
5748
5749
5750
5751
5752
5753
5754
5755
5756
5757
5758
5759
5761
5762
5763
5764
5765
5766
5767
5768
5769
5770
5771
5772
5774
5775
5776
5777
5778
5779
5780
5781
5782
5783
5784
5785
5786
5787
5788
5789
5790
5791
5792
5793
5794
5795
5796
5797
5798
5799
5800
5801
5802
5803
5804
5805
5807
5808
5809
5810
5813
5814
5815
5816
5817
5818
5819
5821
5822
5823
5824
5826
5827
5828
5829
5830
5832
5833
5834
5836
5837
5838
5839
5840
5842
5843
5844
5846
5850
5851
5852
5853
5854
5855
5856
5857
5858
5860
5861
5862
5864
5865
5866
5867
5868
5869
5870
5871
5872
5874
5875
5876
5877
5878
5879
5880
5882
5883
5886
5887
5888
5889
5890
5891
5893
5894
5895
5896
5898
5899
5900
5901
5902
5903
5904
5905
5906
5907
5908
5909
5910
5911
5914
5915
5916
5917
5918
5919
5920
5921
5922
5923
5924
5925
5927
5928
5931
5932
5933
5934
5935
5936
5937
5938
5939
5940
5941
5943
5944
5945
5946
5947
5948
5949
5950
5951
5952
5953
5954
5955
5956
5957
5958
5959
5961
5963
5964
5966
5968
5969
5970
5971
5972
5975
5976
5977
5978
5979
5980
5981
5982
5983
5984
5985
5986
5987
5988
5989
5990
5991
5992
5994
5995
5996
5997
5998
5999
6000
6001
6003
6004
6005
6006
6007
6008
6009
6011
6012
6013
6014
6015
6016
6017
6018
6019
6020
6021
6022
6023
6024
6025
6026
6027
6029
6030
6031
6032
6033
6034
6036
6038
6039
6040
6041
6042
6043
6044
6045
6046
6047
6048
6050
6051
6052
6053
6054
6055
6056
6057
6058
6059
6060
6061
6062
6063
6064
6065
6066
6067
6068
6069
6070
6072
6073
6074
6075
6076
6077
6078
6079
6080
6081
6082
6083
6084
6085
6086
6087
6088
6089
6090
6091
6093
6094
6095
6096
6097
6098
6099
6101
6102
6103
6104
6105
6106
6107
6108
6109
6110
6111
6113
6114
6115
6116
6117
6118
6119
6121
6122
6123
6124
6125
6126
6127
6128
6129
6130
6131
6132
6133
6134
6135
6136
6138
6139
6140
6142
6143
6144
6146
6147
6148
6149
6150
6151
6152
6153
6154
6155
6156
6157
6158
6159
6160
6161
6162
6163
6164
6165
6166
6167
6169
6170
6171
6173
6174
6175
6176
6177
6178
6179
6180
6182
6183
6184
6185
6186
6187
6188
6189
6190
6191
6192
6193
6194
6195
6196
6197
6198
6199
6200
6201
6202
6203
6204
6205
6206
6207
6208
6209
6210
6211
6212
6214
6215
6216
6217
6218
6220
6221
6222
6223
6224
6225
6226
6227
6228
6229
6230
6231
6232
6233
6234
6235
6236
6237
6238
6239
6240
6241
6242
6243
6244
6245
6246
6248
6249
6250
6251
6252
6253
6254
6255
6256
6257
6258
6259
6260
6261
6262
6263
6264
6265
6266
6267
6268
6269
6270
6272
6275
6276
6277
6278
6279
6280
6281
6282
6283
6284
6286
6287
6288
6289
6290
6291
6292
6293
6295
6296
6297
6298
6299
6300
6301
6302
6304
6305
6306
6307
6308
6309
6310
6311
6312
6313
6314
6316
6318
6319
6320
6321
6322
6323
6325
6326
6327
6328
6329
6330
6331
6332
6333
6334
6335
6336
6337
6338
6339
6340
6341
6342
6343
6344
6345
6347
6348
6349
6350
6351
6352
6353
6354
6355
6356
6357
6358
6359
6360
6361
6362
6363
6364
6365
6367
6368
6369
6370
6371
6373
6374
6375
6376
6377
6378
6379
6380
6381
6382
6383
6384
6385
6386
6387
6388
6389
6391
6392
6393
6394
6395
6396
6397
6398
6399
6400
6401
6402
6403
6405
6406
6407
6409
6410
6411
6412
6414
6415
6416
6418
6419
6420
6421
6423
6424
6425
6426
6427
6428
6429
6430
6431
6433
6434
6435
6436
6437
6438
6439
6440
6441
6442
6444
6445
6446
6447
6448
6449
6450
6451
6452
6453
6454
6455
6456
6457
6458
6459
6460
6461
6462
6463
6464
6465
6466
6468
6469
6470
6471
6472
6473
6474
6475
6476
6477
6478
6479
6481
6482
6483
6484
6485
6486
6487
6488
6489
6491
6494
6495
6496
6497
6498
6500
6501
6502
6503
6504
6505
6507
6508
6509
6510
6511
6513
6514
6515
6516
6517
6518
6519
6521
6522
6523
6525
6526
6527
6528
6529
6530
6531
6532
6533
6534
6535
6536
6537
6538
6539
6540
6541
6542
6543
6544
6545
6546
6547
6548
6549
6550
6551
6552
6553
6554
6555
6556
6557
6558
6559
6560
6561
6562
6563
6564
6565
6566
6567
6568
6569
6570
6571
6572
6573
6575
6576
6577
6578
6579
6580
6581
6582
6583
6584
6585
6587
6588
6589
6590
6591
6592
6593
6594
6595
6596
6597
6599
6600
6601
6602
6603
6604
6605
6606
6607
6608
6609
6610
6611
6612
6613
6614
6615
6616
6617
6618
6620
6622
6624
6625
6627
6628
6629
6630
6631
6632
6633
6634
6635
6636
6637
6638
6639
6640
6641
6642
6643
6644
6645
6646
6647
6648
6649
6650
6651
6652
6653
6655
6656
6657
6658
6659
6660
6662
6663
6664
6665
6666
6667
6668
6669
6670
6672
6673
6674
6675
6676
6677
6678
6679
6680
6681
6683
6684
6686
6687
6688
6689
6690
6691
6692
6693
6694
6696
6697
6698
6699
6700
6701
6702
6703
6704
6705
6706
6707
6708
6709
6711
6712
6713
6716
6717
6718
6719
6720
6721
6722
6723
6724
6725
6726
6727
6728
6729
6730
6731
6734
6735
6736
6737
6738
6740
6741
6742
6743
6744
6745
6746
6747
6748
6749
6750
6751
6752
6754
6755
6756
6757
6758
6759
6761
6762
6763
6765
6766
6767
6768
6769
6770
6771
6772
6773
6774
6775
6776
6778
6779
6780
6781
6782
6783
6784
6785
6787
6788
6789
6790
6791
6792
6793
6794
6795
6796
6797
6798
6799
6800
6801
6802
6803
6804
6805
6806
6807
6809
6810
6811
6812
6813
6814
6815
6816
6817
6819
6820
6821
6823
6824
6826
6829
6830
6832
6833
6834
6835
6836
6837
6838
6839
6841
6842
6843
6844
6845
6846
6847
6848
6849
6850
6851
6852
6853
6854
6855
6857
6858
6859
6860
6861
6862
6863
6864
6865
6866
6867
6868
6869
6870
6871
6872
6873
6874
6875
6876
6878
6879
6880
6881
6882
6884
6885
6886
6887
6889
6891
6892
6896
6897
6898
6899
6900
6901
6902
6903
6904
6905
6907
6908
6909
6910
6911
6912
6913
6914
6915
6916
6917
6918
6919
6920
6921
6922
6923
6924
6925
6926
6927
6928
6929
6930
6931
6933
6934
6936
6937
6939
6941
6942
6943
6944
6945
6946
6947
6948
6949
6950
6951
6952
6953
6954
6957
6958
6960
6961
6962
6964
6965
6966
6967
6969
6970
6971
6972
6973
6974
6975
6976
6977
6978
6979
6980
6982
6983
6984
6985
6986
6987
6988
6989
6990
6991
6992
6993
6994
6995
6996
6998
6999
7001
7002
7003
7004
7005
7006
7007
7008
7009
7010
7011
7012
7013
7014
7016
7017
7018
7019
7021
7022
7023
7025
7026
7027
7028
7029
7030
7031
7032
7033
7034
7035
7037
7038
7039
7040
7041
7042
7043
7044
7045
7047
7048
7049
7050
7051
7052
7054
7055
7056
7057
7058
7059
7060
7061
7062
7063
7064
7065
7066
7067
7068
7070
7071
7072
7073
7075
7076
7077
7078
7079
7080
7081
7082
7083
7084
7085
7086
7087
7088
7090
7091
7092
7093
7095
7096
7097
7098
7099
7100
7101
7102
7103
7104
7106
7107
7108
7110
7111
7112
7113
7114
7115
7116
7117
7119
7120
7121
7122
7123
7124
7125
7126
7127
7129
7130
7131
7132
7133
7134
7135
7136
7137
7138
7139
7140
7141
7142
7143
7144
7145
7146
7147
7148
7149
7150
7151
7152
7153
7154
7155
7156
7157
7158
7159
7160
7161
7162
7164
7166
7167
7169
7170
7171
7172
7173
7174
7176
7177
7178
7179
7180
7181
7182
7183
7185
7186
7187
7188
7189
7190
7191
7192
7193
7194
7195
7196
7198
7199
7201
7202
7204
7205
7206
7207
7208
7209
7210
7211
7213
7214
7215
7217
7220
7222
7224
7225
7226
7227
7228
7229
7230
7231
7232
7233
7234
7236
7238
7239
7240
7241
7242
7243
7244
7245
7246
7247
7248
7249
7250
7251
7252
7255
7256
7258
7259
7260
7261
7262
7263
7265
7267
7268
7270
7271
7272
7274
7275
7276
7277
7278
7279
7280
7281
7283
7284
7285
7286
7287
7288
7289
7290
7291
7292
7293
7294
7295
7297
7298
7299
7300
7301
7302
7303
7304
7305
7306
7307
7308
7309
7310
7313
7314
7315
7317
7318
7320
7321
7322
7324
7325
7326
7327
7328
7329
7330
7332
7333
7334
7335
7336
7337
7338
7339
7340
7341
7343
7344
7345
7346
7348
7349
7350
7351
7352
7353
7354
7355
7359
7360
7361
7362
7363
7364
7365
7366
7367
7368
7369
7370
7371
7372
7373
7374
7375
7376
7377
7378
7379
7380
7381
7382
7383
7385
7386
7387
7389
7390
7391
7392
7393
7394
7395
7396
7398
7399
7401
7402
7403
7404
7407
7408
7409
7410
7411
7413
7415
7417
7418
7419
7420
7421
7423
7424
7426
7427
7428
7429
7430
7431
7432
7434
7435
7436
7437
7438
7439
7440
7441
7442
7444
7445
7446
7447
7448
7449
7450
7451
7454
7455
7457
7458
7459
7460
7461
7462
7463
7464
7465
7466
7467
7468
7469
7470
7471
7472
7473
7474
7476
7477
7478
7479
7480
7481
7482
7483
7484
7485
7486
7487
7489
7491
7492
7493
7494
7495
7496
7497
7498
7499
7500
7501
7502
7503
7505
7506
7508
7509
7510
7511
7512
7513
7514
7515
7516
7519
7520
7521
7522
7523
7525
7526
7527
7528
7530
7531
7532
7533
7534
7535
7537
7538
7539
7540
7541
7542
7543
7544
7545
7546
7547
7549
7551
7552
7553
7554
7555
7556
7557
7558
7559
7560
7561
7563
7564
7565
7566
7567
7568
7569
7570
7571
7573
7574
7575
7576
7578
7579
7580
7581
7582
7583
7584
7586
7587
7588
7589
7590
7591
7592
7593
7594
7595
7596
7597
7598
7599
7600
7601
7602
7604
7605
7606
7607
7608
7609
7610
7611
7612
7613
7615
7616
7617
7618
7619
7620
7621
7622
7624
7625
7626
7627
7628
7629
7632
7633
7634
7635
7636
7637
7638
7639
7640
7641
7642
7643
7644
7645
7647
7649
7650
7651
7652
7653
7654
7655
7656
7657
7658
7659
7660
7662
7663
7664
7665
7666
7667
7669
7670
7671
7673
7674
7675
7676
7677
7678
7679
7681
7682
7683
7684
7685
7686
7687
7688
7689
7690
7691
7692
7693
7694
7695
7696
7697
7698
7699
7700
7701
7702
7703
7705
7706
7707
7708
7709
7710
7711
7712
7713
7714
7715
7716
7717
7718
7719
7720
7721
7722
7723
7724
7725
7726
7728
7729
7730
7731
7732
7733
7734
7735
7736
7737
7738
7739
7740
7741
7742
7743
7744
7745
7746
7747
7748
7749
7750
7751
7752
7753
7755
7756
7757
7758
7759
7760
7761
7762
7763
7764
7765
7767
7768
7770
7771
7772
7773
7775
7776
7777
7778
7779
7780
7781
7782
7783
7784
7785
7786
7787
7788
7789
7790
7791
7792
7793
7794
7795
7797
7798
7799
7800
7801
7802
7803
7804
7805
7806
7807
7808
7810
7811
7812
7813
7815
7817
7818
7820
7821
7822
7823
7824
7825
7826
7827
7828
7829
7830
7831
7832
7833
7834
7835
7836
7837
7838
7839
7840
7841
7842
7843
7844
7845
7848
7849
7850
7851
7852
7853
7854
7855
7856
7858
7859
7860
7861
7862
7863
7864
7865
7866
7867
7869
7870
7871
7872
7873
7874
7875
7876
7877
7878
7879
7880
7881
7883
7884
7885
7886
7887
7888
7889
7890
7891
7892
7895
7896
7897
7898
7899
7900
7901
7902
7904
7905
7906
7907
7908
7909
7910
7911
7912
7913
7914
7915
7916
7917
7918
7919
7920
7921
7922
7923
7924
7925
7926
7928
7929
7930
7931
7933
7934
7935
7936
7937
7939
7940
7941
7942
7943
7944
7945
7946
7947
7948
7949
7950
7952
7953
7954
7955
7956
7957
7960
7961
7962
7963
7964
7965
7966
7967
7968
7969
7972
7973
7974
7976
7977
7978
7979
7980
7981
7982
7983
7984
7986
7987
7988
7990
7991
7993
7994
7995
7999
8001
8002
8003
8004
8005
8006
8007
8009
8010
8011
8012
8013
8014
8015
8016
8017
8018
8019
8020
8021
8022
8023
8024
8025
8026
8027
8028
8029
8030
8031
8032
8033
8034
8036
8037
8038
8039
8040
8041
8042
8043
8044
8045
8046
8047
8049
8050
8052
8053
8054
8055
8056
8057
8058
8059
8060
8061
8062
8063
8064
8065
8066
8068
8069
8070
8071
8072
8073
8074
8075
8076
8077
8078
8079
8080
8081
8082
8083
8084
8085
8086
8087
8088
8089
8090
8092
8094
8095
8096
8097
8098
8099
8100
8101
8102
8103
8104
8105
8106
8107
8108
8109
8110
8112
8114
8115
8116
8117
8118
8119
8120
8121
8123
8125
8126
8127
8128
8129
8130
8132
8133
8134
8135
8136
8137
8138
8139
8140
8141
8142
8143
8144
8145
8146
8147
8148
8149
8150
8151
8152
8153
8154
8155
8156
8157
8158
8159
8160
8161
8162
8163
8165
8166
8167
8168
8169
8170
8171
8172
8173
8174
8176
8177
8178
8179
8180
8181
8182
8183
8184
8185
8186
8187
8188
8189
8190
8191
8192
8193
8194
8195
8196
8198
8199
8200
8201
8202
8203
8204
8205
8206
8207
8208
8209
8210
8211
8212
8213
8214
8215
8217
8218
8219
8220
8221
8222
8223
8224
8225
8226
8227
8228
8229
8230
8231
8232
8233
8234
8235
8236
8237
8238
8239
8240
8241
8242
8243
8245
8246
8248
8249
8251
8252
8253
8254
8255
8256
8257
8259
8260
8261
8262
8263
8264
8265
8266
8267
8268
8269
8270
8271
8272
8273
8274
8275
8276
8277
8278
8279
8280
8281
8282
8284
8285
8286
8288
8289
8291
8292
8293
8294
8295
8296
8297
8298
8299
8300
8302
8303
8304
8306
8307
8308
8309
8310
8311
8312
8313
8314
8315
8316
8317
8318
8319
8320
8321
8323
8324
8325
8326
8327
8328
8330
8332
8333
8334
8335
8336
8337
8338
8339
8340
8341
8342
8343
8344
8345
8346
8347
8348
8349
8350
8351
8354
8355
8357
8358
8359
8360
8361
8362
8363
8364
8365
8366
8367
8368
8369
8371
8372
8373
8374
8375
8376
8377
8378
8379
8380
8381
8383
8384
8385
8386
8387
8388
8389
8390
8391
8392
8393
8394
8395
8396
8397
8398
8400
8401
8402
8403
8404
8405
8406
8409
8410
8411
8412
8413
8414
8415
8416
8418
8419
8420
8422
8423
8425
8426
8427
8428
8429
8430
8431
8432
8433
8434
8435
8436
8437
8438
8439
8440
8441
8442
8443
8444
8445
8446
8447
8448
8449
8450
8451
8452
8453
8454
8456
8457
8458
8459
8460
8461
8462
8463
8464
8465
8466
8467
8468
8469
8470
8471
8472
8473
8474
8475
8476
8477
8478
8479
8480
8481
8482
8483
8484
8485
8486
8487
8488
8489
8490
8491
8492
8493
8494
8495
8496
8497
8498
8499
8500
8501
8502
8504
8505
8506
8507
8508
8509
8510
8511
8512
8513
8515
8516
8518
8519
8520
8521
8522
8523
8524
8525
8526
8527
8529
8530
8531
8532
8533
8534
8535
8536
8537
8539
8540
8541
8542
8543
8544
8545
8547
8548
8549
8550
8552
8553
8554
8555
8556
8557
8558
8559
8560
8561
8562
8563
8564
8565
8566
8568
8569
8570
8571
8573
8574
8576
8577
8578
8580
8581
8583
8584
8585
8586
8587
8588
8589
8591
8592
8593
8594
8595
8596
8597
8598
8599
8600
8601
8602
8603
8604
8605
8606
8608
8610
8611
8612
8613
8614
8615
8616
8617
8618
8619
8621
8622
8623
8624
8625
8626
8627
8628
8630
8631
8632
8633
8634
8635
8636
8637
8638
8639
8640
8642
8644
8645
8646
8647
8648
8650
8651
8652
8653
8654
8655
8656
8657
8658
8659
8660
8661
8662
8663
8664
8665
8666
8667
8668
8669
8670
8671
8672
8673
8674
8677
8678
8679
8680
8681
8682
8683
8684
8685
8686
8687
8689
8690
8691
8692
8694
8695
8696
8697
8698
8699
8700
8701
8702
8703
8704
8705
8706
8707
8708
8709
8710
8711
8712
8713
8714
8716
8717
8718
8719
8720
8721
8722
8723
8725
8727
8728
8731
8732
8733
8734
8735
8736
8737
8738
8739
8740
8741
8742
8743
8744
8746
8747
8748
8749
8750
8751
8752
8753
8754
8755
8756
8757
8758
8759
8760
8761
8762
8764
8765
8766
8767
8768
8769
8770
8771
8772
8773
8775
8776
8777
8778
8779
8780
8781
8783
8784
8785
8786
8788
8790
8791
8793
8794
8795
8796
8797
8798
8799
8800
8801
8802
8803
8804
8805
8806
8807
8808
8809
8810
8811
8812
8813
8814
8815
8817
8818
8820
8821
8822
8823
8825
8826
8827
8828
8829
8831
8833
8834
8835
8836
8837
8838
8839
8840
8842
8843
8844
8845
8846
8847
8848
8849
8850
8851
8852
8853
8854
8855
8856
8857
8858
8860
8861
8862
8863
8864
8865
8866
8867
8868
8869
8870
8871
8872
8873
8874
8875
8876
8877
8878
8879
8880
8881
8882
8883
8884
8885
8887
8888
8890
8891
8892
8893
8894
8895
8896
8898
8899
8900
8901
8903
8904
8905
8906
8908
8909
8910
8911
8912
8913
8914
8915
8917
8918
8919
8920
8921
8922
8924
8925
8926
8927
8928
8929
8930
8931
8932
8933
8934
8936
8937
8938
8940
8941
8942
8943
8944
8946
8947
8948
8949
8952
8953
8954
8955
8956
8957
8958
8959
8960
8962
8963
8964
8965
8966
8967
8968
8969
8970
8971
8972
8973
8974
8976
8977
8978
8979
8980
8981
8982
8983
8984
8985
8987
8988
8989
8990
8991
8992
8993
8994
8995
8996
8997
8998
8999
9001
9002
9003
9005
9006
9007
9008
9009
9010
9011
9012
9013
9015
9017
9019
9020
9021
9022
9023
9024
9025
9026
9028
9029
9030
9031
9032
9033
9034
9035
9036
9037
9038
9039
9040
9041
9042
9043
9045
9046
9047
9048
9049
9050
9051
9052
9053
9054
9055
9056
9057
9059
9060
9061
9062
9063
9064
9066
9067
9069
9070
9071
9072
9073
9074
9075
9076
9077
9078
9079
9082
9083
9084
9085
9087
9088
9089
9090
9091
9092
9093
9094
9095
9096
9097
9098
9100
9101
9102
9103
9104
9105
9106
9107
9108
9109
9110
9111
9112
9113
9114
9115
9116
9117
9118
9119
9120
9121
9123
9124
9125
9128
9129
9131
9132
9133
9134
9135
9136
9137
9138
9139
9140
9141
9142
9143
9144
9146
9147
9148
9149
9150
9153
9154
9155
9156
9157
9158
9159
9162
9163
9164
9166
9167
9168
9169
9170
9171
9172
9174
9175
9176
9178
9180
9181
9182
9184
9185
9186
9187
9188
9189
9190
9191
9192
9194
9195
9196
9197
9198
9199
9200
9201
9202
9203
9204
9205
9206
9207
9208
9209
9210
9211
9212
9213
9214
9215
9216
9217
9218
9219
9220
9221
9222
9223
9226
9227
9229
9230
9231
9232
9233
9234
9235
9236
9237
9238
9239
9240
9241
9242
9244
9245
9247
9248
9249
9250
9251
9252
9253
9254
9255
9256
9257
9259
9261
9262
9263
9264
9265
9266
9267
9268
9269
9272
9273
9274
9276
9277
9278
9279
9280
9281
9282
9283
9284
9285
9286
9287
9288
9289
9290
9292
9293
9294
9295
9296
9297
9298
9299
9300
9301
9302
9303
9304
9305
9306
9307
9308
9309
9310
9311
9312
9313
9314
9315
9317
9318
9319
9321
9325
9326
9327
9328
9331
9332
9333
9335
9336
9337
9338
9339
9340
9341
9342
9343
9344
9345
9346
9347
9348
9350
9351
9352
9353
9354
9355
9356
9357
9358
9360
9361
9362
9363
9364
9366
9367
9368
9369
9370
9371
9372
9373
9374
9375
9376
9377
9378
9380
9381
9383
9384
9385
9386
9388
9389
9390
9391
9392
9393
9395
9397
9398
9399
9400
9402
9403
9405
9406
9407
9408
9409
9410
9411
9412
9414
9415
9416
9417
9418
9419
9420
9423
9424
9425
9426
9427
9428
9429
9430
9431
9432
9433
9434
9435
9437
9439
9440
9441
9442
9443
9444
9445
9446
9447
9448
9449
9450
9451
9452
9453
9454
9455
9457
9460
9461
9462
9463
9464
9465
9466
9467
9468
9469
9470
9471
9472
9473
9474
9475
9476
9477
9478
9480
9481
9482
9483
9484
9485
9487
9489
9490
9492
9493
9494
9495
9496
9497
9499
9500
9501
9502
9503
9504
9505
9506
9508
9509
9510
9512
9513
9515
9516
9517
9518
9519
9520
9521
9522
9523
9525
9526
9527
9529
9532
9534
9535
9536
9537
9538
9539
9540
9542
9543
9545
9546
9548
9550
9551
9552
9553
9554
9555
9556
9557
9559
9560
9561
9562
9563
9564
9565
9566
9567
9568
9569
9570
9571
9572
9573
9574
9575
9576
9577
9579
9580
9581
9582
9583
9584
9585
9586
9587
9589
9590
9591
9592
9593
9594
9596
9597
9599
9601
9602
9603
9605
9606
9607
9609
9610
9611
9612
9613
9614
9615
9617
9618
9619
9620
9621
9622
9623
9624
9625
9626
9627
9628
9629
9630
9632
9633
9634
9635
9636
9637
9638
9639
9640
9641
9642
9643
9645
9646
9647
9648
9649
9650
9651
9652
9653
9654
9655
9656
9657
9658
9659
9660
9662
9663
9664
9665
9666
9667
9668
9669
9670
9671
9672
9673
9674
9675
9676
9678
9679
9680
9681
9682
9683
9684
9685
9687
9688
9689
9690
9691
9692
9694
9696
9697
9698
9699
9700
9701
9703
9704
9705
9707
9709
9710
9711
9712
9713
9714
9715
9716
9718
9719
9720
9721
9722
9723
9724
9725
9726
9727
9728
9729
9730
9731
9733
9734
9735
9736
9737
9738
9739
9740
9742
9743
9744
9745
9747
9748
9749
9750
9751
9753
9754
9755
9756
9757
9758
9760
9761
9762
9763
9764
9765
9766
9767
9768
9769
9770
9771
9772
9773
9774
9775
9776
9777
9778
9779
9780
9781
9782
9783
9784
9785
9787
9788
9789
9790
9791
9793
9795
9796
9797
9798
9799
9800
9801
9802
9803
9804
9805
9806
9807
9808
9809
9810
9811
9812
9813
9814
9815
9816
9817
9819
9820
9821
9822
9823
9825
9826
9827
9828
9829
9830
9831
9832
9833
9834
9835
9836
9837
9838
9839
9840
9842
9844
9845
9846
9847
9848
9849
9850
9851
9852
9853
9855
9856
9857
9858
9859
9862
9863
9864
9865
9867
9868
9869
9870
9871
9872
9874
9877
9878
9879
9880
9881
9882
9884
9885
9886
9888
9889
9890
9891
9892
9893
9894
9895
9896
9897
9899
9900
9901
9902
9903
9904
9905
9906
9907
9908
9909
9910
9911
9912
9913
9915
9918
9919
9920
9921
9923
9924
9926
9927
9928
9929
9930
9931
9932
9933
9936
9937
9938
9940
9942
9943
9944
9945
9946
9947
9948
9949
9950
9951
9952
9953
9954
9955
9956
9957
9958
9959
9960
9961
9962
9963
9964
9965
9966
9967
9968
9969
9970
9971
9972
9973
9974
9975
9976
9977
9978
9979
9980
9981
9984
9985
9986
9987
9988
9989
9990
9991
9992
9995
9996
9997
9998
10000
10001
10002
10003
10004
10005
10006
10007
10009
10010
10011
10012
10013
10014
10016
10017
10018
10019
10020
10021
10022
10023
10024
10025
10026
10027
10028
10029
10030
10031
10032
10033
10034
10035
10036
10037
10038
10039
10040
10041
10042
10043
10044
10046
10047
10049
10050
10052
10053
10055
10056
10057
10058
10059
10060
10061
10063
10065
10066
10069
10070
10071
10073
10074
10076
10077
10078
10079
10080
10082
10083
10084
10085
10086
10087
10088
10089
10090
10091
10092
10094
10095
10097
10098
10101
10102
10103
10104
10106
10107
10108
10110
10111
10112
10113
10114
10115
10116
10118
10119
10120
10121
10122
10123
10124
10125
10126
10127
10128
10129
10130
10132
10133
10134
10135
10136
10137
10138
10139
10140
10141
10142
10143
10145
10146
10147
10148
10149
10150
10151
10152
10153
10154
10155
10156
10157
10158
10159
10160
10162
10163
10164
10165
10166
10167
10168
10169
10170
10173
10174
10177
10179
10180
10181
10182
10184
10185
10186
10187
10188
10189
10190
10191
10192
10193
10194
10195
10196
10197
10198
10199
10200
10201
10202
10203
10205
10206
10207
10208
10209
10211
10212
10213
10217
10218
10219
10220
10222
10223
10225
10226
10228
10229
10230
10231
10232
10234
10235
10236
10237
10238
10240
10241
10242
10243
10244
10245
10246
10247
10248
10249
10250
10252
10253
10254
10255
10256
10257
10258
10259
10260
10261
10262
10263
10264
10265
10266
10267
10268
10269
10270
10271
10272
10273
10274
10275
10276
10277
10278
10279
10280
10281
10282
10283
10284
10286
10287
10288
10289
10290
10291
10292
10293
10294
10296
10297
10298
10299
10300
10301
10302
10304
10305
10306
10307
10308
10309
10310
10311
10312
10313
10314
10315
10316
10317
10318
10319
10320
10321
10322
10323
10324
10325
10327
10329
10330
10331
10332
10333
10334
10335
10336
10337
10338
10339
10341
10342
10343
10344
10345
10346
10347
10349
10350
10351
10352
10354
10355
10356
10357
10358
10359
10361
10362
10364
10365
10366
10368
10369
10371
10372
10373
10374
10375
10376
10377
10378
10379
10380
10381
10382
10383
10384
10385
10386
10388
10390
10391
10392
10393
10394
10396
10398
10399
10400
10401
10402
10403
10404
10405
10406
10408
10410
10412
10413
10414
10415
10416
10417
10419
10420
10423
10424
10425
10426
10427
10429
10430
10431
10432
10433
10434
10435
10436
10437
10438
10439
10440
10441
10442
10443
10445
10446
10447
10450
10451
10452
10453
10454
10455
10457
10458
10459
10460
10462
10463
10464
10465
10466
10467
10468
10469
10470
10472
10473
10474
10476
10477
10478
10479
10480
10481
10482
10483
10484
10485
10486
10487
10490
10491
10492
10493
10494
10495
10497
10498
10499
10500
10501
10502
10503
10504
10505
10506
10507
10508
10510
10512
10513
10514
10515
10516
10517
10518
10519
10521
10522
10524
10525
10526
10527
10528
10529
10530
10531
10532
10533
10534
10535
10536
10537
10539
10540
10541
10542
10543
10544
10545
10546
10548
10550
10551
10552
10553
10556
10557
10558
10559
10560
10561
10562
10563
10564
10565
10569
10570
10573
10574
10575
10576
10578
10579
10580
10581
10582
10583
10584
10585
10588
10589
10590
10591
10592
10593
10596
10597
10598
10599
10600
10601
10602
10603
10604
10605
10606
10607
10610
10611
10612
10613
10614
10615
10616
10618
10619
10620
10621
10623
10624
10625
10626
10627
10628
10629
10630
10631
10632
10633
10634
10635
10636
10637
10639
10640
10641
10642
10643
10644
10646
10649
10650
10652
10653
10655
10657
10658
10659
10660
10661
10662
10663
10664
10665
10666
10667
10668
10669
10672
10673
10674
10675
10676
10677
10678
10679
10680
10681
10682
10684
10685
10686
10689
10690
10691
10692
10693
10694
10695
10696
10697
10698
10699
10700
10701
10702
10703
10705
10706
10708
10709
10710
10711
10712
10713
10714
10715
10716
10717
10720
10721
10723
10724
10725
10727
10728
10729
10730
10731
10732
10733
10734
10735
10736
10738
10739
10740
10741
10742
10743
10744
10746
10747
10749
10750
10751
10752
10753
10754
10755
10756
10757
10758
10759
10760
10761
10762
10763
10764
10767
10768
10771
10772
10773
10774
10775
10776
10777
10778
10779
10782
10784
10785
10786
10787
10788
10789
10790
10791
10792
10793
10795
10796
10798
10799
10800
10801
10804
10805
10806
10807
10808
10809
10811
10812
10813
10814
10815
10816
10817
10818
10819
10820
10822
10823
10824
10825
10826
10827
10828
10829
10830
10831
10832
10833
10834
10835
10836
10837
10838
10839
10840
10842
10843
10844
10845
10846
10847
10849
10850
10851
10852
10853
10854
10856
10857
10858
10859
10860
10861
10862
10863
10864
10866
10867
10868
10869
10870
10871
10872
10873
10874
10875
10876
10877
10878
10880
10881
10882
10883
10884
10885
10886
10887
10888
10889
10890
10891
10892
10893
10895
10896
10897
10898
10899
10900
10901
10902
10903
10904
10906
10907
10908
10911
10912
10913
10914
10915
10916
10917
10918
10919
10920
10921
10922
10923
10924
10925
10926
10927
10928
10929
10930
10931
10932
10934
10936
10937
10938
10939
10940
10941
10942
10944
10946
10947
10950
10951
10952
10953
10954
10955
10956
10957
10958
10959
10960
10961
10962
10964
10965
10966
10967
10968
10969
10970
10971
10972
10973
10974
10975
10976
10977
10978
10979
10980
10981
10982
10984
10985
10988
10989
10990
10991
10993
10996
10997
10999
11000
11002
11004
11006
11007
11008
11009
11010
11011
11012
11013
11014
11015
11016
11017
11018
11020
11021
11022
11023
11024
11025
11026
11028
11029
11030
11031
11032
11033
11034
11035
11036
11038
11039
11040
11041
11043
11045
11046
11047
11048
11049
11051
11053
11054
11055
11057
11058
11059
11060
11061
11062
11063
11064
11065
11066
11067
11069
11070
11071
11072
11073
11074
11075
11076
11077
11078
11079
11080
11081
11083
11084
11085
11086
11087
11088
11089
11090
11091
11092
11093
11094
11095
11096
11098
11099
11100
11101
11102
11103
11104
11105
11106
11107
11108
11111
11112
11113
11114
11115
11116
11117
11118
11119
11120
11121
11122
11123
11124
11125
11126
11127
11128
11129
11130
11131
11132
11133
11134
11135
11136
11137
11138
11139
11140
11142
11143
11144
11145
11146
11147
11149
11150
11151
11152
11153
11154
11155
11156
11157
11158
11159
11160
11161
11162
11163
11164
11165
11166
11167
11168
11170
11171
11172
11173
11174
11176
11177
11178
11179
11180
11181
11183
11184
11185
11187
11188
11189
11190
11191
11192
11193
11194
11195
11196
11197
11198
11199
11201
11202
11203
11204
11205
11206
11207
11208
11209
11210
11211
11212
11214
11215
11217
11218
11219
11220
11221
11222
11223
11225
11227
11229
11230
11231
11232
11233
11234
11236
11238
11239
11240
11241
11242
11243
11244
11245
11246
11247
11248
11249
11250
11251
11253
11255
11256
11257
11258
11259
11260
11261
11262
11263
11264
11265
11266
11267
11268
11269
11270
11271
11272
11273
11274
11276
11277
11278
11279
11280
11282
11283
11284
11285
11287
11288
11289
11290
11291
11293
11294
11295
11296
11297
11298
11299
11300
11302
11304
11305
11306
11307
11308
11309
11310
11311
11312
11313
11314
11315
11316
11317
11318
11319
11320
11321
11322
11323
11324
11325
11326
11327
11328
11329
11330
11331
11332
11333
11334
11336
11340
11342
11344
11345
11346
11347
11348
11349
11350
11351
11352
11353
11354
11355
11356
11357
11358
11359
11360
11361
11362
11363
11365
11367
11368
11369
11371
11372
11374
11376
11377
11378
11379
11380
11381
11382
11383
11385
11386
11387
11390
11393
11394
11395
11396
11397
11398
11399
11400
11401
11402
11404
11406
11407
11408
11409
11410
11411
11413
11414
11415
11416
11417
11418
11419
11420
11421
11422
11424
11425
11426
11427
11428
11429
11430
11431
11432
11433
11434
11436
11437
11438
11439
11440
11441
11442
11443
11444
11446
11447
11448
11450
11451
11452
11453
11455
11456
11457
11458
11459
11461
11464
11465
11466
11467
11469
11471
11473
11474
11475
11476
11477
11478
11479
11480
11481
11482
11483
11484
11486
11488
11489
11490
11491
11492
11493
11495
11496
11497
11498
11499
11500
11501
11503
11504
11505
11506
11507
11508
11509
11510
11511
11512
11513
11514
11515
11516
11518
11519
11520
11521
11524
11525
11527
11528
11529
11531
11532
11533
11534
11535
11536
11537
11538
11539
11540
11541
11542
11543
11544
11545
11546
11547
11548
11549
11550
11551
11552
11553
11554
11555
11556
11557
11559
11560
11561
11562
11563
11564
11565
11566
11567
11568
11569
11570
11571
11572
11573
11574
11576
11577
11578
11579
11581
11583
11585
11587
11588
11590
11591
11592
11593
11594
11595
11596
11597
11598
11601
11602
11603
11604
11605
11606
11607
11608
11609
11610
11611
11612
11613
11614
11615
11616
11617
11618
11619
11620
11621
11622
11624
11625
11626
11627
11628
11629
11630
11631
11632
11633
11635
11636
11637
11638
11639
11640
11641
11642
11643
11644
11645
11646
11647
11648
11649
11650
11651
11652
11653
11654
11655
11656
11657
11658
11659
11660
11661
11662
11663
11664
11665
11666
11667
11668
11669
11670
11671
11672
11673
11674
11675
11676
11677
11678
11679
11680
11681
11684
11685
11686
11687
11688
11689
11690
11691
11693
11694
11695
11696
11697
11698
11699
11701
11703
11704
11706
11707
11708
11709
11710
11711
11712
11715
11716
11717
11718
11719
11720
11721
11722
11723
11724
11725
11726
11727
11728
11729
11730
11731
11732
11733
11735
11736
11737
11740
11741
11742
11743
11744
11745
11746
11747
11748
11750
11751
11752
11753
11754
11755
11756
11757
11758
11760
11761
11762
11763
11765
11766
11767
11768
11771
11772
11774
11775
11776
11778
11779
11780
11781
11782
11783
11784
11785
11786
11787
11788
11789
11790
11791
11792
11794
11795
11797
11798
11799
11800
11801
11803
11804
11805
11806
11807
11808
11809
11810
11811
11812
11814
11815
11816
11817
11818
11819
11820
11821
11822
11823
11824
11825
11827
11828
11829
11830
11831
11832
11835
11836
11837
11838
11839
11840
11842
11843
11845
11846
11847
11848
11850
11851
11852
11853
11855
11856
11857
11858
11859
11860
11861
11862
11863
11864
11865
11868
11869
11870
11871
11872
11873
11874
11875
11877
11878
11879
11880
11881
11882
11883
11885
11886
11887
11888
11889
11890
11892
11893
11894
11895
11896
11897
11898
11899
11900
11901
11902
11903
11904
11905
11906
11908
11909
11910
11911
11912
11913
11914
11915
11916
11917
11918
11920
11921
11922
11923
11924
11925
11926
11927
11928
11930
11931
11932
11933
11936
11937
11939
11940
11942
11943
11944
11946
11947
11948
11949
11950
11952
11954
11955
11956
11957
11958
11959
11960
11961
11962
11963
11964
11965
11966
11967
11968
11969
11970
11971
11972
11973
11974
11975
11976
11977
11978
11979
11980
11982
11983
11984
11985
11986
11987
11988
11990
11991
11992
11993
11994
11995
11996
11999
12000
12001
12002
12003
12005
12006
12008
12009
12011
12013
12015
12017
12018
12019
12020
12021
12022
12023
12024
12025
12026
12028
12029
12033
12034
12036
12037
12039
12040
12041
12043
12044
12045
12047
12048
12049
12051
12052
12054
12055
12056
12057
12058
12060
12061
12062
12064
12065
12067
12068
12069
12070
12071
12072
12073
12074
12075
12076
12077
12078
12079
12080
12081
12082
12083
12084
12086
12087
12088
12089
12090
12091
12092
12094
12095
12096
12097
12098
12099
12100
12101
12102
12103
12104
12105
12106
12107
12109
12110
12111
12112
12113
12114
12115
12117
12118
12119
12121
12122
12123
12125
12126
12128
12129
12130
12131
12132
12133
12134
12135
12137
12138
12139
12140
12141
12142
12143
12145
12146
12147
12149
12150
12151
12152
12153
12154
12155
12156
12157
12159
12160
12161
12162
12163
12164
12165
12166
12167
12168
12169
12170
12171
12172
12173
12176
12178
12179
12180
12181
12182
12183
12184
12185
12187
12188
12189
12191
12192
12193
12194
12195
12196
12197
12199
12201
12202
12203
12204
12205
12206
12207
12208
12209
12210
12211
12212
12214
12215
12216
12217
12218
12219
12220
12221
12222
12223
12224
12225
12226
12227
12230
12231
12232
12233
12234
12235
12237
12238
12239
12240
12241
12242
12243
12244
12245
12247
12248
12249
12250
12251
12253
12254
12255
12257
12258
12259
12261
12262
12263
12264
12265
12266
12267
12268
12269
12270
12271
12272
12273
12274
12275
12277
12278
12279
12282
12283
12285
12286
12287
12288
12289
12290
12291
12292
12294
12295
12296
12297
12298
12300
12301
12303
12304
12305
12306
12307
12309
12311
12312
12313
12314
12315
12316
12317
12319
12321
12322
12323
12324
12325
12326
12327
12330
12331
12332
12333
12334
12335
12336
12337
12338
12339
12340
12341
12342
12343
12345
12346
12347
12348
12350
12351
12352
12353
12354
12355
12356
12357
12358
12359
12360
12361
12362
12363
12365
12366
12367
12368
12369
12370
12371
12373
12375
12376
12377
12378
12379
12380
12381
12385
12386
12387
12388
12389
12390
12391
12392
12393
12394
12395
12396
12397
12398
12399
12400
12401
12402
12403
12404
12405
12406
12408
12409
12410
12412
12413
12414
12415
12416
12417
12418
12419
12421
12422
12423
12424
12425
12427
12428
12429
12430
12431
12432
12435
12436
12437
12439
12441
12442
12443
12444
12446
12447
12448
12449
12450
12451
12452
12453
12454
12455
12456
12457
12458
12459
12460
12461
12462
12463
12464
12466
12467
12468
12470
12471
12472
12473
12474
12475
12476
12477
12478
12479
12480
12481
12482
12484
12485
12486
12488
12489
12490
12491
12492
12493
12494
12495
12496
12497
12498
12500
12501
12502
12503
12505
12506
12509
12510
12511
12513
12515
12516
12517
12518
12519
12520
12521
12522
12523
12524
12525
12526
12527
12528
12529
12530
12531
12532
12533
12534
12535
12536
12537
12538
12539
12540
12541
12542
12543
12544
12545
12546
12547
12548
12549
12550
12552
12554
12555
12556
12557
12558
12559
12561
12562
12563
12564
12566
12567
12568
12569
12570
12571
12572
12573
12574
12576
12577
12578
12579
12580
12581
12582
12583
12584
12586
12587
12588
12590
12593
12594
12597
12601
12602
12603
12604
12606
12607
12608
12609
12610
12611
12612
12613
12614
12615
12616
12617
12618
12619
12620
12621
12622
12623
12624
12625
12626
12627
12629
12630
12631
12633
12636
12637
12638
12639
12640
12641
12642
12643
12644
12645
12646
12647
12648
12649
12650
12651
12652
12654
12655
12656
12657
12659
12660
12661
12662
12663
12664
12665
12668
12669
12671
12672
12673
12674
12675
12676
12678
12679
12680
12681
12682
12683
12684
12688
12689
12690
12691
12692
12693
12694
12695
12696
12697
12700
12701
12702
12704
12705
12706
12709
12710
12711
12713
12714
12715
12716
12717
12718
12719
12720
12721
12722
12724
12725
12726
12727
12728
12731
12732
12733
12735
12736
12737
12738
12739
12740
12741
12742
12743
12745
12747
12748
12749
12750
12751
12752
12753
12754
12755
12756
12757
12758
12759
12760
12763
12764
12765
12766
12767
12768
12770
12771
12774
12775
12776
12777
12778
12779
12780
12781
12782
12783
12784
12785
12786
12787
12788
12789
12790
12791
12792
12793
12794
12795
12796
12797
12798
12799
12800
12801
12802
12804
12805
12806
12807
12808
12809
12811
12812
12813
12814
12815
12816
12817
12818
12819
12820
12821
12822
12823
12824
12825
12826
12827
12829
12830
12832
12833
12834
12836
12837
12838
12840
12841
12842
12843
12844
12845
12846
12847
12848
12849
12850
12851
12852
12853
12854
12855
12858
12859
12862
12863
12864
12865
12866
12867
12868
12869
12870
12871
12873
12874
12875
12876
12877
12878
12880
12881
12882
12883
12884
12886
12887
12888
12889
12890
12891
12893
12894
12895
12896
12897
12898
12899
12900
12901
12903
12904
12905
12906
12907
12908
12909
12910
12912
12913
12914
12915
12917
12918
12920
12921
12922
12923
12924
12925
12926
12927
12928
12929
12930
12931
12932
12934
12935
12936
12937
12938
12940
12941
12942
12943
12945
12946
12948
12949
12950
12952
12953
12954
12955
12957
12958
12959
12960
12961
12962
12963
12964
12965
12966
12969
12970
12971
12973
12974
12975
12976
12977
12978
12980
12982
12983
12984
12985
12986
12987
12988
12991
12993
12994
12995
12996
12997
12998
12999
13000
13001
13002
13004
13005
13007
13009
13011
13012
13013
13014
13015
13016
13017
13019
13021
13022
13023
13024
13026
13027
13028
13029
13030
13031
13033
13034
13035
13036
13037
13038
13039
13042
13043
13044
13045
13047
13048
13049
13050
13051
13053
13054
13055
13056
13057
13058
13059
13060
13061
13062
13063
13064
13065
13066
13067
13068
13069
13071
13072
13073
13076
13077
13079
13080
13081
13082
13083
13084
13085
13086
13087
13088
13089
13090
13091
13092
13093
13094
13095
13096
13097
13098
13099
13100
13101
13102
13103
13104
13105
13107
13108
13109
13110
13111
13112
13113
13114
13115
13116
13118
13120
13121
13123
13125
13126
13127
13128
13129
13130
13131
13132
13135
13136
13137
13138
13139
13140
13141
13142
13143
13144
13145
13146
13150
13151
13153
13154
13155
13156
13157
13158
13159
13160
13161
13162
13163
13165
13166
13167
13168
13169
13170
13171
13172
13173
13175
13176
13177
13178
13179
13180
13181
13182
13183
13184
13185
13186
13187
13188
13190
13192
13193
13196
13197
13198
13199
13200
13201
13202
13203
13204
13205
13207
13208
13209
13210
13211
13213
13214
13215
13216
13217
13218
13219
13220
13221
13222
13223
13224
13226
13227
13228
13229
13230
13231
13232
13235
13236
13237
13238
13239
13240
13241
13242
13243
13244
13245
13246
13247
13248
13249
13251
13252
13253
13254
13256
13257
13258
13259
13260
13261
13262
13263
13264
13265
13266
13267
13268
13269
13271
13272
13273
13276
13278
13279
13280
13281
13282
13283
13284
13285
13286
13288
13289
13290
13295
13296
13298
13301
13303
13305
13306
13307
13309
13310
13312
13313
13315
13316
13317
13318
13319
13320
13322
13323
13324
13325
13328
13329
13330
13331
13332
13333
13334
13335
13336
13337
13339
13340
13341
13343
13344
13345
13346
13348
13350
13351
13353
13354
13355
13356
13358
13359
13360
13362
13364
13365
13366
13367
13368
13369
13370
13371
13372
13373
13374
13375
13376
13377
13378
13379
13380
13382
13383
13384
13385
13386
13387
13388
13389
13390
13391
13392
13393
13394
13395
13396
13397
13398
13399
13400
13402
13403
13404
13405
13406
13407
13408
13410
13411
13412
13413
13414
13415
13416
13417
13418
13420
13421
13422
13423
13424
13425
13426
13427
13428
13429
13430
13432
13434
13435
13436
13439
13440
13441
13442
13443
13444
13445
13448
13449
13450
13451
13452
13453
13454
13455
13457
13458
13460
13462
13464
13465
13468
13470
13473
13475
13477
13478
13479
13480
13481
13482
13483
13485
13486
13487
13489
13490
13491
13492
13493
13494
13495
13496
13497
13498
13499
13500
13501
13502
13503
13504
13505
13506
13507
13509
13510
13511
13512
13513
13514
13516
13518
13520
13521
13522
13524
13525
13527
13528
13530
13531
13533
13534
13535
13536
13537
13539
13540
13541
13542
13543
13544
13545
13546
13547
13548
13550
13552
13553
13554
13555
13556
13557
13558
13559
13560
13561
13563
13564
13565
13566
13567
13568
13569
13570
13571
13572
13573
13574
13575
13576
13578
13579
13580
13581
13582
13584
13585
13586
13587
13588
13589
13591
13592
13593
13594
13595
13596
13597
13598
13599
13600
13601
13602
13605
13606
13607
13608
13609
13610
13611
13612
13613
13614
13615
13616
13617
13618
13620
13622
13623
13624
13625
13626
13627
13628
13631
13632
13634
13636
13638
13640
13641
13642
13643
13645
13646
13647
13648
13649
13651
13652
13653
13654
13655
13656
13657
13658
13660
13661
13662
13663
13665
13666
13667
13668
13669
13670
13672
13673
13674
13675
13676
13677
13678
13679
13680
13681
13682
13683
13684
13685
13686
13687
13688
13689
13690
13691
13692
13694
13695
13697
13698
13699
13702
13703
13704
13705
13706
13707
13708
13709
13710
13711
13712
13713
13714
13715
13716
13717
13719
13723
13724
13725
13727
13728
13729
13731
13732
13733
13734
13735
13736
13738
13741
13742
13744
13745
13746
13747
13748
13749
13750
13751
13752
13753
13754
13755
13756
13757
13758
13759
13760
13761
13762
13763
13764
13765
13766
13768
13769
13770
13771
13772
13773
13774
13775
13776
13777
13778
13779
13780
13781
13782
13783
13784
13786
13787
13788
13789
13791
13792
13794
13795
13797
13798
13799
13800
13801
13802
13803
13804
13805
13806
13807
13808
13809
13810
13811
13812
13813
13814
13816
13817
13818
13819
13820
13822
13823
13824
13826
13827
13828
13831
13832
13833
13834
13835
13837
13838
13839
13840
13841
13842
13843
13844
13846
13847
13848
13849
13850
13851
13852
13853
13854
13855
13856
13857
13858
13859
13860
13862
13863
13864
13865
13866
13867
13868
13870
13873
13874
13875
13878
13879
13880
13881
13882
13884
13885
13887
13890
13891
13892
13894
13896
13898
13899
13901
13902
13903
13904
13905
13906
13908
13909
13910
13911
13912
13913
13914
13915
13917
13920
13923
13925
13926
13927
13928
13929
13933
13935
13936
13938
13939
13940
13941
13942
13943
13944
13945
13946
13947
13948
13950
13951
13954
13955
13957
13958
13960
13961
13962
13963
13964
13965
13966
13967
13968
13969
13970
13971
13972
13973
13974
13975
13976
13977
13979
13980
13981
13982
13983
13984
13985
13986
13987
13988
13991
13992
13993
13995
13996
13998
13999
14000
14003
14004
14006
14007
14008
14009
14010
14011
14012
14013
14014
14015
14016
14018
14019
14020
14021
14022
14023
14024
14026
14029
14030
14031
14032
14033
14034
14035
14036
14037
14039
14040
14041
14042
14043
14044
14045
14046
14047
14048
14050
14051
14052
14053
14055
14056
14058
14059
14060
14061
14063
14064
14065
14066
14067
14068
14069
14070
14071
14073
14074
14076
14077
14078
14079
14080
14081
14082
14083
14084
14085
14086
14087
14088
14089
14090
14091
14092
14094
14095
14097
14098
14100
14101
14102
14103
14105
14106
14107
14108
14109
14110
14111
14112
14113
14114
14115
14116
14118
14119
14120
14121
14122
14123
14124
14125
14126
14128
14129
14130
14131
14132
14133
14134
14136
14137
14138
14140
14141
14142
14143
14144
14145
14147
14148
14149
14151
14152
14153
14154
14155
14156
14157
14159
14160
14161
14162
14163
14164
14165
14166
14168
14169
14170
14171
14172
14174
14175
14176
14177
14178
14179
14180
14181
14182
14183
14184
14185
14186
14188
14189
14190
14191
14192
14193
14194
14195
14196
14197
14198
14199
14200
14202
14203
14204
14205
14206
14207
14208
14209
14210
14211
14212
14213
14214
14215
14216
14219
14220
14221
14222
14223
14224
14226
14227
14228
14231
14233
14234
14235
14237
14238
14239
14240
14241
14242
14243
14244
14245
14246
14247
14248
14249
14250
14251
14252
14254
14255
14256
14258
14259
14260
14261
14263
14264
14265
14266
14267
14268
14269
14270
14271
14272
14273
14274
14277
14280
14281
14282
14283
14285
14286
14287
14288
14289
14290
14291
14292
14293
14294
14296
14297
14300
14301
14304
14306
14308
14309
14311
14312
14314
14315
14316
14318
14320
14322
14323
14325
14327
14328
14330
14332
14333
14334
14335
14336
14337
14339
14340
14341
14342
14343
14344
14345
14346
14347
14348
14349
14351
14352
14353
14354
14356
14358
14359
14361
14362
14363
14365
14367
14368
14370
14371
14372
14373
14374
14375
14376
14377
14378
14379
14380
14381
14382
14383
14384
14385
14386
14387
14388
14389
14390
14392
14394
14395
14397
14398
14400
14401
14402
14406
14407
14408
14409
14410
14411
14412
14414
14416
14417
14418
14419
14420
14421
14423
14427
14428
14429
14430
14431
14432
14434
14435
14436
14437
14438
14439
14440
14441
14442
14443
14444
14445
14446
14447
14449
14450
14451
14452
14453
14454
14456
14457
14458
14459
14460
14461
14462
14464
14465
14468
14469
14470
14471
14472
14473
14474
14475
14476
14477
14478
14479
14480
14481
14482
14485
14486
14489
14490
14492
14495
14496
14497
14498
14499
14500
14501
14502
14503
14504
14505
14506
14508
14509
14510
14512
14513
14514
14515
14517
14519
14520
14522
14523
14524
14525
14526
14528
14529
14531
14532
14534
14535
14537
14539
14540
14541
14542
14543
14544
14545
14548
14549
14552
14553
14554
14555
14556
14557
14558
14559
14560
14561
14562
14563
14565
14566
14567
14569
14570
14571
14572
14573
14574
14576
14577
14579
14580
14581
14583
14585
14586
14587
14588
14589
14590
14591
14593
14594
14595
14596
14597
14598
14599
14600
14601
14602
14603
14604
14605
14606
14608
14609
14610
14611
14613
14615
14617
14618
14619
14620
14621
14622
14623
14625
14626
14627
14628
14629
14630
14632
14634
14635
14636
14637
14639
14641
14642
14643
14645
14646
14647
14648
14649
14650
14653
14654
14657
14658
14659
14660
14661
14662
14663
14664
14665
14667
14668
14669
14670
14671
14672
14673
14674
14676
14677
14678
14679
14680
14681
14682
14683
14684
14685
14687
14688
14689
14690
14691
14692
14693
14694
14695
14696
14697
14698
14699
14700
14701
14702
14703
14705
14706
14707
14708
14709
14710
14711
14712
14713
14714
14715
14716
14717
14718
14720
14721
14722
14725
14726
14727
14728
14731
14732
14733
14734
14735
14736
14737
14738
14739
14742
14743
14744
14745
14746
14747
14748
14749
14750
14751
14752
14753
14754
14755
14757
14758
14759
14760
14762
14763
14764
14765
14766
14767
14768
14769
14770
14772
14773
14774
14775
14777
14778
14779
14781
14782
14783
14784
14785
14786
14787
14788
14789
14790
14791
14792
14793
14794
14795
14796
14797
14798
14799
14800
14801
14802
14803
14804
14807
14808
14809
14810
14811
14812
14813
14814
14815
14816
14817
14819
14821
14822
14823
14824
14825
14826
14827
14829
14830
14832
14833
14834
14835
14836
14837
14838
14839
14840
14842
14844
14846
14848
14849
14851
14852
14853
14854
14855
14856
14858
14860
14861
14862
14863
14865
14866
14867
14868
14869
14870
14871
14872
14873
14874
14875
14876
14877
14878
14879
14880
14882
14883
14884
14885
14886
14887
14888
14889
14890
14891
14892
14893
14894
14895
14896
14897
14899
14901
14903
14905
14906
14907
14908
14909
14910
14911
14912
14913
14914
14915
14916
14917
14918
14920
14921
14922
14923
14924
14926
14927
14928
14930
14931
14932
14933
14934
14935
14936
14937
14938
14940
14943
14944
14945
14946
14947
14949
14950
14951
14952
14953
14955
14956
14957
14958
14959
14960
14961
14962
14963
14964
14965
14968
14970
14971
14972
14973
14974
14975
14976
14977
14978
14979
14980
14981
14982
14983
14984
14986
14987
14988
14989
14991
14992
14993
14995
14996
14997
14999
15000
15001
15002
15003
15004
15005
15006
15007
15009
15010
15011
15012
15013
15014
15015
15016
15017
15018
15019
15020
15023
15025
15026
15027
15028
15029
15030
15031
15032
15033
15034
15035
15036
15037
15038
15040
15041
15042
15043
15044
15045
15046
15047
15048
15049
15050
15052
15054
15055
15057
15058
15059
15060
15061
15062
15063
15064
15065
15066
15067
15069
15070
15071
15072
15074
15075
15077
15078
15080
15081
15082
15083
15085
15086
15087
15088
15089
15090
15092
15093
15094
15095
15096
15097
15098
15099
15100
15103
15104
15105
15107
15108
15109
15110
15112
15113
15114
15115
15116
15117
15118
15119
15120
15121
15122
15123
15124
15126
15128
15129
15130
15131
15132
15133
15134
15135
15136
15137
15138
15141
15144
15145
15146
15147
15150
15152
15153
15155
15156
15157
15158
15160
15161
15162
15164
15165
15166
15167
15168
15169
15170
15171
15173
15174
15175
15176
15177
15178
15181
15183
15184
15185
15188
15189
15190
15192
15193
15194
15196
15197
15198
15199
15200
15201
15202
15203
15204
15205
15206
15207
15208
15210
15211
15212
15213
15214
15215
15217
15218
15219
15220
15221
15222
15224
15225
15226
15227
15228
15229
15231
15232
15233
15234
15235
15236
15238
15239
15240
15242
15243
15244
15246
15248
15249
15250
15254
15257
15259
15261
15262
15263
15264
15266
15267
15268
15269
15270
15271
15272
15273
15274
15275
15277
15278
15280
15282
15284
15285
15286
15287
15288
15289
15290
15291
15292
15293
15294
15295
15296
15297
15298
15299
15300
15301
15303
15304
15305
15306
15308
15309
15311
15312
15313
15314
15315
15316
15317
15318
15319
15320
15321
15323
15324
15327
15328
15329
15330
15331
15332
15333
15335
15336
15339
15340
15341
15342
15344
15345
15346
15347
15349
15350
15352
15353
15354
15355
15356
15359
15360
15361
15362
15363
15364
15365
15366
15367
15369
15370
15371
15373
15374
15375
15376
15377
15378
15379
15380
15381
15382
15383
15384
15385
15386
15387
15388
15389
15390
15391
15392
15393
15394
15395
15396
15397
15399
15400
15401
15402
15403
15405
15406
15407
15408
15409
15410
15411
15412
15413
15414
15415
15417
15418
15419
15420
15421
15422
15424
15425
15426
15427
15428
15429
15430
15431
15432
15433
15434
15435
15436
15437
15438
15440
15441
15443
15444
15445
15446
15448
15449
15450
15451
15452
15453
15454
15455
15458
15460
15462
15463
15464
15465
15466
15467
15468
15469
15470
15471
15472
15473
15474
15476
15478
15480
15482
15483
15484
15485
15486
15487
15488
15489
15490
15491
15492
15493
15494
15495
15496
15497
15498
15500
15501
15503
15504
15505
15507
15508
15510
15511
15512
15513
15514
15515
15518
15521
15522
15523
15525
15526
15527
15528
15529
15531
15532
15537
15539
15540
15541
15542
15544
15545
15546
15547
15548
15549
15550
15551
15552
15553
15555
15556
15557
15558
15559
15560
15561
15562
15563
15564
15565
15566
15567
15568
15569
15570
15571
15572
15573
15574
15575
15576
15577
15578
15579
15580
15581
15582
15584
15585
15586
15587
15588
15589
15591
15593
15594
15595
15596
15597
15598
15600
15601
15603
15604
15605
15606
15608
15609
15611
15612
15613
15614
15615
15618
15619
15620
15621
15622
15623
15624
15625
15627
15628
15629
15630
15632
15634
15635
15636
15638
15639
15640
15641
15644
15645
15646
15647
15648
15649
15650
15651
15653
15656
15657
15658
15659
15660
15661
15662
15663
15664
15665
15666
15667
15669
15670
15672
15673
15674
15675
15676
15679
15680
15681
15686
15688
15689
15690
15692
15693
15694
15695
15696
15697
15698
15699
15700
15701
15702
15703
15704
15705
15706
15707
15708
15709
15710
15713
15715
15716
15717
15718
15719
15720
15721
15722
15724
15725
15726
15727
15728
15731
15732
15733
15734
15735
15736
15737
15738
15739
15740
15741
15742
15743
15745
15746
15747
15748
15749
15751
15752
15754
15756
15758
15759
15762
15764
15765
15767
15768
15769
15770
15771
15772
15773
15774
15776
15778
15780
15781
15783
15784
15785
15788
15789
15790
15791
15792
15793
15794
15795
15796
15797
15799
15802
15803
15804
15805
15806
15808
15809
15810
15812
15813
15814
15815
15816
15817
15818
15819
15820
15821
15822
15824
15825
15827
15828
15830
15831
15832
15834
15835
15836
15837
15838
15839
15840
15841
15842
15843
15845
15846
15847
15848
15849
15850
15851
15853
15854
15855
15856
15857
15858
15859
15860
15861
15862
15863
15864
15865
15866
15867
15868
15870
15871
15872
15873
15874
15875
15876
15877
15878
15879
15880
15882
15883
15884
15885
15886
15887
15888
15889
15891
15893
15894
15895
15896
15897
15898
15899
15900
15901
15902
15903
15904
15905
15906
15907
15908
15909
15910
15911
15912
15917
15918
15919
15920
15921
15922
15923
15924
15925
15927
15928
15929
15930
15931
15932
15933
15934
15936
15937
15938
15939
15941
15943
15944
15945
15946
15947
15948
15949
15950
15952
15953
15955
15956
15957
15958
15959
15960
15961
15962
15964
15965
15966
15967
15968
15969
15970
15971
15972
15973
15975
15976
15977
15978
15979
15981
15982
15983
15984
15985
15987
15988
15990
15991
15992
15993
15994
15996
15997
15998
15999
16000
16001
16005
16006
16007
16008
16009
16010
16011
16012
16013
16014
16015
16016
16017
16018
16019
16021
16022
16023
16024
16025
16026
16027
16028
16029
16030
16033
16034
16035
16036
16037
16038
16039
16040
16042
16044
16045
16048
16049
16050
16051
16053
16056
16058
16059
16060
16061
16062
16063
16064
16065
16066
16067
16068
16069
16070
16073
16075
16076
16077
16078
16079
16080
16081
16082
16084
16085
16086
16088
16089
16091
16092
16093
16094
16095
16096
16097
16099
16100
16101
16103
16104
16106
16107
16108
16109
16110
16111
16112
16114
16115
16116
16117
16119
16120
16121
16122
16123
16124
16125
16126
16128
16129
16130
16131
16132
16134
16136
16137
16138
16139
16140
16141
16142
16143
16144
16145
16147
16148
16149
16150
16153
16154
16155
16156
16157
16158
16159
16160
16162
16163
16164
16165
16167
16168
16169
16171
16172
16173
16174
16175
16177
16178
16179
16180
16182
16183
16184
16186
16187
16188
16189
16190
16191
16192
16195
16196
16197
16198
16200
16201
16202
16207
16208
16209
16211
16212
16213
16214
16215
16217
16218
16219
16220
16221
16222
16224
16225
16228
16229
16230
16231
16233
16234
16235
16236
16237
16238
16239
16240
16241
16243
16245
16246
16247
16248
16249
16250
16251
16252
16253
16254
16256
16257
16258
16260
16261
16262
16263
16264
16267
16268
16270
16271
16272
16274
16275
16276
16278
16279
16280
16281
16282
16284
16285
16288
16290
16293
16294
16295
16296
16297
16298
16299
16300
16301
16302
16304
16305
16307
16309
16310
16311
16313
16314
16315
16317
16318
16320
16321
16324
16325
16326
16327
16329
16330
16331
16332
16335
16336
16337
16338
16341
16343
16345
16346
16347
16348
16349
16350
16351
16352
16354
16356
16358
16359
16360
16362
16364
16366
16367
16368
16369
16370
16371
16376
16377
16378
16379
16380
16381
16382
16383
16384
16385
16386
16387
16389
16390
16393
16394
16395
16397
16398
16400
16401
16402
16403
16404
16405
16406
16407
16408
16409
16410
16411
16412
16413
16414
16415
16416
16417
16418
16419
16420
16421
16422
16423
16424
16425
16427
16428
16429
16430
16431
16432
16433
16434
16435
16436
16437
16438
16439
16440
16441
16442
16443
16447
16448
16449
16450
16451
16452
16453
16455
16456
16460
16461
16463
16465
16468
16469
16471
16472
16473
16474
16475
16477
16478
16480
16481
16482
16484
16486
16487
16490
16491
16492
16493
16494
16495
16496
16499
16500
16501
16502
16503
16504
16505
16506
16507
16508
16509
16510
16514
16515
16516
16517
16518
16519
16520
16521
16522
16523
16524
16525
16526
16528
16529
16530
16531
16534
16535
16536
16538
16539
16540
16541
16544
16545
16546
16547
16548
16549
16551
16552
16556
16558
16559
16560
16561
16562
16563
16565
16566
16567
16568
16569
16572
16573
16574
16575
16577
16578
16579
16580
16581
16582
16583
16584
16585
16586
16587
16588
16589
16590
16591
16592
16593
16594
16595
16597
16598
16599
16601
16602
16603
16604
16605
16606
16607
16609
16610
16611
16612
16613
16614
16615
16616
16617
16619
16620
16622
16623
16624
16626
16627
16628
16629
16630
16631
16632
16633
16634
16635
16636
16637
16638
16639
16640
16641
16642
16643
16644
16647
16648
16649
16651
16653
16654
16655
16656
16658
16659
16661
16662
16664
16666
16667
16668
16671
16672
16673
16674
16675
16676
16677
16679
16681
16682
16683
16684
16685
16686
16687
16688
16690
16691
16692
16693
16694
16695
16697
16699
16700
16701
16702
16703
16705
16706
16707
16709
16712
16713
16714
16715
16717
16718
16719
16721
16722
16723
16724
16725
16727
16728
16731
16732
16733
16734
16736
16737
16738
16739
16740
16741
16742
16743
16744
16746
16747
16748
16749
16751
16752
16753
16754
16755
16756
16757
16758
16759
16760
16761
16762
16763
16764
16765
16766
16767
16768
16769
16770
16771
16772
16773
16775
16776
16777
16778
16779
16781
16782
16783
16785
16786
16787
16788
16789
16790
16792
16793
16794
16796
16798
16799
16800
16801
16802
16803
16804
16805
16807
16808
16809
16811
16812
16813
16814
16815
16816
16817
16819
16820
16821
16823
16825
16826
16827
16828
16829
16830
16831
16833
16834
16836
16837
16838
16839
16841
16842
16843
16844
16846
16847
16848
16849
16850
16852
16853
16855
16856
16858
16859
16860
16862
16863
16864
16865
16866
16867
16868
16869
16870
16871
16872
16873
16874
16875
16876
16877
16878
16879
16880
16881
16884
16885
16887
16888
16890
16891
16893
16894
16897
16899
16900
16901
16902
16903
16904
16905
16906
16907
16908
16909
16910
16911
16912
16913
16914
16915
16916
16917
16920
16921
16923
16924
16928
16930
16932
16933
16934
16935
16936
16937
16938
16939
16940
16941
16942
16943
16944
16945
16946
16947
16949
16950
16951
16952
16953
16954
16955
16956
16957
16958
16959
16961
16962
16963
16964
16965
16966
16967
16968
16970
16971
16973
16974
16975
16977
16978
16979
16980
16981
16982
16983
16984
16985
16986
16987
16988
16989
16991
16992
16993
16995
16996
16997
16998
16999
17000
17002
17003
17004
17005
17006
17009
17010
17011
17012
17013
17015
17016
17017
17018
17022
17023
17024
17027
17028
17030
17031
17032
17034
17035
17038
17039
17040
17041
17043
17044
17045
17046
17047
17049
17051
17052
17054
17057
17058
17059
17060
17062
17064
17065
17066
17067
17068
17069
17070
17071
17072
17073
17074
17075
17076
17077
17078
17079
17080
17081
17082
17083
17084
17085
17086
17087
17089
17090
17091
17092
17093
17094
17096
17097
17098
17099
17100
17101
17102
17105
17106
17107
17108
17110
17111
17112
17114
17115
17117
17118
17119
17120
17121
17122
17123
17126
17128
17129
17130
17132
17133
17134
17135
17136
17140
17141
17142
17143
17144
17145
17146
17147
17149
17150
17151
17152
17153
17154
17155
17156
17157
17158
17161
17162
17163
17164
17165
17166
17167
17168
17169
17171
17172
17173
17174
17175
17176
17177
17180
17181
17182
17183
17185
17186
17187
17189
17190
17191
17192
17193
17195
17196
17197
17198
17199
17201
17203
17204
17205
17206
17207
17209
17210
17211
17212
17214
17216
17217
17218
17219
17220
17221
17222
17223
17224
17225
17226
17227
17228
17233
17234
17235
17236
17237
17238
17239
17241
17243
17244
17245
17246
17247
17248
17249
17251
17252
17253
17254
17257
17258
17260
17261
17262
17263
17264
17265
17266
17267
17268
17269
17270
17272
17274
17275
17277
17278
17279
17280
17281
17282
17283
17284
17285
17287
17288
17289
17290
17291
17292
17293
17294
17295
17297
17298
17300
17302
17303
17304
17305
17307
17309
17311
17312
17313
17314
17316
17317
17318
17319
17320
17321
17322
17324
17325
17326
17328
17330
17331
17332
17333
17334
17335
17336
17338
17340
17342
17344
17345
17347
17349
17351
17352
17353
17354
17355
17356
17357
17358
17359
17360
17362
17364
17365
17366
17367
17369
17370
17371
17372
17373
17374
17375
17376
17377
17379
17380
17381
17382
17383
17384
17385
17386
17387
17388
17389
17390
17391
17392
17393
17394
17395
17396
17397
17398
17399
17401
17402
17403
17404
17405
17406
17409
17410
17413
17414
17415
17417
17418
17419
17420
17422
17423
17424
17425
17426
17427
17428
17429
17430
17431
17432
17433
17436
17437
17438
17439
17440
17441
17444
17445
17448
17450
17452
17454
17455
17456
17457
17458
17459
17461
17462
17463
17464
17465
17466
17467
17469
17470
17471
17472
17474
17476
17477
17479
17480
17481
17482
17483
17484
17486
17488
17489
17490
17491
17492
17493
17494
17495
17496
17497
17498
17500
17501
17502
17503
17504
17506
17507
17509
17510
17511
17512
17513
17514
17515
17516
17519
17521
17522
17523
17524
17525
17526
17527
17528
17529
17530
17532
17533
17534
17535
17536
17537
17538
17539
17541
17542
17543
17544
17545
17546
17548
17549
17550
17551
17553
17554
17555
17556
17557
17558
17559
17560
17561
17562
17563
17564
17565
17566
17568
17570
17571
17572
17573
17574
17575
17576
17577
17578
17580
17581
17582
17583
17584
17585
17587
17588
17589
17590
17591
17592
17593
17594
17596
17598
17600
17602
17603
17604
17606
17607
17608
17609
17610
17612
17613
17614
17615
17616
17617
17619
17620
17621
17622
17623
17624
17625
17626
17628
17629
17632
17633
17634
17635
17636
17637
17638
17639
17640
17641
17642
17643
17644
17645
17646
17648
17649
17650
17651
17652
17653
17655
17656
17657
17659
17660
17661
17663
17664
17666
17667
17668
17669
17670
17671
17672
17673
17674
17675
17676
17677
17678
17679
17680
17681
17683
17684
17685
17686
17688
17689
17690
17691
17692
17693
17696
17697
17698
17699
17701
17702
17703
17704
17705
17706
17708
17709
17710
17711
17712
17714
17715
17717
17719
17720
17721
17722
17723
17724
17726
17728
17730
17731
17732
17733
17734
17735
17737
17738
17739
17740
17741
17742
17743
17745
17746
17747
17748
17749
17750
17751
17752
17754
17755
17756
17758
17759
17760
17761
17762
17763
17764
17766
17768
17769
17770
17771
17772
17773
17775
17776
17778
17779
17782
17784
17785
17786
17787
17788
17789
17790
17791
17792
17793
17794
17795
17797
17798
17799
17800
17801
17802
17803
17804
17805
17806
17807
17809
17810
17811
17812
17813
17814
17815
17818
17823
17824
17826
17827
17828
17829
17830
17831
17832
17833
17834
17835
17837
17839
17840
17841
17843
17844
17845
17847
17848
17851
17852
17853
17854
17855
17856
17857
17859
17860
17861
17864
17865
17866
17867
17868
17869
17870
17872
17873
17874
17876
17877
17878
17880
17881
17882
17883
17884
17885
17886
17887
17888
17890
17891
17894
17896
17898
17899
17900
17901
17902
17904
17906
17907
17908
17910
17911
17913
17915
17916
17917
17918
17919
17920
17921
17922
17923
17924
17925
17926
17928
17929
17930
17931
17932
17933
17934
17936
17938
17939
17940
17941
17942
17943
17944
17945
17946
17948
17949
17951
17952
17953
17954
17955
17956
17957
17959
17961
17962
17963
17965
17967
17968
17969
17970
17971
17972
17973
17974
17977
17978
17979
17981
17982
17983
17985
17986
17987
17988
17991
17992
17994
17995
17996
17998
17999
18000
18002
18003
18004
18005
18006
18007
18008
18009
18010
18011
18013
18014
18016
18017
18018
18020
18022
18023
18024
18025
18027
18028
18029
18030
18032
18034
18035
18036
18037
18038
18040
18042
18044
18046
18047
18048
18050
18051
18052
18053
18054
18055
18056
18057
18059
18060
18063
18065
18066
18068
18070
18071
18072
18073
18074
18075
18076
18077
18078
18079
18081
18082
18084
18085
18086
18087
18091
18092
18093
18094
18095
18097
18098
18099
18100
18101
18102
18103
18104
18105
18106
18107
18108
18109
18110
18112
18113
18114
18115
18116
18117
18118
18119
18120
18121
18122
18124
18125
18126
18128
18130
18131
18132
18134
18135
18136
18137
18139
18140
18141
18142
18145
18146
18147
18148
18149
18150
18151
18153
18154
18155
18156
18157
18160
18162
18163
18164
18165
18166
18167
18168
18169
18170
18171
18172
18173
18175
18176
18177
18178
18179
18180
18181
18182
18183
18184
18185
18186
18187
18188
18191
18193
18194
18195
18198
18199
18200
18201
18202
18203
18204
18205
18206
18207
18208
18209
18210
18211
18212
18213
18214
18215
18216
18218
18220
18221
18222
18223
18225
18226
18227
18228
18229
18230
18231
18232
18233
18234
18235
18236
18237
18238
18239
18243
18247
18251
18252
18253
18258
18260
18261
18264
18265
18266
18267
18269
18270
18271
18272
18273
18274
18275
18276
18277
18278
18279
18280
18282
18283
18284
18285
18286
18287
18288
18289
18290
18291
18292
18293
18295
18296
18298
18299
18301
18302
18305
18306
18307
18308
18310
18311
18313
18315
18318
18319
18320
18321
18322
18323
18325
18326
18327
18328
18330
18331
18332
18333
18334
18335
18336
18340
18341
18342
18343
18346
18347
18348
18349
18350
18351
18352
18353
18354
18356
18357
18359
18361
18362
18364
18365
18367
18368
18369
18370
18373
18374
18375
18376
18377
18378
18379
18380
18381
18382
18383
18384
18385
18386
18387
18388
18389
18390
18391
18392
18393
18394
18395
18396
18397
18398
18399
18400
18401
18402
18403
18404
18405
18407
18408
18409
18410
18411
18412
18413
18414
18415
18417
18418
18420
18421
18422
18424
18425
18426
18427
18428
18430
18431
18434
18435
18436
18439
18440
18441
18442
18443
18444
18445
18446
18448
18452
18453
18455
18458
18459
18460
18461
18462
18463
18464
18465
18466
18467
18468
18469
18470
18471
18472
18473
18475
18476
18477
18478
18479
18480
18483
18484
18485
18486
18487
18488
18490
18491
18492
18493
18496
18498
18499
18502
18503
18504
18505
18507
18508
18509
18510
18511
18513
18515
18516
18517
18518
18520
18521
18522
18523
18524
18525
18526
18528
18530
18531
18532
18533
18534
18535
18536
18538
18539
18540
18541
18542
18543
18544
18545
18546
18549
18551
18552
18553
18554
18555
18559
18560
18561
18562
18563
18564
18566
18567
18568
18569
18570
18571
18573
18574
18575
18577
18578
18579
18581
18582
18583
18585
18586
18587
18588
18589
18590
18592
18593
18594
18595
18596
18597
18598
18599
18600
18601
18603
18605
18606
18607
18608
18609
18610
18611
18612
18613
18614
18615
18616
18617
18618
18620
18621
18622
18623
18626
18627
18630
18631
18633
18635
18637
18638
18639
18641
18642
18643
18644
18648
18649
18650
18651
18652
18653
18655
18656
18657
18658
18661
18662
18663
18664
18666
18667
18668
18670
18671
18673
18675
18676
18677
18678
18679
18680
18681
18682
18683
18685
18686
18687
18689
18690
18693
18694
18695
18696
18698
18699
18700
18701
18702
18704
18705
18706
18707
18708
18709
18710
18712
18713
18714
18715
18716
18717
18718
18720
18721
18722
18724
18725
18726
18727
18729
18730
18731
18732
18733
18734
18735
18736
18737
18738
18739
18740
18741
18743
18744
18745
18746
18747
18748
18749
18750
18751
18752
18754
18755
18757
18760
18761
18763
18764
18765
18766
18769
18770
18771
18772
18773
18774
18776
18777
18778
18779
18781
18782
18783
18784
18785
18786
18787
18788
18790
18791
18794
18796
18797
18800
18801
18804
18805
18808
18810
18811
18812
18813
18814
18815
18816
18817
18818
18819
18820
18821
18824
18826
18827
18828
18830
18831
18833
18834
18835
18836
18837
18838
18839
18841
18842
18843
18844
18845
18847
18848
18849
18850
18851
18853
18854
18855
18856
18857
18858
18859
18862
18863
18864
18865
18867
18868
18869
18870
18871
18873
18874
18875
18876
18877
18878
18879
18880
18882
18885
18886
18887
18888
18890
18892
18893
18894
18895
18896
18897
18898
18899
18900
18901
18902
18904
18905
18906
18907
18908
18909
18910
18912
18913
18916
18917
18918
18919
18920
18921
18922
18923
18924
18926
18927
18929
18930
18932
18933
18934
18935
18936
18937
18938
18939
18941
18942
18943
18944
18945
18946
18948
18950
18952
18953
18954
18955
18956
18957
18958
18959
18960
18961
18962
18964
18966
18967
18970
18971
18972
18973
18974
18975
18977
18978
18981
18982
18983
18984
18985
18986
18987
18988
18989
18990
18991
18993
18995
18997
18998
19000
19001
19002
19003
19005
19007
19009
19011
19012
19013
19014
19016
19017
19018
19019
19020
19022
19023
19024
19025
19026
19027
19028
19029
19030
19032
19033
19035
19037
19038
19039
19041
19042
19043
19044
19046
19047
19048
19050
19051
19054
19055
19056
19057
19058
19059
19061
19062
19063
19064
19066
19067
19068
19069
19070
19072
19073
19076
19077
19078
19079
19081
19083
19084
19085
19086
19087
19088
19089
19094
19095
19096
19097
19098
19099
19100
19101
19102
19104
19105
19106
19107
19108
19109
19110
19111
19112
19113
19114
19115
19116
19117
19118
19119
19120
19122
19123
19124
19125
19126
19127
19128
19129
19130
19133
19135
19136
19137
19138
19139
19140
19141
19142
19143
19144
19145
19146
19147
19149
19150
19151
19152
19153
19154
19156
19157
19158
19159
19162
19163
19165
19166
19167
19170
19171
19172
19173
19174
19175
19177
19178
19179
19181
19182
19183
19185
19186
19187
19188
19189
19190
19191
19192
19193
19194
19195
19196
19197
19201
19203
19206
19207
19208
19209
19210
19211
19212
19213
19214
19215
19216
19217
19218
19220
19221
19222
19223
19225
19226
19228
19229
19231
19233
19234
19235
19238
19239
19241
19246
19247
19248
19249
19251
19252
19253
19255
19256
19257
19258
19260
19263
19264
19265
19266
19267
19268
19269
19270
19271
19272
19273
19274
19275
19276
19277
19278
19279
19280
19281
19282
19283
19284
19285
19287
19288
19290
19292
19293
19294
19296
19298
19300
19301
19303
19304
19305
19306
19307
19308
19310
19312
19313
19314
19315
19317
19318
19319
19320
19321
19322
19323
19324
19325
19329
19330
19331
19332
19333
19335
19336
19337
19338
19339
19344
19345
19346
19348
19349
19350
19351
19352
19353
19354
19355
19356
19357
19359
19360
19361
19362
19363
19364
19366
19367
19368
19369
19370
19371
19372
19373
19375
19379
19382
19383
19387
19388
19389
19390
19391
19394
19395
19396
19397
19398
19400
19401
19402
19403
19404
19405
19406
19407
19408
19409
19410
19411
19412
19413
19415
19417
19418
19420
19422
19424
19425
19427
19428
19429
19432
19434
19435
19436
19438
19439
19440
19441
19445
19447
19448
19449
19452
19454
19455
19457
19458
19459
19460
19461
19462
19463
19464
19465
19466
19468
19469
19470
19471
19472
19473
19474
19475
19478
19480
19481
19482
19483
19484
19485
19486
19488
19489
19490
19491
19492
19493
19495
19497
19498
19499
19500
19501
19503
19504
19505
19508
19509
19510
19511
19513
19514
19515
19517
19518
19520
19521
19522
19524
19525
19526
19527
19528
19529
19531
19532
19533
19534
19535
19536
19537
19538
19539
19541
19542
19543
19544
19547
19551
19552
19553
19554
19555
19556
19557
19558
19559
19561
19562
19563
19564
19565
19566
19567
19568
19569
19570
19572
19573
19574
19575
19576
19577
19579
19580
19581
19583
19584
19585
19586
19588
19589
19590
19591
19592
19593
19596
19597
19598
19599
19600
19601
19603
19604
19605
19606
19608
19609
19610
19611
19612
19613
19615
19616
19618
19619
19621
19622
19624
19625
19627
19628
19629
19630
19631
19632
19634
19635
19636
19638
19639
19641
19643
19644
19645
19646
19649
19650
19651
19652
19653
19654
19655
19657
19658
19659
19660
19661
19662
19663
19666
19667
19668
19669
19670
19671
19672
19673
19674
19675
19676
19678
19680
19681
19682
19684
19685
19686
19687
19688
19689
19690
19691
19693
19694
19695
19696
19697
19699
19700
19702
19703
19704
19705
19707
19708
19709
19710
19711
19712
19713
19716
19717
19718
19720
19722
19723
19724
19725
19726
19727
19728
19729
19730
19731
19732
19735
19736
19738
19739
19740
19741
19744
19745
19747
19748
19749
19752
19753
19755
19757
19760
19761
19763
19764
19766
19767
19768
19769
19771
19773
19775
19776
19778
19782
19783
19784
19785
19786
19787
19788
19789
19790
19792
19793
19794
19795
19796
19797
19798
19800
19803
19806
19807
19809
19810
19811
19812
19813
19814
19815
19816
19818
19820
19822
19824
19825
19826
19827
19829
19830
19831
19832
19833
19834
19835
19839
19840
19841
19842
19843
19844
19845
19846
19847
19848
19849
19850
19852
19854
19855
19856
19857
19858
19859
19860
19863
19865
19866
19867
19868
19869
19871
19872
19873
19874
19877
19878
19879
19881
19883
19884
19886
19887
19888
19891
19892
19893
19894
19896
19898
19899
19900
19902
19903
19904
19908
19909
19910
19911
19912
19913
19915
19916
19918
19920
19921
19922
19925
19926
19927
19929
19930
19931
19933
19934
19935
19936
19938
19939
19941
19942
19943
19944
19945
19947
19948
19949
19950
19951
19952
19953
19954
19955
19956
19957
19958
19959
19960
19961
19962
19963
19964
19965
19966
19968
19969
19970
19972
19973
19974
19977
19978
19980
19981
19982
19983
19986
19988
19989
19991
19992
19994
19995
19996
19998
20000
20001
20002
20003
20004
20005
20006
20007
20009
20010
20011
20012
20013
20014
20015
20016
20017
20018
20019
20021
20022
20025
20026
20027
20028
20029
20030
20031
20032
20034
20035
20036
20038
20040
20042
20043
20044
20045
20046
20047
20048
20049
20050
20051
20052
20053
20054
20056
20057
20058
20059
20062
20063
20066
20067
20068
20069
20070
20071
20072
20073
20074
20076
20077
20078
20079
20080
20086
20087
20088
20089
20090
20091
20093
20094
20095
20097
20098
20099
20100
20101
20102
20103
20104
20105
20106
20108
20109
20110
20112
20113
20114
20115
20116
20117
20120
20121
20122
20123
20124
20125
20126
20128
20129
20133
20134
20135
20136
20138
20139
20142
20144
20145
20146
20147
20149
20152
20153
20155
20156
20157
20158
20159
20160
20161
20162
20163
20164
20166
20167
20168
20169
20170
20171
20172
20173
20174
20175
20176
20178
20179
20181
20182
20183
20184
20185
20186
20189
20190
20191
20192
20193
20194
20195
20196
20197
20199
20201
20204
20206
20207
20208
20209
20210
20212
20213
20214
20215
20216
20218
20219
20220
20221
20222
20223
20224
20225
20226
20227
20228
20229
20231
20232
20234
20235
20236
20238
20239
20240
20241
20243
20244
20245
20246
20249
20250
20253
20254
20255
20256
20257
20258
20260
20262
20263
20265
20266
20267
20268
20269
20270
20271
20273
20274
20275
20276
20277
20279
20280
20282
20283
20285
20286
20290
20291
20292
20293
20295
20296
20297
20302
20304
20305
20306
20307
20308
20311
20312
20313
20314
20315
20317
20318
20319
20320
20321
20322
20323
20325
20326
20327
20328
20329
20330
20332
20334
20335
20337
20338
20340
20342
20343
20344
20345
20346
20348
20349
20350
20351
20352
20353
20355
20357
20359
20360
20361
20362
20363
20364
20365
20366
20367
20368
20370
20372
20374
20375
20376
20377
20378
20379
20381
20382
20384
20385
20386
20387
20388
20389
20390
20391
20392
20393
20394
20396
20397
20398
20400
20403
20404
20405
20406
20408
20409
20412
20413
20414
20416
20417
20418
20420
20421
20422
20424
20425
20427
20428
20430
20431
20432
20433
20435
20437
20438
20439
20440
20441
20442
20443
20444
20446
20447
20448
20449
20450
20452
20453
20454
20455
20456
20457
20458
20459
20460
20461
20463
20464
20465
20466
20467
20468
20469
20470
20471
20472
20473
20474
20475
20476
20477
20478
20479
20480
20483
20484
20485
20487
20488
20489
20490
20491
20492
20495
20496
20497
20498
20499
20500
20501
20502
20503
20505
20506
20507
20508
20509
20510
20512
20513
20515
20519
20520
20521
20522
20523
20524
20528
20529
20530
20531
20532
20533
20536
20537
20538
20539
20540
20542
20543
20544
20545
20546
20547
20548
20549
20550
20552
20554
20555
20557
20558
20559
20560
20561
20563
20564
20565
20566
20567
20569
20570
20571
20572
20573
20575
20576
20577
20579
20580
20581
20584
20585
20586
20589
20590
20591
20592
20593
20594
20596
20597
20598
20599
20600
20604
20607
20610
20612
20613
20614
20615
20616
20617
20618
20619
20620
20621
20622
20624
20626
20627
20629
20630
20631
20632
20633
20634
20635
20636
20637
20639
20640
20641
20643
20644
20647
20648
20649
20650
20653
20654
20655
20657
20659
20660
20661
20662
20663
20664
20665
20666
20667
20668
20670
20671
20672
20674
20675
20676
20677
20678
20679
20680
20682
20683
20684
20685
20688
20689
20690
20691
20692
20693
20694
20695
20696
20702
20703
20704
20705
20707
20708
20710
20711
20712
20713
20714
20715
20716
20719
20721
20722
20723
20724
20725
20727
20728
20729
20730
20731
20732
20733
20734
20735
20736
20737
20738
20739
20740
20741
20742
20744
20748
20749
20750
20751
20752
20754
20755
20757
20758
20759
20761
20762
20763
20764
20765
20766
20768
20769
20770
20771
20772
20773
20774
20775
20776
20777
20779
20781
20782
20784
20785
20787
20788
20790
20791
20792
20794
20795
20796
20797
20800
20802
20803
20804
20805
20807
20808
20809
20810
20812
20813
20814
20815
20816
20817
20818
20819
20821
20822
20823
20826
20827
20828
20829
20831
20832
20833
20834
20835
20836
20837
20838
20841
20843
20844
20845
20846
20848
20849
20850
20851
20852
20853
20854
20855
20856
20857
20858
20860
20861
20862
20863
20864
20865
20866
20867
20868
20869
20870
20871
20872
20874
20875
20876
20877
20878
20879
20880
20881
20882
20883
20884
20885
20886
20887
20888
20889
20890
20892
20894
20895
20897
20898
20899
20901
20902
20903
20905
20906
20908
20910
20911
20913
20915
20917
20918
20919
20920
20923
20924
20927
20928
20929
20930
20932
20933
20934
20936
20937
20938
20939
20940
20941
20943
20945
20946
20947
20948
20950
20951
20952
20953
20954
20955
20956
20957
20958
20959
20960
20961
20963
20966
20967
20968
20969
20970
20971
20972
20973
20974
20978
20979
20980
20981
20982
20983
20986
20987
20988
20990
20991
20992
20993
20996
20999
21000
21001
21002
21003
21004
21005
21006
21009
21011
21013
21014
21016
21017
21018
21019
21021
21022
21023
21024
21025
21026
21027
21029
21031
21033
21034
21035
21036
21037
21038
21041
21042
21043
21044
21047
21048
21049
21050
21051
21054
21055
21056
21059
21061
21062
21064
21065
21066
21068
21069
21070
21072
21073
21074
21076
21077
21078
21079
21080
21081
21083
21084
21087
21090
21091
21093
21094
21095
21096
21097
21101
21102
21103
21104
21105
21106
21107
21108
21109
21110
21111
21112
21113
21114
21116
21117
21118
21119
21120
21121
21122
21123
21124
21125
21126
21127
21129
21130
21131
21132
21133
21134
21135
21136
21138
21139
21140
21141
21142
21143
21144
21145
21146
21147
21148
21149
21150
21151
21152
21153
21154
21155
21157
21158
21159
21160
21161
21162
21163
21164
21165
21166
21167
21168
21170
21171
21172
21174
21176
21177
21179
21181
21182
21183
21186
21188
21189
21190
21191
21192
21193
21194
21195
21196
21197
21199
21200
21201
21202
21203
21204
21205
21206
21207
21211
21213
21214
21215
21216
21217
21218
21220
21221
21222
21224
21226
21227
21228
21229
21230
21232
21235
21236
21237
21238
21239
21240
21241
21242
21243
21244
21245
21248
21249
21250
21251
21252
21253
21254
21255
21256
21257
21258
21259
21260
21261
21262
21263
21264
21268
21269
21270
21271
21272
21273
21274
21275
21276
21278
21279
21280
21281
21282
21283
21285
21286
21288
21290
21291
21292
21293
21294
21295
21298
21299
21301
21303
21304
21306
21307
21309
21310
21311
21312
21316
21318
21320
21321
21322
21323
21324
21325
21326
21327
21328
21329
21330
21333
21335
21337
21338
21339
21340
21341
21342
21343
21344
21345
21347
21348
21349
21350
21351
21352
21353
21354
21355
21356
21357
21358
21359
21360
21362
21363
21365
21366
21367
21368
21369
21370
21371
21372
21373
21374
21375
21378
21380
21381
21384
21386
21387
21389
21390
21391
21392
21394
21396
21397
21398
21399
21400
21402
21403
21405
21406
21408
21409
21411
21412
21413
21414
21415
21417
21419
21420
21421
21422
21423
21424
21425
21426
21427
21428
21429
21431
21432
21433
21434
21435
21436
21437
21439
21440
21442
21446
21447
21450
21451
21452
21453
21454
21455
21456
21457
21458
21459
21460
21461
21463
21464
21465
21469
21470
21471
21472
21473
21474
21475
21477
21479
21481
21482
21483
21485
21487
21488
21489
21490
21492
21493
21494
21496
21497
21498
21500
21501
21502
21503
21504
21505
21506
21507
21508
21510
21511
21512
21513
21515
21516
21517
21518
21521
21525
21527
21529
21530
21531
21532
21533
21534
21535
21536
21537
21538
21539
21540
21541
21542
21543
21544
21545
21546
21548
21549
21551
21553
21555
21556
21557
21558
21559
21560
21561
21562
21563
21564
21565
21567
21568
21569
21571
21572
21573
21575
21576
21578
21579
21580
21585
21586
21587
21588
21589
21590
21591
21592
21593
21594
21595
21597
21598
21599
21600
21603
21604
21605
21606
21607
21608
21609
21610
21611
21612
21613
21614
21616
21617
21618
21619
21620
21621
21622
21624
21626
21627
21628
21629
21630
21631
21632
21633
21634
21635
21637
21638
21639
21640
21641
21642
21643
21645
21646
21647
21649
21650
21655
21656
21657
21658
21660
21661
21663
21665
21666
21668
21669
21670
21671
21672
21674
21675
21676
21678
21680
21681
21682
21683
21684
21685
21688
21689
21690
21691
21692
21693
21694
21695
21696
21697
21698
21699
21700
21701
21703
21704
21705
21707
21708
21710
21711
21712
21714
21715
21716
21718
21719
21721
21722
21724
21725
21726
21728
21729
21730
21731
21733
21734
21736
21737
21738
21739
21740
21741
21742
21743
21744
21745
21746
21747
21748
21749
21750
21751
21753
21755
21756
21758
21761
21762
21764
21766
21767
21768
21769
21772
21773
21774
21775
21777
21779
21780
21782
21784
21788
21790
21791
21792
21793
21794
21795
21798
21799
21801
21803
21804
21805
21806
21807
21808
21809
21810
21811
21812
21813
21814
21817
21819
21820
21822
21823
21824
21825
21826
21828
21830
21833
21835
21840
21841
21842
21843
21844
21845
21846
21847
21848
21849
21850
21851
21852
21853
21854
21855
21856
21857
21858
21859
21860
21863
21864
21866
21867
21868
21869
21870
21871
21872
21873
21874
21875
21876
21878
21879
21880
21881
21883
21884
21886
21887
21888
21890
21891
21892
21893
21894
21895
21897
21898
21899
21900
21901
21902
21903
21904
21905
21906
21907
21908
21909
21910
21911
21912
21915
21916
21917
21919
21921
21922
21924
21925
21926
21928
21929
21930
21933
21934
21935
21936
21938
21939
21940
21941
21943
21945
21946
21948
21949
21950
21951
21952
21954
21955
21956
21957
21958
21962
21963
21964
21965
21966
21967
21968
21970
21971
21973
21974
21976
21977
21979
21982
21983
21985
21986
21987
21988
21989
21990
21992
21994
21995
21997
21998
21999
22000
22002
22003
22004
22005
22006
22007
22008
22009
22010
22011
22013
22014
22016
22017
22019
22021
22022
22023
22024
22025
22026
22027
22028
22030
22031
22032
22033
22034
22036
22038
22039
22040
22041
22043
22044
22045
22046
22050
22052
22054
22055
22057
22059
22060
22061
22062
22063
22064
22066
22067
22068
22070
22071
22072
22073
22075
22076
22079
22080
22081
22082
22084
22085
22086
22087
22089
22090
22091
22092
22093
22095
22096
22098
22099
22100
22101
22102
22104
22106
22109
22110
22112
22113
22114
22116
22117
22120
22121
22123
22125
22126
22127
22128
22129
22131
22134
22136
22137
22138
22140
22141
22142
22143
22144
22146
22147
22149
22150
22151
22152
22153
22154
22155
22156
22157
22158
22159
22162
22163
22165
22166
22167
22169
22171
22172
22175
22176
22177
22179
22180
22181
22182
22183
22184
22185
22187
22188
22189
22190
22191
22195
22197
22200
22202
22205
22206
22207
22208
22211
22212
22213
22214
22217
22218
22219
22221
22222
22224
22225
22227
22228
22229
22230
22232
22233
22234
22235
22236
22238
22240
22241
22242
22243
22244
22245
22246
22247
22248
22249
22250
22251
22253
22254
22255
22256
22257
22258
22259
22260
22263
22266
22268
22269
22270
22271
22272
22273
22274
22275
22276
22278
22279
22281
22282
22283
22284
22285
22287
22289
22290
22291
22293
22294
22295
22296
22298
22299
22301
22302
22303
22304
22305
22306
22307
22308
22309
22310
22311
22312
22315
22316
22318
22319
22320
22321
22322
22324
22325
22326
22327
22329
22330
22331
22332
22333
22334
22335
22336
22338
22339
22341
22342
22343
22344
22345
22348
22349
22350
22353
22354
22355
22357
22358
22359
22361
22362
22365
22367
22369
22370
22371
22372
22373
22374
22375
22377
22378
22379
22380
22381
22382
22384
22386
22387
22389
22390
22391
22392
22394
22395
22397
22398
22399
22401
22404
22405
22406
22407
22408
22411
22412
22415
22416
22417
22418
22419
22420
22421
22422
22424
22430
22431
22433
22434
22435
22436
22437
22439
22440
22441
22442
22443
22444
22445
22446
22447
22448
22449
22450
22451
22452
22453
22455
22456
22458
22459
22460
22461
22462
22464
22465
22467
22468
22469
22470
22471
22472
22473
22474
22475
22476
22477
22479
22480
22481
22484
22487
22489
22491
22493
22494
22495
22496
22498
22499
22500
22501
22502
22503
22505
22506
22507
22509
22511
22512
22513
22514
22515
22516
22517
22518
22519
22520
22522
22523
22524
22525
22526
22527
22528
22530
22531
22532
22533
22534
22536
22537
22538
22541
22542
22544
22545
22546
22549
22550
22551
22552
22553
22555
22556
22558
22559
22560
22561
22562
22564
22565
22567
22569
22570
22572
22573
22575
22576
22578
22579
22580
22581
22582
22583
22584
22585
22587
22588
22590
22591
22592
22593
22594
22595
22597
22598
22599
22602
22603
22606
22607
22608
22609
22613
22614
22618
22619
22621
22622
22623
22624
22625
22626
22627
22628
22629
22630
22631
22632
22634
22636
22637
22638
22639
22640
22641
22642
22643
22644
22645
22648
22649
22651
22653
22655
22656
22657
22658
22659
22660
22661
22663
22664
22666
22668
22670
22671
22672
22673
22674
22675
22676
22677
22678
22679
22680
22681
22682
22684
22685
22687
22690
22692
22693
22695
22696
22697
22698
22699
22701
22702
22703
22705
22706
22707
22708
22709
22710
22711
22713
22714
22715
22716
22718
22719
22721
22724
22725
22727
22728
22729
22731
22732
22735
22737
22738
22739
22740
22741
22742
22743
22744
22745
22746
22747
22748
22749
22750
22753
22754
22755
22756
22759
22760
22761
22762
22763
22764
22765
22766
22767
22768
22769
22770
22771
22772
22773
22775
22777
22778
22779
22780
22781
22782
22783
22784
22785
22786
22788
22789
22790
22791
22792
22793
22794
22796
22797
22798
22800
22801
22802
22803
22804
22805
22806
22807
22809
22810
22812
22814
22815
22820
22821
22822
22824
22825
22826
22827
22828
22830
22832
22834
22835
22838
22840
22841
22842
22844
22845
22846
22847
22848
22849
22850
22852
22854
22855
22856
22858
22859
22860
22861
22862
22863
22864
22865
22866
22868
22869
22870
22872
22873
22875
22876
22877
22878
22879
22880
22881
22882
22885
22887
22889
22890
22891
22893
22894
22895
22897
22898
22900
22901
22902
22903
22904
22905
22906
22907
22910
22911
22912
22913
22915
22916
22917
22918
22920
22921
22922
22923
22926
22927
22928
22929
22930
22931
22933
22935
22937
22939
22941
22942
22943
22944
22945
22946
22948
22949
22950
22951
22952
22953
22956
22957
22958
22960
22961
22963
22964
22965
22966
22968
22969
22970
22973
22974
22976
22977
22978
22979
22980
22981
22982
22983
22984
22985
22986
22987
22988
22990
22991
22993
22994
22995
22996
22997
22998
23001
23002
23003
23007
23008
23009
23010
23012
23014
23016
23017
23018
23021
23022
23023
23024
23025
23026
23027
23028
23029
23030
23032
23033
23035
23036
23038
23041
23044
23046
23047
23049
23053
23057
23060
23061
23063
23064
23065
23066
23067
23070
23071
23072
23073
23074
23075
23077
23080
23081
23082
23084
23085
23086
23087
23088
23092
23093
23094
23095
23097
23098
23099
23101
23102
23103
23104
23105
23106
23107
23108
23109
23111
23112
23113
23114
23115
23116
23117
23119
23120
23122
23123
23124
23128
23129
23130
23132
23134
23135
23137
23139
23140
23141
23144
23145
23146
23148
23152
23155
23156
23157
23158
23161
23162
23163
23164
23165
23166
23170
23173
23174
23177
23180
23181
23182
23183
23184
23185
23186
23187
23189
23191
23194
23196
23197
23199
23200
23201
23202
23204
23205
23207
23210
23211
23212
23213
23214
23215
23218
23219
23220
23221
23222
23223
23225
23226
23227
23229
23231
23233
23235
23237
23238
23239
23241
23243
23244
23245
23246
23248
23249
23250
23251
23253
23254
23255
23256
23257
23258
23259
23261
23262
23263
23264
23265
23267
23269
23270
23271
23272
23273
23274
23276
23277
23278
23279
23280
23281
23282
23283
23284
23285
23286
23287
23288
23290
23291
23293
23294
23295
23296
23297
23298
23299
23300
23301
23302
23303
23304
23305
23307
23308
23309
23310
23311
23312
23313
23314
23315
23316
23317
23318
23319
23320
23322
23323
23324
23325
23326
23327
23329
23331
23332
23335
23336
23338
23341
23342
23343
23344
23345
23346
23348
23351
23352
23353
23354
23355
23356
23357
23358
23359
23360
23361
23362
23364
23367
23368
23371
23372
23373
23374
23377
23378
23379
23380
23381
23382
23383
23384
23385
23387
23389
23391
23393
23394
23396
23397
23400
23401
23402
23403
23405
23406
23408
23409
23410
23411
23412
23413
23414
23415
23416
23417
23418
23419
23421
23422
23423
23424
23425
23426
23427
23428
23429
23431
23432
23435
23436
23437
23442
23443
23444
23446
23447
23448
23449
23450
23451
23452
23454
23455
23456
23458
23459
23461
23462
23463
23464
23465
23466
23467
23468
23470
23472
23474
23475
23476
23477
23478
23479
23481
23483
23484
23485
23486
23488
23489
23491
23493
23494
23495
23496
23497
23498
23500
23502
23505
23506
23507
23508
23509
23510
23511
23512
23513
23515
23516
23517
23520
23521
23522
23523
23525
23526
23527
23529
23530
23531
23532
23533
23534
23535
23536
23537
23540
23541
23543
23544
23546
23547
23548
23549
23550
23551
23554
23556
23557
23559
23560
23561
23563
23564
23565
23566
23567
23568
23570
23571
23572
23573
23575
23578
23580
23581
23582
23583
23584
23586
23587
23588
23590
23591
23592
23593
23594
23596
23597
23598
23600
23601
23603
23604
23605
23607
23608
23610
23612
23614
23615
23616
23617
23618
23619
23622
23626
23628
23630
23631
23634
23635
23636
23637
23638
23639
23640
23641
23642
23644
23645
23647
23648
23650
23651
23657
23658
23659
23661
23663
23664
23665
23668
23670
23672
23674
23675
23676
23677
23678
23679
23681
23682
23683
23685
23686
23688
23689
23690
23693
23695
23697
23699
23700
23702
23703
23704
23705
23706
23707
23708
23709
23711
23712
23713
23714
23715
23716
23718
23719
23720
23721
23722
23726
23728
23729
23730
23731
23732
23733
23734
23735
23736
23737
23738
23740
23741
23744
23746
23747
23748
23749
23753
23754
23755
23756
23758
23759
23760
23762
23763
23764
23768
23769
23770
23771
23772
23773
23775
23776
23777
23778
23780
23783
23784
23785
23786
23787
23790
23791
23792
23793
23794
23795
23796
23799
23801
23804
23805
23806
23807
23809
23811
23812
23814
23815
23816
23817
23818
23819
23820
23821
23822
23823
23825
23826
23828
23829
23830
23831
23832
23833
23834
23835
23836
23837
23838
23839
23841
23843
23844
23845
23846
23848
23849
23851
23852
23853
23854
23855
23856
23857
23859
23860
23862
23866
23867
23868
23870
23873
23874
23875
23877
23878
23879
23880
23882
23883
23884
23885
23886
23887
23890
23891
23892
23893
23894
23895
23896
23899
23900
23901
23903
23905
23906
23907
23908
23909
23910
23911
23912
23913
23914
23915
23917
23919
23921
23922
23923
23925
23926
23927
23930
23932
23933
23934
23935
23936
23937
23938
23940
23941
23942
23944
23945
23946
23948
23949
23950
23951
23952
23953
23954
23956
23957
23958
23959
23960
23961
23962
23964
23965
23966
23967
23968
23969
23970
23971
23972
23973
23975
23976
23977
23979
23980
23982
23983
23985
23986
23987
23989
23990
23991
23993
23994
23995
23996
23997
23999
24001
24002
24003
24004
24005
24006
24007
24009
24010
24011
24012
24013
24014
24015
24016
24018
24019
24020
24023
24024
24025
24027
24028
24029
24030
24031
24033
24034
24035
24036
24037
24038
24040
24041
24043
24046
24047
24048
24049
24050
24051
24053
24054
24056
24057
24058
24060
24061
24062
24063
24064
24065
24067
24068
24070
24073
24074
24075
24077
24078
24079
24080
24081
24082
24083
24084
24085
24087
24088
24090
24091
24092
24093
24094
24095
24096
24097
24098
24100
24101
24102
24103
24105
24106
24108
24109
24110
24112
24113
24115
24116
24117
24118
24119
24120
24121
24122
24123
24124
24125
24127
24129
24132
24136
24137
24138
24140
24141
24142
24145
24147
24150
24151
24152
24153
24154
24155
24156
24157
24158
24159
24160
24161
24162
24163
24166
24167
24168
24169
24170
24173
24175
24177
24178
24179
24181
24183
24184
24185
24186
24188
24191
24193
24194
24195
24197
24198
24199
24200
24201
24202
24203
24204
24205
24206
24207
24209
24210
24211
24213
24214
24216
24217
24218
24219
24220
24221
24222
24223
24224
24225
24226
24227
24228
24229
24230
24231
24232
24233
24236
24237
24241
24242
24243
24244
24245
24247
24250
24251
24252
24253
24254
24255
24258
24261
24262
24264
24265
24266
24268
24269
24271
24272
24274
24275
24276
24277
24278
24280
24281
24282
24283
24284
24285
24289
24290
24291
24292
24293
24295
24297
24298
24299
24300
24302
24303
24304
24305
24308
24310
24311
24312
24314
24315
24316
24317
24319
24321
24322
24323
24324
24325
24328
24329
24330
24331
24332
24334
24336
24337
24340
24341
24342
24343
24344
24345
24346
24348
24349
24350
24351
24352
24353
24354
24355
24356
24358
24359
24360
24363
24364
24365
24366
24367
24368
24369
24370
24372
24374
24375
24376
24377
24378
24379
24382
24383
24384
24385
24386
24388
24390
24392
24393
24396
24398
24399
24401
24403
24407
24408
24409
24412
24413
24415
24419
24420
24422
24424
24425
24426
24427
24429
24432
24434
24435
24436
24437
24438
24439
24440
24442
24443
24444
24446
24447
24448
24449
24450
24451
24453
24454
24455
24456
24458
24459
24460
24461
24462
24463
24466
24468
24469
24470
24471
24472
24475
24476
24477
24478
24480
24481
24484
24485
24486
24487
24488
24491
24494
24495
24496
24497
24499
24500
24501
24502
24503
24504
24505
24506
24507
24508
24509
24510
24511
24512
24513
24515
24516
24519
24520
24522
24523
24524
24526
24527
24528
24529
24530
24531
24533
24534
24535
24536
24539
24540
24541
24542
24543
24544
24546
24547
24548
24550
24551
24552
24553
24554
24555
24556
24557
24558
24561
24562
24563
24564
24565
24566
24567
24568
24571
24572
24573
24574
24575
24578
24579
24580
24581
24582
24583
24584
24586
24587
24590
24591
24595
24596
24597
24599
24600
24601
24602
24603
24604
24606
24608
24609
24611
24612
24614
24615
24617
24618
24622
24624
24625
24627
24628
24629
24631
24632
24633
24634
24635
24636
24637
24638
24639
24641
24642
24643
24644
24645
24646
24647
24648
24649
24652
24655
24656
24657
24658
24659
24660
24661
24662
24663
24664
24666
24667
24668
24669
24670
24671
24672
24674
24675
24676
24677
24679
24681
24685
24689
24690
24691
24693
24695
24698
24699
24700
24701
24702
24703
24704
24706
24708
24710
24712
24713
24714
24715
24716
24719
24720
24721
24722
24724
24725
24726
24727
24728
24731
24732
24733
24734
24735
24736
24738
24740
24742
24744
24745
24746
24747
24749
24751
24752
24753
24755
24756
24757
24760
24762
24763
24764
24765
24766
24768
24769
24770
24772
24773
24775
24776
24777
24778
24779
24781
24782
24785
24787
24788
24789
24790
24791
24792
24794
24795
24797
24798
24799
24800
24801
24802
24804
24806
24807
24810
24811
24812
24813
24815
24816
24817
24818
24819
24820
24821
24822
24824
24826
24827
24828
24829
24830
24831
24833
24834
24835
24837
24838
24840
24841
24842
24843
24845
24846
24847
24848
24849
24850
24851
24852
24853
24854
24855
24856
24857
24860
24861
24862
24863
24864
24865
24866
24867
24868
24869
24870
24873
24874
24875
24876
24878
24880
24881
24883
24886
24887
24888
24890
24891
24892
24893
24894
24896
24898
24899
24900
24901
24902
24903
24904
24905
24906
24907
24911
24915
24918
24919
24921
24922
24924
24925
24927
24928
24929
24930
24932
24933
24935
24936
24937
24938
24939
24940
24941
24942
24943
24944
24945
24946
24947
24948
24951
24952
24953
24954
24955
24956
24958
24959
24960
24962
24963
24965
24967
24968
24970
24972
24973
24974
24976
24977
24979
24980
24981
24982
24983
24986
24987
24988
24991
24992
24993
24999
25000
25001
25002
25004
25005
25006
25007
25009
25010
25013
25015
25016
25017
25018
25019
25020
25022
25023
25025
25026
25028
25030
25031
25032
25033
25034
25035
25036
25037
25038
25041
25043
25044
25045
25047
25048
25050
25051
25052
25053
25054
25055
25060
25062
25063
25064
25065
25067
25068
25070
25072
25073
25074
25075
25077
25078
25079
25080
25081
25082
25083
25084
25085
25086
25087
25088
25089
25091
25092
25093
25094
25095
25096
25097
25098
25099
25101
25103
25104
25105
25107
25111
25112
25113
25114
25115
25116
25117
25118
25119
25122
25123
25124
25126
25128
25129
25130
25131
25133
25134
25136
25137
25138
25140
25141
25142
25143
25144
25145
25146
25147
25148
25149
25150
25151
25152
25153
25155
25156
25157
25158
25160
25161
25162
25163
25164
25165
25166
25167
25168
25169
25170
25171
25172
25173
25175
25177
25178
25179
25180
25181
25182
25183
25184
25185
25186
25187
25188
25190
25192
25196
25200
25201
25204
25207
25208
25209
25210
25211
25212
25213
25214
25215
25216
25217
25218
25220
25221
25222
25223
25224
25225
25227
25228
25229
25230
25231
25232
25234
25236
25237
25243
25244
25245
25246
25247
25248
25249
25250
25251
25252
25253
25254
25255
25256
25257
25258
25260
25261
25264
25265
25267
25269
25270
25271
25273
25274
25277
25278
25279
25280
25283
25284
25285
25286
25287
25289
25291
25293
25294
25296
25297
25299
25300
25301
25302
25303
25304
25306
25307
25309
25310
25311
25312
25314
25316
25317
25318
25319
25320
25322
25324
25325
25326
25328
25329
25331
25332
25333
25334
25335
25336
25337
25338
25339
25340
25341
25343
25344
25346
25347
25348
25349
25351
25353
25354
25356
25358
25362
25364
25365
25367
25369
25370
25371
25374
25376
25377
25379
25382
25383
25385
25386
25387
25388
25389
25391
25392
25393
25394
25395
25396
25397
25398
25399
25400
25402
25403
25404
25406
25407
25408
25410
25412
25413
25416
25419
25420
25421
25423
25424
25426
25427
25428
25429
25430
25432
25433
25434
25435
25436
25437
25439
25440
25442
25446
25448
25449
25451
25455
25456
25458
25459
25460
25461
25462
25463
25464
25465
25467
25468
25469
25470
25471
25472
25473
25474
25475
25476
25478
25479
25480
25481
25482
25484
25486
25487
25489
25490
25492
25493
25497
25498
25499
25501
25502
25503
25504
25505
25506
25507
25508
25509
25510
25513
25514
25516
25517
25518
25519
25522
25523
25524
25525
25527
25528
25530
25532
25536
25537
25538
25539
25542
25543
25544
25546
25547
25548
25549
25550
25551
25552
25553
25555
25557
25558
25559
25561
25562
25563
25564
25565
25567
25569
25570
25571
25572
25573
25574
25575
25576
25577
25580
25581
25582
25583
25584
25586
25587
25590
25591
25592
25594
25595
25597
25598
25599
25600
25601
25602
25603
25605
25609
25610
25611
25612
25613
25614
25615
25616
25617
25618
25619
25620
25621
25622
25625
25626
25627
25628
25629
25631
25632
25633
25634
25635
25636
25637
25638
25640
25641
25642
25643
25644
25645
25646
25647
25654
25655
25656
25658
25659
25662
25663
25665
25666
25667
25668
25670
25673
25675
25676
25677
25678
25679
25680
25681
25682
25686
25688
25689
25690
25691
25692
25693
25694
25695
25696
25697
25699
25700
25701
25702
25705
25706
25708
25709
25710
25711
25712
25714
25716
25718
25719
25720
25721
25722
25723
25724
25725
25727
25728
25729
25730
25731
25736
25737
25738
25739
25740
25741
25742
25744
25745
25746
25747
25748
25749
25751
25752
25753
25756
25757
25758
25761
25762
25763
25764
25766
25769
25770
25771
25772
25773
25774
25776
25777
25779
25780
25781
25785
25786
25787
25788
25790
25791
25792
25795
25796
25797
25798
25800
25801
25802
25804
25805
25806
25807
25808
25810
25811
25812
25814
25816
25818
25819
25820
25821
25822
25823
25824
25825
25826
25827
25828
25829
25830
25831
25832
25833
25835
25836
25837
25838
25839
25841
25842
25844
25845
25848
25849
25851
25854
25856
25857
25858
25862
25863
25864
25866
25867
25868
25869
25874
25875
25876
25877
25880
25883
25884
25885
25887
25888
25889
25890
25891
25893
25894
25895
25896
25897
25898
25900
25901
25902
25903
25905
25907
25908
25910
25913
25914
25915
25917
25918
25919
25924
25926
25927
25930
25931
25932
25933
25934
25936
25937
25938
25939
25940
25941
25942
25943
25944
25945
25946
25949
25950
25951
25952
25953
25954
25958
25960
25961
25962
25964
25965
25966
25968
25969
25970
25971
25974
25975
25976
25977
25979
25984
25989
25990
25992
25993
25994
25997
25998
26000
26002
26003
26004
26005
26006
26007
26008
26011
26012
26013
26014
26015
26016
26017
26018
26019
26021
26022
26023
26024
26025
26026
26027
26028
26030
26031
26032
26033
26035
26036
26037
26038
26039
26040
26041
26042
26044
26045
26048
26049
26050
26054
26055
26056
26060
26061
26062
26063
26065
26066
26067
26068
26070
26071
26072
26073
26074
26077
26079
26080
26081
26083
26084
26087
26089
26091
26093
26094
26096
26097
26098
26101
26102
26103
26104
26105
26107
26108
26109
26110
26111
26112
26114
26115
26117
26119
26121
26122
26123
26124
26125
26126
26127
26128
26129
26131
26132
26134
26135
26137
26138
26139
26140
26141
26143
26146
26147
26148
26150
26152
26153
26155
26156
26157
26158
26159
26160
26161
26162
26163
26164
26166
26167
26168
26170
26171
26172
26173
26174
26175
26177
26178
26179
26180
26181
26182
26183
26184
26187
26189
26190
26191
26192
26194
26195
26196
26197
26200
26201
26202
26204
26205
26206
26207
26208
26209
26211
26213
26214
26218
26219
26221
26222
26223
26224
26226
26227
26228
26229
26230
26231
26233
26234
26235
26236
26237
26238
26239
26241
26242
26246
26247
26249
26250
26252
26253
26254
26255
26258
26259
26260
26261
26262
26263
26264
26265
26267
26270
26271
26273
26274
26275
26277
26278
26280
26282
26283
26284
26287
26288
26289
26290
26291
26292
26294
26295
26296
26297
26299
26300
26301
26303
26305
26306
26307
26308
26309
26311
26312
26313
26314
26316
26320
26321
26322
26323
26324
26325
26326
26327
26328
26329
26331
26333
26334
26335
26336
26337
26338
26339
26340
26341
26342
26343
26344
26345
26346
26347
26348
26349
26350
26352
26353
26354
26355
26356
26357
26358
26359
26360
26361
26362
26363
26364
26365
26366
26368
26370
26371
26372
26373
26377
26378
26379
26380
26381
26383
26384
26385
26386
26387
26388
26389
26390
26392
26393
26394
26395
26396
26398
26401
26403
26404
26406
26407
26410
26411
26412
26413
26415
26418
26419
26420
26423
26424
26425
26426
26427
26429
26432
26433
26434
26435
26436
26437
26438
26442
26443
26446
26447
26448
26450
26451
26452
26453
26456
26457
26458
26462
26463
26464
26466
26468
26472
26473
26475
26477
26479
26482
26483
26484
26487
26488
26489
26490
26492
26493
26494
26498
26500
26501
26502
26503
26506
26510
26512
26515
26516
26517
26518
26520
26521
26524
26525
26526
26527
26528
26530
26531
26532
26533
26534
26536
26537
26539
26540
26542
26543
26545
26546
26547
26548
26549
26550
26551
26552
26554
26555
26556
26557
26558
26559
26561
26564
26565
26566
26568
26569
26570
26571
26572
26574
26577
26579
26581
26582
26583
26584
26585
26586
26587
26588
26593
26596
26597
26600
26602
26604
26605
26606
26608
26610
26611
26612
26613
26614
26615
26616
26618
26619
26621
26622
26623
26624
26625
26626
26627
26628
26630
26631
26632
26633
26634
26635
26637
26639
26640
26641
26642
26643
26644
26645
26646
26647
26649
26650
26651
26653
26655
26657
26658
26659
26660
26661
26663
26664
26665
26666
26667
26669
26670
26671
26672
26674
26677
26678
26679
26680
26681
26682
26683
26685
26686
26687
26688
26689
26690
26691
26693
26699
26701
26702
26703
26704
26705
26707
26708
26709
26710
26713
26714
26715
26716
26719
26722
26723
26724
26727
26728
26729
26731
26732
26733
26734
26735
26736
26738
26743
26745
26748
26749
26750
26752
26753
26754
26755
26756
26758
26759
26760
26762
26763
26764
26765
26766
26767
26768
26769
26770
26772
26773
26774
26775
26777
26778
26779
26781
26782
26783
26784
26785
26786
26790
26793
26795
26796
26802
26804
26805
26806
26807
26808
26810
26812
26813
26814
26816
26817
26818
26819
26820
26821
26823
26824
26829
26831
26834
26836
26837
26838
26839
26841
26842
26843
26844
26845
26846
26849
26850
26852
26855
26858
26859
26860
26862
26863
26864
26865
26867
26870
26871
26873
26875
26876
26878
26879
26880
26881
26882
26883
26884
26886
26887
26889
26892
26894
26895
26897
26898
26900
26902
26903
26904
26905
26907
26908
26909
26911
26912
26915
26917
26918
26920
26921
26923
26925
26926
26927
26929
26930
26931
26932
26933
26934
26938
26939
26940
26941
26943
26946
26947
26948
26949
26950
26952
26953
26954
26955
26956
26957
26959
26961
26962
26963
26964
26967
26968
26969
26970
26971
26972
26973
26975
26977
26978
26980
26982
26985
26986
26988
26990
26991
26992
26993
26994
26996
26998
27000
27002
27003
27004
27005
27006
27007
27008
27009
27010
27011
27012
27015
27016
27017
27018
27020
27021
27022
27024
27025
27026
27027
27028
27030
27031
27032
27033
27034
27035
27036
27038
27039
27040
27041
27042
27043
27044
27045
27047
27049
27050
27053
27055
27056
27059
27063
27064
27065
27066
27067
27068
27069
27072
27073
27077
27078
27080
27082
27083
27084
27086
27087
27089
27091
27092
27093
27094
27095
27097
27099
27100
27101
27102
27104
27105
27106
27108
27110
27111
27113
27114
27116
27118
27119
27120
27121
27122
27123
27124
27126
27127
27129
27130
27132
27133
27135
27136
27139
27140
27142
27143
27150
27153
27155
27156
27158
27159
27160
27161
27162
27166
27167
27168
27169
27171
27172
27173
27174
27175
27179
27182
27183
27185
27186
27188
27189
27190
27191
27192
27193
27194
27195
27196
27197
27198
27199
27200
27203
27204
27205
27208
27209
27210
27211
27212
27214
27216
27217
27218
27219
27221
27222
27223
27224
27225
27226
27227
27228
27229
27231
27232
27235
27237
27238
27239
27240
27241
27242
27243
27245
27247
27248
27251
27253
27255
27256
27257
27259
27260
27262
27263
27264
27265
27266
27267
27268
27271
27272
27273
27275
27277
27280
27281
27284
27285
27287
27288
27289
27290
27291
27292
27293
27296
27297
27298
27301
27304
27305
27307
27308
27309
27310
27312
27313
27317
27318
27320
27321
27322
27323
27324
27325
27327
27328
27329
27331
27333
27334
27335
27336
27337
27338
27339
27341
27342
27343
27344
27345
27346
27350
27351
27352
27354
27355
27357
27358
27359
27360
27362
27363
27365
27366
27367
27368
27369
27370
27372
27373
27374
27375
27376
27377
27378
27379
27380
27381
27382
27383
27384
27385
27386
27387
27389
27390
27391
27392
27393
27395
27396
27398
27400
27401
27402
27403
27404
27405
27406
27408
27409
27410
27411
27412
27413
27416
27417
27419
27420
27421
27422
27423
27424
27425
27427
27428
27429
27430
27432
27433
27434
27435
27436
27437
27439
27441
27443
27445
27446
27447
27449
27450
27451
27452
27454
27456
27460
27462
27464
27465
27466
27467
27471
27472
27475
27476
27477
27478
27480
27482
27483
27484
27485
27486
27487
27489
27490
27491
27492
27493
27494
27495
27496
27501
27502
27510
27512
27513
27514
27515
27517
27519
27520
27522
27523
27525
27526
27528
27530
27531
27532
27533
27534
27536
27538
27539
27540
27541
27543
27544
27545
27546
27547
27549
27550
27551
27553
27556
27557
27558
27559
27560
27563
27565
27566
27567
27568
27571
27572
27573
27574
27575
27577
27578
27580
27582
27583
27584
27585
27586
27587
27588
27589
27590
27591
27592
27593
27594
27595
27596
27597
27599
27600
27602
27603
27604
27605
27606
27608
27609
27612
27613
27614
27615
27616
27618
27619
27620
27621
27622
27623
27624
27625
27628
27629
27630
27631
27632
27633
27635
27641
27642
27645
27647
27648
27650
27651
27652
27653
27654
27655
27656
27657
27661
27662
27663
27664
27665
27666
27667
27668
27670
27671
27673
27674
27675
27676
27678
27679
27680
27682
27683
27686
27688
27689
27690
27692
27693
27694
27695
27696
27698
27699
27700
27701
27702
27704
27706
27707
27709
27710
27711
27712
27713
27714
27715
27716
27718
27719
27720
27722
27723
27724
27725
27726
27727
27730
27731
27732
27733
27734
27735
27736
27737
27738
27739
27740
27741
27742
27743
27745
27746
27747
27748
27750
27751
27753
27754
27755
27756
27757
27758
27759
27760
27761
27762
27763
27764
27766
27767
27768
27769
27772
27775
27776
27777
27778
27779
27780
27781
27782
27784
27787
27788
27789
27790
27791
27793
27794
27795
27797
27798
27801
27802
27803
27805
27806
27808
27811
27812
27815
27817
27819
27820
27821
27822
27823
27824
27826
27828
27830
27832
27833
27834
27837
27838
27840
27841
27843
27844
27845
27846
27848
27849
27850
27852
27854
27857
27858
27859
27860
27861
27862
27864
27865
27866
27867
27868
27869
27870
27872
27876
27879
27881
27884
27885
27886
27887
27888
27889
27890
27891
27892
27893
27894
27895
27896
27899
27900
27903
27904
27906
27907
27908
27909
27910
27911
27912
27913
27914
27915
27916
27917
27918
27919
27920
27921
27922
27923
27924
27925
27926
27927
27928
27929
27930
27931
27933
27934
27935
27936
27938
27942
27943
27944
27945
27946
27948
27950
27952
27953
27955
27958
27959
27960
27962
27963
27964
27965
27966
27967
27969
27970
27971
27973
27974
27976
27979
27980
27981
27984
27988
27991
27993
27994
27995
27996
27997
27998
27999
28000
28001
28002
28003
28006
28007
28008
28009
28011
28013
28014
28017
28018
28020
28021
28022
28024
28025
28026
28028
28029
28032
28033
28035
28036
28040
28041
28042
28043
28044
28048
28049
28054
28058
28060
28061
28062
28063
28064
28065
28066
28067
28068
28070
28071
28072
28073
28074
28075
28079
28080
28081
28082
28085
28086
28087
28088
28089
28090
28091
28092
28093
28095
28096
28097
28098
28100
28101
28103
28104
28105
28107
28109
28110
28111
28112
28113
28115
28118
28121
28125
28126
28127
28132
28133
28136
28137
28138
28140
28141
28142
28143
28145
28147
28149
28150
28151
28152
28153
28155
28156
28157
28158
28161
28164
28165
28166
28167
28168
28169
28170
28171
28172
28173
28174
28177
28179
28180
28181
28183
28184
28185
28188
28189
28190
28191
28192
28193
28197
28198
28199
28200
28205
28207
28208
28210
28211
28214
28215
28216
28217
28218
28219
28221
28222
28223
28225
28226
28227
28229
28230
28232
28233
28234
28235
28236
28237
28238
28239
28240
28241
28243
28245
28246
28247
28248
28249
28252
28253
28254
28255
28257
28258
28259
28260
28261
28262
28263
28265
28266
28267
28269
28271
28272
28274
28275
28276
28281
28284
28286
28288
28290
28291
28292
28295
28296
28297
28298
28299
28300
28301
28302
28304
28305
28306
28307
28308
28311
28312
28313
28315
28317
28318
28320
28321
28323
28326
28327
28328
28329
28330
28331
28332
28335
28336
28337
28338
28339
28340
28341
28343
28347
28348
28349
28350
28352
28354
28355
28356
28357
28358
28360
28362
28365
28366
28367
28368
28370
28371
28372
28373
28377
28378
28380
28381
28382
28383
28384
28385
28389
28390
28391
28392
28395
28396
28398
28399
28400
28401
28402
28403
28404
28405
28409
28410
28412
28413
28414
28416
28417
28418
28422
28423
28425
28426
28427
28428
28430
28431
28432
28434
28435
28436
28439
28440
28441
28442
28443
28444
28445
28446
28448
28449
28450
28451
28454
28455
28456
28457
28458
28459
28460
28461
28463
28464
28465
28468
28469
28470
28471
28472
28474
28475
28476
28477
28479
28481
28484
28485
28486
28487
28488
28489
28490
28492
28493
28494
28495
28496
28497
28498
28501
28502
28504
28505
28507
28509
28510
28511
28513
28514
28516
28517
28518
28519
28520
28522
28523
28524
28525
28526
28527
28528
28530
28531
28532
28534
28535
28537
28538
28539
28540
28541
28542
28543
28545
28546
28547
28549
28550
28551
28552
28554
28555
28556
28558
28559
28560
28561
28562
28563
28565
28566
28567
28568
28569
28571
28572
28573
28575
28578
28579
28581
28582
28584
28586
28587
28589
28592
28593
28594
28596
28597
28598
28599
28603
28604
28609
28610
28613
28616
28617
28621
28622
28623
28624
28625
28627
28628
28629
28631
28632
28633
28637
28638
28639
28641
28644
28645
28646
28647
28648
28649
28651
28655
28658
28659
28660
28661
28662
28663
28667
28669
28670
28671
28672
28673
28674
28675
28676
28677
28679
28681
28682
28683
28684
28685
28686
28687
28688
28689
28690
28691
28692
28693
28694
28697
28699
28700
28701
28705
28706
28707
28708
28709
28710
28711
28712
28713
28714
28715
28717
28718
28721
28723
28726
28729
28730
28731
28732
28736
28737
28738
28739
28740
28741
28742
28746
28748
28750
28751
28755
28756
28758
28759
28760
28761
28763
28764
28766
28767
28768
28770
28771
28772
28773
28774
28775
28778
28782
28783
28784
28786
28788
28789
28791
28792
28793
28794
28797
28798
28799
28800
28802
28803
28804
28805
28807
28811
28812
28815
28816
28817
28819
28820
28821
28822
28825
28826
28828
28829
28830
28831
28833
28837
28838
28839
28840
28841
28842
28843
28844
28845
28847
28849
28852
28853
28854
28855
28856
28857
28858
28860
28862
28864
28866
28867
28872
28873
28874
28875
28876
28879
28880
28881
28882
28883
28885
28887
28888
28889
28892
28893
28894
28895
28896
28898
28899
28900
28902
28903
28904
28906
28907
28909
28910
28911
28913
28915
28916
28918
28919
28920
28921
28923
28924
28926
28931
28932
28936
28937
28938
28942
28943
28945
28946
28947
28948
28949
28950
28952
28953
28954
28955
28956
28958
28960
28961
28962
28964
28967
28970
28972
28973
28974
28975
28976
28977
28979
28980
28981
28983
28985
28986
28988
28989
28990
28993
28995
28996
28997
28998
28999
29000
29001
29005
29006
29007
29009
29010
29012
29013
29014
29015
29016
29017
29018
29019
29020
29021
29022
29025
29026
29027
29029
29031
29033
29035
29038
29040
29041
29042
29044
29045
29046
29047
29048
29049
29051
29052
29053
29057
29058
29059
29060
29062
29063
29064
29066
29067
29069
29070
29073
29074
29075
29076
29078
29080
29081
29085
29088
29089
29090
29091
29092
29093
29094
29095
29096
29097
29100
29101
29103
29105
29106
29108
29109
29110
29112
29113
29114
29115
29116
29117
29118
29120
29121
29122
29127
29128
29129
29130
29131
29133
29137
29138
29139
29140
29144
29145
29146
29148
29149
29150
29151
29153
29155
29157
29158
29159
29160
29161
29162
29164
29165
29166
29167
29169
29170
29174
29175
29177
29178
29179
29182
29183
29184
29189
29190
29192
29193
29196
29197
29202
29203
29204
29207
29208
29210
29211
29212
29213
29217
29219
29220
29221
29222
29225
29226
29229
29230
29233
29234
29235
29237
29238
29239
29242
29243
29245
29246
29249
29251
29255
29259
29260
29261
29262
29264
29265
29267
29268
29269
29272
29273
29274
29275
29278
29279
29280
29282
29283
29284
29287
29288
29289
29292
29293
29297
29298
29299
29300
29301
29302
29303
29304
29306
29308
29309
29310
29311
29313
29315
29316
29317
29318
29321
29322
29325
29326
29327
29328
29329
29330
29331
29332
29333
29334
29343
29346
29347
29348
29350
29351
29353
29355
29357
29358
29359
29360
29361
29362
29363
29364
29366
29368
29369
29370
29371
29372
29373
29375
29377
29378
29379
29380
29381
29382
29384
29386
29387
29388
29389
29390
29392
29393
29395
29396
29397
29400
29401
29406
29407
29408
29410
29412
29413
29414
29415
29416
29419
29420
29421
29422
29423
29424
29425
29426
29429
29430
29431
29433
29435
29436
29438
29439
29440
29441
29443
29445
29446
29448
29449
29450
29451
29454
29455
29456
29457
29458
29460
29462
29464
29465
29466
29468
29470
29471
29472
29473
29474
29475
29476
29477
29478
29479
29482
29485
29486
29487
29490
29491
29492
29493
29495
29500
29501
29502
29503
29504
29505
29506
29507
29508
29509
29510
29511
29512
29517
29518
29519
29520
29521
29522
29523
29525
29526
29527
29530
29531
29533
29534
29535
29536
29538
29540
29541
29542
29543
29544
29545
29546
29549
29550
29551
29552
29553
29554
29555
29556
29560
29561
29562
29563
29564
29567
29568
29569
29570
29571
29572
29573
29574
29575
29576
29577
29578
29581
29582
29584
29585
29587
29588
29589
29591
29593
29594
29595
29596
29598
29599
29602
29606
29607
29609
29611
29612
29613
29614
29615
29616
29617
29618
29621
29622
29623
29624
29625
29627
29629
29630
29631
29635
29636
29637
29641
29642
29643
29645
29647
29648
29649
29650
29651
29652
29653
29654
29656
29657
29658
29663
29665
29666
29668
29670
29671
29672
29674
29675
29677
29678
29680
29681
29682
29683
29685
29686
29687
29688
29689
29690
29691
29692
29693
29694
29695
29696
29697
29699
29700
29701
29702
29707
29709
29711
29712
29713
29715
29716
29720
29721
29722
29723
29725
29726
29727
29729
29730
29731
29732
29733
29734
29736
29737
29738
29741
29744
29745
29746
29747
29748
29749
29750
29751
29752
29753
29754
29755
29760
29761
29762
29763
29764
29765
29767
29768
29769
29771
29774
29775
29776
29778
29780
29781
29784
29785
29786
29787
29792
29793
29794
29795
29796
29797
29798
29800
29803
29804
29805
29806
29808
29809
29811
29812
29814
29815
29816
29817
29818
29820
29821
29822
29824
29826
29827
29828
29830
29831
29832
29833
29834
29835
29836
29838
29839
29840
29841
29843
29844
29845
29846
29847
29849
29850
29851
29852
29853
29855
29858
29859
29860
29863
29865
29866
29868
29869
29870
29871
29872
29873
29875
29877
29878
29879
29881
29883
29884
29885
29886
29887
29889
29890
29891
29892
29897
29899
29900
29901
29903
29904
29905
29906
29908
29910
29913
29914
29916
29918
29920
29921
29922
29924
29925
29926
29927
29928
29929
29930
29931
29932
29933
29934
29935
29938
29939
29941
29944
29945
29949
29950
29951
29954
29956
29958
29959
29962
29964
29965
29967
29968
29969
29972
29973
29974
29975
29976
29977
29983
29984
29985
29986
29988
29991
29992
29993
29997
29999
30000
30001
30002
30003
30006
30009
30010
30011
30012
30015
30016
30017
30018
30020
30021
30022
30023
30025
30027
30028
30029
30032
30035
30036
30037
30038
30039
30040
30043
30045
30046
30047
30049
30052
30053
30054
30056
30057
30058
30063
30064
30066
30069
30070
30072
30074
30075
30077
30078
30083
30084
30086
30087
30088
30089
30090
30091
30094
30095
30096
30097
30098
30101
30102
30103
30104
30106
30107
30108
30111
30113
30114
30115
30116
30117
30118
30119
30120
30122
30123
30124
30125
30126
30127
30128
30132
30135
30138
30139
30140
30141
30142
30143
30144
30145
30146
30147
30148
30149
30150
30151
30152
30154
30155
30157
30158
30160
30162
30164
30165
30166
30171
30172
30173
30174
30175
30177
30179
30180
30181
30182
30183
30185
30186
30187
30189
30191
30192
30193
30196
30197
30198
30202
30204
30205
30207
30208
30209
30211
30212
30214
30215
30216
30218
30219
30220
30221
30224
30226
30229
30230
30231
30232
30234
30235
30236
30237
30238
30240
30242
30243
30244
30245
30246
30248
30249
30250
30251
30252
30253
30255
30258
30260
30261
30262
30263
30264
30266
30269
30271
30272
30274
30276
30278
30279
30280
30284
30285
30286
30287
30289
30291
30292
30293
30294
30295
30296
30298
30299
30300
30303
30304
30306
30307
30308
30309
30314
30316
30317
30318
30319
30320
30323
30324
30326
30327
30328
30331
30336
30337
30339
30340
30342
30344
30345
30346
30347
30351
30352
30357
30358
30359
30360
30361
30362
30363
30364
30366
30367
30368
30369
30370
30371
30372
30373
30374
30376
30377
30379
30383
30387
30389
30390
30391
30392
30393
30394
30396
30397
30398
30399
30401
30402
30405
30406
30407
30408
30410
30411
30412
30413
30417
30419
30421
30422
30423
30425
30426
30427
30428
30430
30431
30434
30435
30436
30437
30438
30441
30442
30443
30445
30446
30450
30451
30452
30453
30454
30456
30458
30459
30460
30461
30463
30465
30466
30467
30470
30471
30472
30474
30475
30476
30478
30481
30482
30487
30492
30493
30494
30495
30496
30498
30499
30503
30506
30508
30510
30511
30512
30513
30515
30516
30518
30519
30520
30521
30523
30525
30527
30529
30530
30531
30533
30535
30536
30537
30538
30539
30541
30544
30545
30546
30551
30558
30559
30561
30562
30563
30564
30567
30568
30571
30575
30576
30578
30582
30584
30586
30591
30593
30594
30595
30596
30600
30601
30603
30604
30605
30606
30608
30610
30611
30613
30615
30616
30617
30618
30619
30620
30622
30623
30624
30625
30626
30630
30632
30634
30635
30636
30637
30638
30640
30641
30642
30644
30645
30646
30647
30648
30649
30650
30651
30652
30653
30654
30655
30656
30657
30658
30659
30662
30663
30664
30666
30667
30668
30669
30670
30672
30674
30675
30676
30677
30678
30680
30682
30683
30684
30686
30687
30688
30689
30690
30691
30692
30694
30695
30697
30698
30699
30701
30702
30703
30704
30705
30706
30707
30708
30710
30713
30714
30715
30719
30723
30724
30725
30727
30728
30729
30730
30733
30734
30735
30738
30741
30742
30744
30745
30746
30747
30748
30749
30750
30752
30753
30755
30756
30758
30760
30761
30762
30763
30764
30765
30766
30773
30775
30776
30777
30778
30779
30780
30781
30782
30783
30784
30785
30787
30788
30789
30790
30793
30794
30795
30796
30799
30800
30803
30804
30805
30806
30807
30808
30810
30812
30814
30816
30819
30820
30821
30823
30824
30826
30827
30832
30833
30834
30835
30836
30837
30838
30839
30840
30841
30847
30848
30849
30851
30852
30854
30857
30858
30859
30862
30863
30864
30865
30866
30867
30869
30870
30871
30873
30874
30875
30877
30878
30880
30882
30883
30885
30886
30888
30889
30890
30895
30898
30899
30900
30901
30903
30904
30906
30907
30908
30909
30910
30912
30913
30914
30915
30917
30918
30919
30921
30923
30924
30925
30927
30928
30929
30933
30935
30936
30937
30938
30939
30940
30941
30944
30948
30949
30951
30952
30953
30954
30956
30957
30958
30959
30960
30961
30962
30966
30968
30969
30970
30971
30972
30973
30974
30976
30977
30979
30982
30983
30988
30989
30990
30992
30993
30994
30996
30997
30998
31000
31003
31004
31008
31009
31010
31011
31012
31013
31014
31015
31016
31020
31022
31023
31024
31025
31028
31029
31030
31032
31034
31035
31036
31037
31038
31042
31045
31046
31047
31048
31049
31051
31052
31053
31056
31057
31058
31060
31061
31062
31063
31064
31065
31066
31071
31072
31074
31075
31079
31080
31082
31083
31084
31085
31086
31088
31090
31091
31092
31093
31097
31098
31099
31100
31101
31102
31103
31105
31106
31107
31109
31112
31114
31115
31118
31120
31122
31124
31127
31128
31129
31130
31131
31133
31134
31135
31136
31137
31138
31142
31143
31144
31145
31146
31147
31150
31151
31152
31153
31154
31157
31162
31165
31166
31167
31168
31169
31170
31172
31173
31176
31177
31179
31180
31181
31182
31183
31184
31185
31186
31190
31192
31193
31195
31196
31197
31198
31199
31200
31201
31205
31207
31208
31209
31210
31211
31212
31213
31215
31216
31217
31218
31219
31220
31221
31223
31224
31225
31226
31227
31228
31230
31231
31232
31233
31234
31236
31238
31239
31240
31241
31242
31243
31244
31247
31248
31251
31253
31254
31255
31256
31257
31258
31259
31261
31262
31263
31264
31265
31267
31270
31271
31273
31276
31278
31279
31282
31285
31286
31287
31288
31289
31291
31292
31294
31299
31301
31302
31303
31304
31305
31307
31308
31310
31311
31312
31313
31314
31315
31317
31318
31321
31324
31325
31326
31327
31328
31329
31330
31332
31337
31338
31339
31340
31341
31342
31343
31344
31345
31346
31348
31349
31350
31351
31354
31355
31356
31358
31360
31361
31363
31367
31368
31369
31371
31374
31376
31377
31379
31381
31384
31386
31387
31388
31389
31391
31392
31393
31394
31397
31398
31403
31404
31405
31407
31409
31410
31411
31413
31414
31415
31417
31418
31419
31420
31423
31424
31425
31428
31429
31430
31431
31432
31434
31435
31436
31437
31438
31439
31440
31441
31442
31443
31444
31445
31446
31448
31450
31451
31452
31453
31454
31456
31459
31461
31462
31464
31466
31467
31470
31471
31478
31479
31480
31481
31483
31484
31485
31487
31488
31489
31490
31491
31493
31494
31498
31499
31502
31503
31504
31505
31507
31508
31509
31510
31512
31515
31516
31517
31519
31520
31521
31522
31524
31525
31526
31529
31530
31534
31536
31538
31540
31541
31542
31543
31544
31546
31547
31548
31550
31551
31552
31555
31556
31557
31558
31559
31561
31562
31564
31565
31566
31567
31571
31572
31574
31575
31577
31579
31580
31581
31582
31584
31588
31589
31590
31591
31593
31595
31598
31600
31602
31605
31606
31609
31610
31611
31612
31615
31616
31617
31619
31621
31622
31623
31624
31625
31626
31627
31628
31629
31630
31631
31634
31635
31636
31637
31640
31641
31642
31644
31645
31646
31647
31649
31650
31651
31652
31654
31656
31658
31659
31660
31661
31662
31663
31664
31665
31666
31668
31670
31671
31672
31677
31678
31685
31686
31687
31688
31689
31690
31692
31693
31695
31696
31697
31698
31699
31702
31705
31706
31708
31709
31711
31712
31713
31714
31717
31718
31720
31721
31722
31723
31724
31725
31727
31728
31731
31732
31733
31734
31735
31736
31737
31738
31740
31741
31744
31748
31749
31750
31751
31752
31753
31754
31755
31757
31758
31759
31760
31762
31763
31764
31765
31766
31769
31770
31773
31776
31777
31778
31780
31781
31785
31786
31788
31789
31790
31791
31792
31793
31794
31795
31797
31798
31799
31800
31801
31802
31803
31806
31809
31810
31811
31812
31813
31815
31816
31820
31821
31823
31824
31826
31829
31830
31833
31835
31837
31838
31841
31842
31846
31847
31849
31850
31852
31854
31855
31859
31860
31861
31862
31866
31867
31869
31870
31871
31872
31874
31875
31878
31879
31881
31882
31884
31885
31886
31887
31888
31889
31891
31893
31896
31899
31900
31901
31902
31904
31906
31907
31910
31911
31913
31914
31918
31919
31920
31921
31923
31925
31927
31928
31930
31931
31932
31933
31935
31936
31937
31941
31942
31943
31945
31947
31948
31949
31950
31951
31954
31957
31959
31961
31964
31965
31966
31968
31969
31970
31971
31972
31973
31975
31978
31979
31980
31983
31984
31985
31986
31987
31988
31989
31990
31991
31992
31994
31995
31996
31997
31998
32000
32001
32002
32003
32004
32005
32006
32007
32008
32009
32010
32011
32013
32015
32016
32017
32018
32019
32022
32025
32029
32031
32032
32037
32039
32042
32043
32044
32045
32048
32049
32052
32055
32057
32058
32059
32061
32062
32063
32064
32065
32071
32074
32075
32076
32080
32082
32083
32084
32085
32086
32087
32088
32092
32093
32095
32096
32097
32098
32099
32100
32102
32104
32105
32107
32108
32112
32113
32114
32115
32116
32117
32118
32124
32125
32127
32128
32129
32130
32132
32133
32135
32137
32138
32139
32140
32141
32143
32144
32145
32146
32147
32148
32149
32150
32153
32154
32156
32157
32158
32159
32160
32161
32162
32163
32164
32166
32168
32170
32171
32173
32174
32175
32176
32177
32178
32179
32180
32184
32187
32188
32189
32190
32191
32192
32193
32194
32195
32198
32199
32201
32202
32205
32207
32208
32209
32210
32218
32219
32220
32222
32223
32224
32225
32226
32227
32228
32229
32230
32231
32232
32234
32235
32236
32237
32239
32241
32242
32245
32246
32247
32248
32249
32250
32251
32252
32254
32255
32256
32257
32258
32259
32260
32261
32262
32264
32266
32267
32269
32275
32277
32279
32280
32282
32283
32284
32285
32286
32287
32288
32289
32290
32291
32292
32293
32294
32296
32300
32303
32304
32306
32308
32310
32312
32313
32314
32315
32318
32319
32320
32321
32322
32323
32325
32327
32328
32329
32330
32331
32332
32333
32334
32335
32338
32341
32342
32343
32344
32345
32346
32348
32349
32352
32354
32359
32360
32362
32364
32365
32367
32368
32369
32370
32371
32372
32373
32374
32375
32376
32378
32379
32380
32381
32382
32384
32386
32387
32388
32389
32390
32391
32392
32393
32394
32396
32410
32412
32415
32416
32417
32418
32421
32422
32423
32424
32425
32427
32428
32429
32430
32431
32432
32433
32434
32436
32439
32440
32442
32443
32445
32447
32449
32450
32451
32452
32453
32454
32456
32457
32458
32462
32463
32465
32466
32467
32468
32469
32471
32472
32475
32476
32477
32479
32480
32481
32483
32484
32485
32486
32488
32489
32490
32491
32492
32493
32494
32495
32496
32497
32499
32501
32503
32504
32505
32506
32507
32508
32509
32511
32515
32516
32521
32522
32523
32524
32525
32526
32528
32530
32532
32534
32541
32544
32545
32546
32547
32548
32549
32550
32551
32554
32555
32556
32558
32560
32561
32562
32563
32564
32566
32567
32568
32570
32571
32572
32579
32580
32581
32582
32589
32590
32591
32592
32594
32595
32596
32597
32598
32601
32602
32603
32605
32607
32608
32609
32611
32612
32613
32614
32615
32616
32617
32619
32622
32623
32624
32625
32626
32627
32629
32630
32631
32633
32634
32635
32636
32637
32638
32639
32640
32641
32642
32644
32645
32646
32647
32649
32650
32651
32652
32653
32654
32655
32656
32657
32658
32659
32661
32663
32664
32665
32666
32667
32668
32671
32672
32673
32674
32675
32676
32677
32678
32680
32683
32684
32685
32686
32688
32689
32690
32691
32692
32693
32694
32695
32696
32698
32699
32702
32706
32708
32709
32710
32712
32713
32715
32717
32719
32720
32721
32722
32723
32725
32726
32728
32730
32734
32735
32736
32740
32741
32742
32743
32744
32745
32746
32748
32749
32751
32752
32753
32754
32755
32758
32759
32760
32763
32765
32767
32768
32769
32770
32771
32772
32773
32776
32777
32778
32779
32780
32781
32783
32784
32785
32786
32787
32788
32789
32790
32792
32793
32796
32797
32798
32799
32800
32801
32802
32804
32805
32808
32809
32811
32814
32815
32816
32817
32818
32819
32820
32821
32822
32823
32825
32828
32830
32832
32834
32835
32837
32838
32839
32842
32844
32846
32848
32849
32850
32852
32853
32854
32856
32857
32858
32859
32861
32862
32865
32866
32868
32872
32873
32875
32878
32879
32880
32881
32882
32883
32884
32885
32887
32888
32889
32890
32892
32893
32894
32895
32897
32898
32899
32903
32905
32907
32909
32912
32915
32916
32917
32920
32921
32922
32923
32924
32925
32926
32927
32928
32929
32930
32931
32932
32933
32934
32935
32936
32939
32940
32941
32942
32943
32944
32945
32947
32949
32950
32951
32952
32953
32954
32955
32956
32958
32961
32963
32964
32966
32967
32968
32969
32971
32974
32975
32977
32979
32980
32982
32983
32984
32985
32988
32989
32990
32991
32994
32995
32996
32997
32998
33001
33003
33004
33005
33006
33007
33010
33011
33017
33018
33020
33021
33023
33024
33025
33027
33029
33030
33031
33032
33033
33034
33035
33036
33038
33039
33040
33041
33045
33050
33051
33052
33053
33056
33057
33058
33059
33060
33064
33066
33067
33068
33069
33070
33072
33074
33075
33079
33082
33083
33085
33088
33089
33091
33092
33093
33094
33095
33096
33098
33100
33101
33102
33105
33107
33108
33109
33110
33111
33112
33113
33114
33115
33116
33118
33119
33120
33122
33123
33125
33126
33129
33130
33131
33134
33135
33139
33140
33142
33143
33145
33146
33147
33149
33152
33153
33154
33158
33159
33160
33161
33165
33167
33170
33171
33173
33177
33179
33181
33182
33184
33185
33187
33188
33190
33191
33192
33193
33196
33198
33203
33204
33208
33210
33211
33212
33214
33215
33217
33218
33220
33222
33224
33226
33229
33230
33232
33233
33234
33235
33237
33238
33239
33240
33241
33242
33244
33245
33251
33254
33255
33256
33259
33260
33261
33262
33263
33264
33265
33267
33268
33269
33270
33271
33272
33273
33274
33275
33276
33277
33278
33279
33283
33284
33286
33287
33289
33290
33291
33292
33293
33294
33295
33296
33297
33298
33299
33300
33301
33302
33303
33304
33305
33306
33308
33310
33311
33312
33313
33314
33317
33318
33319
33320
33323
33324
33326
33329
33331
33332
33333
33335
33336
33337
33340
33341
33342
33343
33344
33346
33347
33349
33350
33351
33352
33354
33355
33356
33358
33360
33361
33362
33363
33365
33367
33370
33371
33373
33376
33377
33378
33379
33380
33381
33382
33385
33387
33388
33389
33390
33392
33393
33395
33396
33398
33400
33401
33402
33403
33406
33407
33408
33410
33411
33413
33414
33420
33421
33423
33424
33425
33426
33427
33429
33430
33431
33432
33435
33436
33439
33440
33441
33444
33445
33447
33449
33451
33452
33453
33455
33457
33458
33459
33462
33464
33467
33468
33471
33472
33473
33475
33476
33478
33479
33481
33483
33485
33486
33488
33489
33490
33493
33494
33495
33498
33499
33501
33504
33505
33507
33508
33509
33510
33513
33514
33515
33516
33517
33518
33519
33522
33524
33525
33527
33528
33532
33535
33537
33539
33540
33541
33544
33545
33546
33549
33550
33552
33554
33555
33556
33557
33558
33559
33560
33565
33567
33569
33570
33573
33575
33578
33579
33580
33582
33583
33584
33585
33586
33587
33588
33589
33590
33591
33593
33596
33597
33598
33599
33601
33603
33604
33607
33608
33609
33610
33611
33613
33614
33615
33617
33618
33620
33621
33622
33623
33625
33626
33628
33630
33631
33632
33633
33634
33635
33637
33639
33640
33642
33644
33647
33648
33651
33652
33653
33654
33655
33658
33659
33660
33661
33662
33664
33666
33667
33669
33671
33673
33675
33676
33678
33679
33684
33685
33686
33687
33690
33691
33692
33694
33696
33700
33701
33702
33705
33706
33707
33708
33709
33710
33711
33712
33713
33714
33715
33716
33718
33719
33720
33722
33723
33724
33725
33726
33729
33730
33731
33732
33733
33735
33737
33740
33741
33742
33743
33744
33745
33746
33749
33750
33751
33752
33753
33754
33756
33758
33761
33762
33763
33764
33765
33767
33768
33771
33772
33773
33774
33775
33776
33777
33778
33779
33780
33781
33782
33783
33786
33787
33789
33790
33791
33793
33794
33795
33797
33799
33801
33802
33803
33805
33807
33810
33811
33812
33813
33814
33816
33817
33820
33822
33825
33827
33829
33831
33832
33836
33837
33839
33840
33841
33843
33845
33847
33848
33850
33852
33853
33854
33860
33861
33865
33869
33871
33874
33875
33876
33877
33880
33886
33887
33889
33892
33893
33894
33895
33896
33898
33899
33900
33901
33902
33903
33904
33905
33910
33911
33912
33915
33916
33917
33921
33922
33924
33926
33928
33930
33931
33932
33933
33934
33936
33939
33940
33942
33943
33944
33945
33946
33949
33950
33952
33953
33955
33956
33957
33958
33959
33960
33961
33963
33964
33965
33967
33969
33970
33971
33972
33973
33974
33975
33976
33979
33980
33981
33983
33984
33986
33987
33989
33990
33991
33993
33994
33995
33996
33997
34000
34001
34003
34005
34006
34009
34012
34015
34016
34017
34018
34019
34020
34021
34023
34024
34027
34028
34029
34030
34032
34033
34034
34037
34038
34040
34042
34043
34045
34046
34047
34048
34051
34052
34053
34054
34055
34056
34058
34059
34060
34061
34062
34065
34066
34067
34070
34071
34072
34073
34074
34077
34078
34080
34081
34082
34084
34085
34086
34088
34091
34092
34093
34094
34097
34098
34099
34102
34103
34104
34105
34106
34108
34110
34111
34112
34114
34116
34118
34120
34122
34123
34124
34125
34126
34130
34131
34132
34133
34134
34135
34136
34137
34139
34141
34142
34143
34144
34145
34146
34147
34149
34150
34153
34154
34156
34157
34163
34164
34165
34167
34169
34170
34171
34172
34173
34174
34176
34177
34180
34181
34182
34183
34184
34185
34186
34188
34191
34192
34195
34197
34199
34201
34203
34204
34206
34207
34209
34210
34211
34215
34217
34218
34219
34222
34224
34228
34230
34231
34232
34234
34236
34237
34238
34241
34243
34248
34249
34250
34251
34253
34254
34256
34257
34259
34260
34261
34263
34265
34267
34271
34272
34274
34275
34276
34277
34278
34279
34281
34282
34283
34284
34287
34288
34289
34290
34291
34293
34294
34295
34298
34300
34301
34303
34305
34306
34309
34310
34311
34312
34313
34314
34317
34318
34319
34320
34322
34323
34325
34326
34327
34328
34329
34330
34333
34334
34337
34338
34343
34344
34347
34349
34350
34352
34353
34354
34356
34359
34362
34364
34365
34366
34367
34368
34369
34372
34373
34374
34376
34377
34379
34380
34383
34385
34386
34387
34391
34392
34393
34394
34395
34396
34397
34398
34400
34405
34406
34407
34409
34410
34413
34414
34415
34416
34417
34419
34420
34422
34424
34426
34427
34429
34433
34435
34436
34437
34438
34439
34445
34447
34448
34449
34451
34455
34459
34460
34461
34462
34463
34464
34467
34468
34470
34471
34473
34475
34478
34482
34483
34489
34490
34491
34492
34493
34494
34495
34498
34499
34500
34502
34503
34506
34507
34509
34510
34512
34513
34514
34515
34516
34519
34521
34522
34523
34524
34525
34527
34529
34531
34532
34533
34534
34535
34536
34537
34538
34539
34540
34541
34542
34543
34545
34546
34547
34548
34549
34551
34552
34555
34556
34557
34558
34559
34560
34562
34563
34564
34569
34571
34572
34573
34574
34575
34577
34578
34579
34580
34583
34584
34585
34588
34589
34593
34594
34595
34597
34600
34601
34602
34604
34605
34607
34608
34609
34611
34612
34613
34615
34617
34620
34621
34624
34625
34626
34628
34630
34632
34633
34634
34635
34636
34638
34639
34643
34644
34645
34646
34647
34648
34649
34651
34652
34654
34655
34656
34660
34661
34663
34667
34669
34672
34674
34675
34676
34677
34678
34679
34680
34681
34682
34683
34685
34686
34690
34692
34693
34695
34697
34700
34703
34704
34705
34706
34707
34708
34709
34710
34711
34713
34714
34715
34716
34717
34718
34719
34722
34724
34725
34726
34727
34728
34729
34731
34733
34734
34735
34736
34738
34740
34741
34742
34743
34746
34748
34750
34751
34752
34755
34757
34761
34762
34764
34766
34767
34768
34771
34773
34774
34777
34780
34781
34785
34786
34788
34789
34790
34792
34793
34794
34795
34797
34801
34802
34805
34808
34809
34810
34811
34812
34814
34816
34818
34819
34821
34822
34823
34825
34827
34828
34831
34833
34835
34841
34842
34843
34844
34848
34849
34850
34852
34853
34855
34856
34858
34860
34862
34865
34866
34867
34868
34870
34871
34872
34874
34877
34878
34879
34880
34881
34884
34885
34886
34887
34888
34889
34890
34893
34896
34898
34900
34902
34903
34904
34905
34906
34907
34908
34909
34910
34912
34915
34916
34918
34920
34921
34922
34923
34926
34927
34928
34929
34930
34932
34933
34934
34935
34936
34937
34938
34939
34940
34942
34943
34944
34946
34951
34952
34953
34956
34957
34960
34962
34963
34966
34969
34970
34971
34973
34978
34979
34980
34982
34983
34987
34988
34991
34992
34993
34995
34996
34997
35000
35002
35005
35007
35009
35011
35012
35013
35015
35016
35018
35019
35021
35022
35023
35024
35025
35027
35028
35031
35032
35033
35034
35035
35036
35037
35039
35040
35044
35045
35046
35047
35048
35049
35050
35051
35054
35055
35057
35060
35061
35065
35067
35070
35072
35073
35074
35075
35076
35079
35080
35081
35084
35087
35088
35090
35091
35094
35095
35096
35097
35098
35099
35100
35101
35103
35104
35106
35107
35108
35109
35110
35112
35114
35116
35118
35120
35121
35122
35124
35125
35126
35128
35131
35133
35134
35136
35137
35138
35140
35141
35142
35145
35146
35149
35150
35152
35153
35155
35156
35157
35159
35161
35162
35164
35165
35166
35167
35169
35173
35175
35178
35181
35183
35184
35185
35186
35187
35188
35191
35194
35195
35196
35198
35199
35200
35203
35204
35205
35207
35208
35210
35211
35212
35213
35214
35216
35218
35220
35221
35222
35223
35224
35225
35226
35229
35231
35232
35233
35235
35237
35238
35239
35240
35242
35243
35244
35246
35247
35249
35250
35251
35252
35255
35256
35257
35260
35261
35262
35264
35265
35269
35270
35273
35274
35275
35276
35277
35282
35286
35288
35289
35294
35295
35296
35299
35302
35303
35306
35307
35308
35309
35311
35312
35313
35314
35317
35318
35319
35320
35321
35322
35323
35324
35325
35326
35327
35329
35331
35334
35335
35336
35339
35340
35344
35348
35349
35351
35354
35355
35358
35359
35360
35361
35364
35365
35366
35374
35375
35378
35380
35386
35390
35393
35395
35396
35397
35398
35399
35400
35403
35404
35406
35407
35409
35413
35414
35418
35419
35420
35421
35422
35423
35424
35425
35426
35427
35430
35431
35433
35435
35436
35438
35439
35441
35444
35445
35446
35451
35452
35455
35460
35461
35462
35463
35464
35465
35467
35468
35471
35472
35473
35474
35475
35476
35478
35479
35480
35481
35482
35483
35485
35486
35489
35491
35492
35494
35495
35497
35501
35503
35504
35509
35510
35511
35512
35513
35514
35516
35517
35519
35522
35529
35530
35531
35532
35533
35535
35537
35538
35539
35540
35541
35542
35543
35545
35546
35547
35548
35550
35551
35555
35558
35559
35560
35561
35562
35564
35565
35566
35568
35569
35571
35575
35577
35578
35580
35583
35584
35585
35588
35589
35590
35591
35593
35594
35595
35597
35599
35600
35601
35602
35603
35604
35606
35607
35608
35609
35612
35613
35614
35615
35617
35618
35619
35621
35623
35629
35633
35634
35635
35637
35639
35643
35646
35647
35648
35649
35650
35653
35655
35657
35659
35661
35662
35664
35665
35667
35668
35671
35672
35673
35674
35675
35677
35678
35679
35680
35682
35683
35685
35686
35687
35688
35690
35691
35692
35693
35695
35697
35698
35699
35701
35702
35704
35706
35707
35709
35710
35711
35713
35716
35718
35719
35720
35721
35724
35725
35726
35727
35728
35732
35733
35735
35737
35738
35739
35740
35742
35744
35746
35747
35748
35750
35751
35752
35754
35755
35758
35759
35762
35763
35764
35765
35766
35768
35769
35771
35775
35778
35779
35780
35781
35783
35784
35785
35786
35787
35788
35790
35792
35793
35794
35795
35797
35798
35799
35800
35801
35807
35808
35809
35812
35819
35821
35822
35824
35825
35826
35831
35832
35835
35836
35838
35840
35841
35842
35843
35844
35845
35846
35847
35849
35851
35853
35856
35859
35861
35862
35864
35865
35867
35868
35870
35872
35873
35875
35876
35878
35880
35881
35883
35885
35886
35888
35889
35891
35892
35893
35894
35895
35899
35900
35901
35904
35908
35909
35911
35912
35913
35914
35917
35919
35920
35921
35922
35923
35924
35925
35926
35927
35929
35930
35931
35932
35934
35935
35936
35937
35940
35941
35944
35945
35946
35947
35948
35951
35953
35955
35956
35959
35960
35962
35963
35967
35968
35969
35970
35971
35972
35975
35977
35978
35979
35980
35981
35983
35984
35985
35988
35989
35990
35992
35993
35994
35995
35996
35998
36000
36004
36008
36009
36010
36011
36012
36014
36015
36016
36021
36022
36023
36025
36026
36027
36028
36029
36034
36035
36036
36038
36039
36040
36041
36042
36043
36044
36046
36048
36050
36052
36053
36055
36059
36066
36068
36070
36072
36074
36075
36076
36079
36080
36081
36084
36087
36088
36089
36090
36091
36093
36095
36097
36098
36100
36101
36102
36105
36106
36109
36110
36111
36112
36114
36115
36117
36118
36119
36120
36121
36123
36126
36128
36129
36131
36132
36133
36134
36138
36139
36140
36142
36143
36145
36146
36149
36151
36152
36155
36156
36157
36158
36159
36160
36162
36164
36165
36166
36167
36168
36169
36171
36174
36175
36176
36180
36182
36184
36185
36186
36189
36190
36191
36192
36193
36195
36196
36197
36199
36200
36201
36204
36205
36206
36207
36208
36211
36212
36213
36214
36215
36218
36221
36222
36225
36228
36230
36231
36234
36235
36237
36238
36245
36246
36247
36249
36250
36253
36254
36256
36257
36259
36260
36261
36263
36265
36267
36268
36272
36275
36276
36277
36278
36279
36280
36287
36290
36291
36294
36295
36296
36297
36299
36301
36303
36306
36308
36309
36311
36312
36314
36315
36319
36320
36322
36323
36325
36327
36328
36331
36332
36333
36334
36335
36336
36343
36344
36346
36347
36348
36349
36350
36351
36353
36354
36357
36363
36364
36367
36368
36369
36370
36372
36373
36375
36376
36377
36379
36382
36383
36384
36386
36389
36393
36394
36395
36397
36398
36400
36403
36405
36406
36407
36408
36410
36414
36415
36416
36418
36419
36420
36422
36423
36424
36425
36426
36429
36432
36435
36436
36438
36441
36445
36446
36449
36450
36453
36454
36456
36457
36459
36460
36461
36463
36464
36465
36468
36469
36472
36474
36475
36478
36479
36480
36481
36482
36483
36485
36487
36489
36491
36492
36495
36496
36497
36499
36500
36501
36503
36504
36506
36513
36514
36515
36516
36517
36520
36521
36523
36524
36526
36527
36529
36530
36531
36535
36536
36538
36539
36540
36543
36545
36546
36547
36550
36551
36552
36553
36554
36556
36557
36563
36565
36566
36569
36571
36572
36573
36574
36576
36577
36578
36583
36584
36586
36588
36589
36590
36591
36592
36593
36594
36595
36597
36598
36601
36602
36603
36605
36606
36607
36609
36610
36612
36614
36615
36616
36618
36624
36626
36627
36628
36629
36630
36631
36633
36634
36636
36637
36638
36639
36640
36641
36642
36643
36647
36648
36649
36651
36652
36654
36658
36660
36662
36664
36665
36667
36670
36671
36674
36675
36676
36679
36681
36683
36684
36685
36688
36693
36698
36700
36701
36702
36703
36706
36709
36712
36714
36715
36717
36719
36720
36722
36723
36724
36725
36729
36730
36732
36733
36734
36736
36737
36740
36744
36745
36746
36748
36749
36751
36754
36756
36760
36762
36763
36764
36765
36768
36769
36773
36774
36776
36777
36779
36780
36784
36785
36786
36787
36789
36792
36793
36794
36795
36798
36799
36800
36801
36802
36803
36804
36805
36806
36807
36809
36810
36814
36816
36817
36819
36820
36822
36823
36824
36827
36831
36832
36833
36834
36835
36836
36838
36839
36840
36841
36843
36844
36846
36851
36853
36855
36856
36859
36861
36863
36864
36865
36866
36867
36870
36874
36875
36876
36877
36878
36879
36882
36883
36884
36885
36887
36889
36890
36891
36892
36893
36895
36897
36898
36899
36900
36901
36902
36903
36904
36906
36907
36908
36909
36910
36912
36914
36915
36920
36923
36924
36925
36926
36928
36929
36931
36933
36934
36935
36938
36939
36940
36943
36944
36945
36946
36948
36949
36950
36951
36952
36953
36954
36956
36957
36960
36962
36965
36967
36968
36969
36970
36973
36974
36975
36976
36979
36981
36982
36983
36984
36985
36987
36988
36989
36990
36996
36997
36999
37002
37003
37004
37005
37006
37008
37010
37011
37013
37014
37015
37016
37017
37018
37019
37020
37022
37023
37024
37025
37028
37029
37032
37033
37034
37035
37036
37037
37038
37040
37041
37042
37043
37044
37047
37048
37049
37051
37052
37054
37056
37057
37058
37060
37061
37063
37065
37066
37067
37069
37070
37072
37073
37075
37078
37079
37080
37081
37082
37085
37086
37088
37090
37092
37093
37094
37098
37099
37103
37104
37106
37107
37108
37109
37112
37114
37115
37116
37118
37121
37125
37128
37130
37131
37134
37136
37138
37139
37140
37141
37142
37144
37145
37146
37147
37149
37150
37152
37153
37154
37155
37157
37158
37160
37162
37163
37164
37166
37168
37169
37170
37172
37173
37174
37175
37176
37179
37180
37182
37183
37185
37186
37189
37190
37193
37194
37197
37198
37201
37202
37205
37207
37208
37211
37212
37213
37214
37216
37218
37219
37220
37222
37224
37225
37226
37228
37229
37230
37231
37232
37234
37235
37236
37237
37238
37240
37244
37245
37246
37247
37248
37249
37250
37252
37254
37255
37259
37263
37264
37265
37266
37267
37270
37271
37272
37276
37277
37280
37281
37284
37287
37288
37292
37294
37297
37299
37300
37303
37304
37305
37306
37307
37308
37309
37310
37311
37312
37314
37316
37317
37319
37321
37326
37327
37328
37329
37331
37332
37334
37336
37337
37339
37344
37348
37350
37352
37353
37355
37356
37357
37358
37359
37360
37361
37363
37364
37366
37367
37368
37369
37370
37371
37372
37374
37378
37380
37381
37382
37383
37384
37385
37388
37394
37395
37396
37397
37398
37400
37401
37403
37404
37405
37406
37408
37410
37411
37412
37413
37416
37417
37418
37421
37423
37424
37425
37427
37428
37429
37431
37432
37433
37435
37436
37437
37438
37441
37442
37445
37447
37448
37450
37451
37456
37457
37458
37459
37460
37461
37463
37465
37466
37467
37470
37471
37473
37475
37476
37477
37481
37482
37485
37487
37488
37490
37492
37493
37494
37496
37497
37499
37501
37504
37505
37506
37508
37509
37511
37514
37515
37516
37518
37523
37524
37525
37526
37527
37529
37531
37532
37533
37534
37535
37536
37537
37538
37539
37540
37542
37543
37546
37547
37549
37550
37551
37553
37554
37555
37556
37558
37561
37562
37564
37566
37569
37570
37574
37575
37577
37579
37582
37585
37586
37587
37588
37589
37590
37592
37593
37595
37596
37598
37600
37602
37603
37604
37605
37606
37608
37612
37613
37616
37617
37618
37621
37623
37625
37626
37627
37631
37633
37634
37635
37637
37638
37639
37640
37641
37642
37643
37645
37647
37652
37653
37654
37655
37656
37657
37658
37659
37660
37662
37663
37665
37667
37668
37670
37672
37673
37675
37676
37679
37680
37681
37683
37685
37687
37688
37689
37690
37691
37693
37695
37696
37698
37699
37700
37701
37702
37704
37705
37707
37708
37710
37714
37715
37716
37719
37721
37722
37725
37726
37727
37729
37730
37731
37732
37734
37735
37736
37737
37738
37740
37741
37742
37743
37744
37746
37747
37748
37749
37752
37753
37754
37758
37759
37760
37761
37764
37765
37769
37770
37774
37775
37779
37780
37781
37782
37784
37785
37786
37787
37789
37792
37793
37794
37795
37797
37798
37799
37800
37801
37802
37804
37805
37806
37807
37809
37812
37813
37815
37817
37818
37819
37820
37823
37824
37825
37826
37827
37830
37831
37832
37833
37835
37836
37839
37844
37845
37847
37848
37849
37852
37853
37858
37860
37863
37865
37866
37868
37870
37871
37872
37874
37876
37877
37878
37879
37880
37882
37885
37886
37887
37889
37890
37892
37893
37894
37895
37896
37897
37899
37904
37908
37911
37912
37913
37915
37916
37917
37918
37920
37923
37924
37928
37929
37932
37934
37935
37938
37939
37941
37942
37943
37944
37947
37951
37954
37955
37956
37957
37958
37960
37962
37963
37964
37965
37967
37968
37969
37971
37972
37974
37976
37977
37978
37980
37981
37982
37984
37985
37986
37989
37990
37992
37993
37994
37996
37997
37998
37999
38000
38001
38002
38003
38004
38005
38008
38009
38010
38011
38012
38013
38015
38016
38019
38024
38026
38027
38028
38029
38030
38033
38035
38036
38037
38039
38040
38044
38045
38046
38049
38050
38052
38054
38055
38056
38059
38060
38061
38062
38063
38065
38066
38067
38068
38069
38070
38073
38074
38075
38076
38079
38081
38082
38083
38084
38085
38086
38088
38089
38090
38091
38092
38093
38094
38097
38098
38099
38104
38107
38109
38111
38112
38113
38117
38119
38121
38123
38126
38127
38129
38130
38131
38132
38135
38136
38138
38139
38141
38142
38143
38147
38148
38149
38152
38154
38155
38156
38157
38158
38161
38163
38166
38167
38168
38169
38170
38171
38172
38175
38176
38177
38178
38180
38182
38183
38185
38186
38187
38188
38190
38191
38192
38193
38194
38195
38196
38197
38200
38201
38203
38205
38206
38207
38208
38209
38211
38213
38214
38216
38217
38220
38222
38223
38225
38226
38227
38228
38231
38233
38236
38237
38238
38239
38243
38245
38247
38248
38249
38251
38253
38255
38256
38258
38260
38261
38264
38265
38266
38269
38270
38273
38274
38275
38278
38279
38280
38281
38282
38283
38285
38289
38294
38296
38297
38298
38300
38302
38303
38304
38306
38308
38311
38314
38315
38316
38318
38320
38321
38323
38324
38325
38327
38329
38331
38333
38334
38339
38342
38343
38344
38345
38346
38347
38348
38350
38351
38352
38354
38356
38357
38360
38361
38362
38363
38364
38365
38368
38369
38372
38373
38375
38377
38378
38380
38381
38383
38386
38387
38390
38391
38393
38394
38396
38397
38399
38400
38402
38403
38406
38408
38410
38416
38417
38418
38420
38422
38423
38424
38425
38426
38429
38430
38433
38434
38436
38437
38441
38442
38443
38445
38447
38449
38450
38451
38453
38454
38459
38460
38461
38465
38469
38470
38473
38474
38476
38477
38478
38479
38481
38482
38483
38484
38488
38489
38490
38491
38493
38494
38495
38499
38501
38502
38503
38505
38506
38507
38508
38510
38511
38512
38514
38516
38517
38518
38519
38523
38527
38528
38529
38531
38532
38533
38535
38537
38538
38540
38545
38546
38549
38551
38553
38555
38556
38557
38559
38562
38563
38566
38568
38569
38570
38572
38574
38575
38576
38577
38580
38581
38584
38585
38589
38591
38592
38593
38594
38595
38598
38601
38603
38606
38607
38609
38610
38611
38613
38615
38617
38618
38619
38621
38622
38623
38624
38625
38626
38627
38628
38629
38631
38632
38633
38634
38636
38637
38638
38639
38641
38642
38643
38644
38645
38646
38647
38648
38649
38650
38652
38653
38655
38656
38658
38660
38661
38663
38667
38668
38669
38672
38673
38675
38676
38678
38679
38680
38681
38688
38689
38690
38691
38693
38694
38695
38696
38698
38699
38701
38703
38706
38707
38708
38710
38712
38714
38715
38718
38723
38724
38725
38726
38727
38728
38729
38732
38733
38734
38737
38738
38739
38740
38742
38743
38753
38754
38755
38756
38757
38760
38762
38763
38764
38766
38769
38770
38771
38773
38774
38775
38776
38778
38779
38780
38783
38784
38785
38786
38788
38789
38793
38795
38797
38798
38799
38800
38802
38803
38804
38806
38807
38808
38810
38812
38814
38816
38817
38819
38821
38823
38824
38828
38829
38830
38831
38832
38834
38835
38836
38837
38838
38841
38842
38843
38844
38845
38846
38848
38852
38855
38856
38860
38862
38864
38865
38867
38870
38872
38873
38874
38877
38879
38880
38882
38883
38886
38888
38889
38890
38891
38892
38894
38898
38899
38901
38902
38903
38904
38906
38910
38913
38915
38916
38920
38921
38922
38925
38926
38928
38930
38931
38932
38933
38935
38937
38939
38942
38943
38944
38945
38946
38947
38953
38955
38956
38957
38958
38959
38960
38963
38964
38965
38968
38971
38972
38973
38976
38978
38980
38981
38982
38983
38984
38986
38989
38990
38994
38997
38999
39001
39002
39008
39009
39010
39013
39017
39018
39021
39023
39025
39028
39031
39032
39034
39035
39037
39038
39039
39041
39042
39044
39046
39047
39048
39049
39050
39051
39052
39054
39058
39059
39061
39062
39063
39064
39065
39066
39067
39068
39070
39071
39072
39073
39074
39075
39076
39078
39080
39081
39082
39084
39085
39087
39088
39089
39090
39094
39095
39096
39098
39099
39100
39101
39102
39103
39105
39108
39109
39110
39111
39113
39114
39116
39117
39118
39119
39121
39125
39127
39129
39130
39131
39134
39135
39136
39140
39141
39143
39147
39148
39149
39150
39151
39153
39157
39161
39163
39165
39166
39167
39168
39169
39170
39171
39173
39174
39176
39178
39179
39180
39181
39182
39183
39184
39185
39186
39187
39188
39189
39190
39191
39194
39195
39196
39197
39198
39200
39202
39205
39206
39207
39209
39210
39211
39213
39214
39215
39219
39220
39222
39223
39226
39227
39228
39230
39231
39232
39234
39235
39237
39238
39240
39242
39243
39244
39245
39246
39247
39248
39249
39250
39252
39255
39258
39261
39262
39264
39267
39268
39270
39271
39272
39273
39274
39275
39277
39278
39279
39280
39281
39282
39284
39285
39286
39287
39289
39291
39292
39293
39294
39295
39297
39299
39300
39302
39303
39304
39308
39309
39311
39314
39315
39318
39319
39325
39326
39328
39329
39330
39331
39334
39335
39336
39339
39340
39341
39342
39343
39344
39345
39346
39347
39349
39352
39354
39355
39356
39358
39360
39361
39364
39365
39366
39367
39369
39372
39373
39375
39377
39378
39379
39380
39381
39382
39383
39386
39387
39388
39389
39390
39393
39394
39395
39397
39399
39401
39403
39405
39406
39409
39411
39412
39416
39417
39420
39422
39424
39426
39428
39429
39430
39432
39434
39435
39436
39437
39439
39440
39441
39442
39443
39444
39446
39450
39452
39455
39456
39460
39464
39466
39467
39468
39470
39472
39473
39474
39476
39478
39480
39486
39487
39489
39491
39492
39493
39495
39496
39497
39498
39499
39500
39505
39506
39507
39509
39511
39512
39513
39516
39518
39519
39520
39524
39527
39529
39532
39534
39535
39538
39539
39540
39543
39545
39547
39551
39552
39554
39556
39557
39558
39559
39562
39563
39564
39565
39566
39567
39569
39570
39571
39572
39575
39578
39579
39581
39582
39585
39587
39588
39589
39590
39592
39594
39597
39599
39601
39602
39603
39604
39610
39614
39616
39618
39619
39621
39622
39623
39627
39629
39630
39633
39634
39635
39637
39640
39641
39643
39644
39646
39647
39649
39650
39651
39652
39653
39654
39655
39656
39658
39659
39661
39662
39663
39664
39665
39668
39671
39672
39673
39674
39675
39676
39678
39681
39685
39686
39688
39689
39691
39692
39693
39696
39698
39699
39700
39701
39703
39707
39708
39710
39711
39712
39714
39716
39717
39718
39719
39721
39722
39723
39725
39726
39728
39730
39732
39736
39737
39739
39741
39742
39744
39745
39746
39748
39750
39751
39752
39754
39755
39756
39757
39758
39759
39760
39761
39762
39764
39765
39770
39771
39773
39774
39775
39776
39777
39778
39781
39782
39785
39786
39787
39788
39789
39792
39793
39796
39797
39799
39800
39801
39803
39805
39809
39811
39812
39813
39814
39816
39817
39818
39820
39821
39823
39824
39826
39827
39830
39833
39834
39835
39836
39840
39842
39844
39845
39846
39849
39850
39851
39852
39853
39856
39857
39858
39862
39865
39866
39867
39868
39869
39870
39871
39874
39875
39876
39879
39881
39882
39885
39886
39890
39891
39892
39895
39898
39899
39901
39903
39904
39905
39907
39909
39912
39914
39915
39916
39918
39919
39920
39922
39923
39924
39925
39927
39928
39929
39930
39931
39934
39937
39938
39940
39941
39943
39944
39945
39949
39950
39951
39952
39959
39960
39961
39962
39963
39965
39967
39968
39972
39973
39974
39975
39979
39982
39983
39985
39986
39988
39991
39992
39993
39994
39996
39997
39998
39999
40001
40002
40003
40004
40007
40008
40009
40011
40012
40013
40014
40016
40019
40020
40022
40024
40025
40027
40028
40032
40033
40034
40038
40039
40040
40041
40043
40048
40049
40050
40052
40053
40056
40057
40059
40061
40062
40064
40066
40068
40070
40071
40072
40073
40074
40076
40077
40078
40079
40082
40084
40085
40086
40087
40088
40089
40092
40093
40094
40095
40097
40098
40099
40101
40102
40103
40104
40106
40107
40110
40111
40112
40115
40116
40117
40118
40119
40121
40122
40124
40125
40126
40127
40128
40129
40130
40132
40133
40134
40136
40138
40139
40140
40145
40148
40151
40152
40153
40155
40156
40161
40162
40163
40164
40165
40167
40170
40171
40173
40174
40176
40179
40182
40183
40184
40186
40188
40189
40190
40193
40197
40198
40199
40201
40203
40207
40208
40210
40212
40213
40214
40215
40223
40224
40225
40226
40229
40230
40231
40233
40234
40238
40239
40240
40245
40247
40248
40249
40250
40252
40253
40255
40256
40257
40259
40261
40262
40263
40267
40268
40269
40270
40271
40272
40274
40275
40276
40277
40278
40282
40284
40287
40288
40290
40292
40293
40294
40295
40301
40302
40305
40307
40309
40310
40312
40313
40314
40323
40324
40328
40329
40330
40335
40336
40337
40338
40340
40341
40342
40343
40344
40345
40346
40347
40348
40350
40351
40352
40355
40357
40358
40359
40362
40365
40367
40368
40370
40372
40374
40377
40378
40380
40381
40385
40386
40387
40390
40392
40393
40394
40396
40397
40398
40399
40400
40401
40403
40404
40405
40406
40408
40409
40413
40414
40415
40416
40419
40420
40422
40424
40426
40427
40428
40429
40432
40436
40437
40438
40439
40440
40441
40443
40444
40446
40447
40449
40450
40451
40452
40453
40456
40457
40458
40459
40460
40461
40462
40464
40467
40468
40469
40473
40474
40476
40478
40479
40480
40481
40485
40486
40488
40490
40492
40493
40495
40496
40497
40498
40499
40500
40501
40503
40504
40505
40506
40507
40509
40510
40512
40513
40514
40516
40518
40522
40523
40525
40526
40527
40529
40530
40532
40533
40534
40535
40539
40541
40542
40544
40545
40546
40548
40549
40551
40552
40554
40555
40556
40557
40559
40561
40563
40565
40568
40569
40570
40571
40572
40573
40574
40575
40576
40578
40579
40580
40581
40582
40583
40587
40588
40591
40592
40593
40597
40598
40601
40602
40604
40608
40609
40610
40611
40612
40613
40614
40619
40621
40622
40624
40627
40628
40629
40632
40633
40635
40637
40638
40639
40640
40645
40647
40650
40653
40655
40656
40657
40660
40661
40662
40664
40665
40666
40667
40669
40671
40672
40677
40679
40681
40682
40683
40684
40687
40689
40691
40692
40693
40696
40697
40698
40699
40701
40707
40708
40709
40711
40712
40715
40716
40717
40718
40719
40721
40722
40723
40724
40725
40726
40727
40728
40729
40730
40733
40734
40735
40737
40741
40742
40745
40746
40748
40750
40751
40753
40755
40757
40758
40759
40760
40763
40767
40768
40769
40770
40773
40774
40775
40776
40782
40783
40784
40785
40786
40787
40788
40789
40790
40791
40792
40795
40797
40798
40799
40801
40802
40804
40805
40806
40809
40814
40816
40817
40818
40819
40821
40822
40823
40825
40827
40828
40829
40830
40832
40833
40834
40835
40837
40838
40839
40840
40841
40843
40846
40848
40849
40852
40853
40854
40856
40857
40860
40861
40863
40864
40873
40874
40876
40878
40883
40884
40885
40886
40887
40889
40890
40891
40893
40894
40895
40896
40899
40900
40901
40904
40905
40906
40907
40909
40910
40911
40912
40914
40915
40917
40921
40922
40923
40924
40926
40927
40928
40929
40931
40933
40934
40935
40937
40939
40941
40945
40947
40948
40949
40950
40952
40953
40954
40956
40958
40959
40961
40964
40966
40969
40970
40971
40973
40976
40977
40978
40979
40980
40981
40982
40983
40984
40986
40987
40988
40990
40993
40994
40996
40998
41000
41002
41003
41006
41008
41009
41010
41012
41014
41015
41016
41017
41019
41020
41022
41024
41025
41027
41028
41031
41032
41034
41039
41040
41041
41042
41046
41047
41048
41050
41051
41052
41053
41054
41055
41058
41059
41062
41066
41067
41069
41071
41075
41076
41077
41080
41082
41085
41086
41088
41089
41095
41096
41099
41100
41101
41102
41103
41105
41108
41111
41113
41114
41120
41122
41124
41125
41126
41128
41130
41131
41132
41133
41134
41135
41136
41139
41140
41141
41143
41145
41146
41147
41149
41150
41151
41152
41153
41154
41155
41156
41157
41159
41160
41162
41163
41164
41165
41166
41169
41171
41172
41173
41174
41176
41178
41179
41182
41183
41186
41187
41190
41191
41195
41196
41197
41199
41200
41204
41208
41209
41211
41212
41213
41215
41217
41220
41221
41222
41224
41227
41228
41229
41231
41235
41238
41239
41242
41243
41244
41246
41247
41249
41252
41255
41257
41258
41259
41261
41262
41264
41266
41267
41268
41270
41271
41275
41277
41278
41279
41280
41281
41282
41285
41286
41287
41288
41289
41290
41292
41293
41294
41295
41298
41303
41304
41305
41306
41307
41309
41310
41314
41315
41316
41317
41318
41320
41322
41323
41324
41325
41326
41327
41330
41332
41333
41337
41339
41341
41343
41345
41347
41352
41354
41355
41357
41359
41365
41366
41367
41368
41369
41372
41375
41376
41378
41379
41380
41382
41383
41384
41385
41389
41391
41392
41393
41395
41396
41397
41398
41401
41402
41403
41404
41405
41408
41409
41411
41412
41413
41414
41415
41418
41419
41422
41424
41426
41427
41433
41434
41435
41436
41437
41438
41439
41440
41442
41443
41445
41446
41448
41451
41452
41453
41454
41457
41458
41459
41461
41462
41463
41464
41468
41469
41472
41473
41475
41476
41477
41478
41479
41480
41484
41487
41488
41489
41490
41491
41492
41493
41496
41497
41498
41499
41501
41502
41504
41506
41509
41510
41512
41513
41515
41516
41517
41520
41521
41522
41523
41525
41526
41527
41528
41529
41532
41534
41535
41536
41538
41539
41540
41541
41542
41543
41545
41547
41548
41550
41551
41552
41553
41554
41555
41557
41559
41560
41561
41562
41563
41568
41569
41570
41571
41575
41578
41579
41586
41587
41588
41589
41590
41591
41592
41603
41604
41605
41606
41609
41614
41615
41616
41618
41619
41621
41622
41624
41625
41626
41627
41629
41630
41632
41636
41638
41639
41641
41642
41643
41645
41647
41648
41650
41651
41652
41654
41657
41659
41661
41662
41663
41664
41665
41666
41667
41668
41669
41671
41675
41676
41679
41681
41683
41684
41685
41687
41688
41689
41695
41697
41698
41700
41702
41703
41704
41705
41706
41708
41710
41711
41712
41716
41717
41718
41720
41722
41726
41728
41731
41736
41737
41738
41740
41742
41743
41744
41745
41747
41748
41750
41751
41753
41754
41755
41758
41760
41761
41763
41764
41766
41768
41769
41774
41776
41777
41778
41779
41781
41784
41786
41787
41788
41790
41791
41793
41794
41795
41796
41799
41800
41801
41803
41805
41807
41808
41812
41813
41814
41815
41816
41821
41822
41824
41827
41829
41830
41832
41833
41834
41836
41839
41843
41846
41848
41849
41853
41856
41857
41860
41861
41862
41864
41866
41867
41868
41869
41870
41871
41874
41876
41877
41878
41879
41881
41882
41884
41885
41888
41890
41891
41894
41895
41897
41898
41900
41901
41902
41904
41906
41911
41912
41915
41916
41918
41919
41920
41921
41923
41924
41925
41926
41927
41929
41930
41931
41932
41933
41936
41937
41939
41940
41942
41943
41944
41946
41948
41951
41952
41954
41955
41956
41959
41960
41962
41963
41964
41966
41968
41969
41971
41972
41973
41974
41975
41977
41978
41979
41980
41982
41984
41985
41986
41988
41991
41992
41994
41995
41997
41999
42000
42001
42003
42005
42006
42008
42009
42011
42012
42013
42015
42016
42017
42018
42019
42020
42022
42023
42024
42026
42027
42029
42030
42032
42033
42035
42037
42038
42041
42042
42044
42045
42048
42049
42051
42052
42053
42055
42061
42062
42065
42067
42068
42069
42070
42071
42073
42075
42076
42077
42078
42079
42080
42082
42085
42088
42091
42092
42093
42096
42097
42098
42099
42100
42101
42102
42103
42105
42106
42107
42108
42109
42112
42115
42116
42117
42119
42120
42123
42124
42126
42127
42128
42132
42133
42136
42139
42140
42141
42143
42145
42146
42147
42149
42151
42152
42154
42155
42157
42161
42162
42164
42165
42166
42167
42168
42169
42170
42171
42172
42173
42174
42177
42178
42179
42181
42185
42186
42187
42188
42191
42193
42196
42199
42200
42203
42204
42205
42208
42209
42212
42214
42215
42216
42223
42225
42227
42228
42229
42232
42233
42236
42237
42238
42239
42241
42242
42243
42246
42247
42249
42250
42253
42254
42256
42258
42261
42264
42266
42267
42268
42272
42275
42279
42281
42282
42284
42286
42287
42288
42290
42291
42295
42297
42299
42300
42301
42302
42303
42305
42306
42307
42309
42310
42312
42313
42314
42318
42324
42325
42326
42328
42329
42330
42331
42332
42333
42334
42335
42336
42338
42339
42341
42343
42346
42347
42349
42350
42351
42353
42354
42355
42356
42359
42360
42363
42364
42365
42366
42367
42368
42369
42370
42371
42374
42376
42377
42380
42381
42382
42385
42387
42389
42391
42392
42393
42396
42398
42400
42402
42403
42404
42406
42407
42410
42412
42414
42416
42417
42418
42419
42423
42424
42427
42428
42429
42431
42436
42437
42438
42439
42440
42441
42445
42446
42447
42448
42449
42450
42451
42453
42458
42459
42461
42462
42463
42465
42466
42467
42469
42470
42471
42472
42473
42474
42475
42476
42477
42480
42481
42484
42485
42487
42488
42490
42491
42492
42495
42497
42498
42499
42500
42501
42502
42503
42506
42508
42510
42513
42514
42517
42520
42524
42527
42529
42530
42531
42532
42534
42535
42540
42544
42545
42547
42553
42555
42556
42557
42559
42560
42561
42562
42566
42571
42573
42574
42579
42580
42581
42583
42585
42587
42589
42590
42592
42595
42597
42598
42600
42601
42602
42604
42605
42606
42608
42610
42611
42613
42614
42615
42616
42617
42618
42625
42626
42629
42633
42634
42635
42637
42638
42642
42643
42644
42646
42648
42650
42651
42653
42654
42658
42661
42662
42663
42664
42665
42667
42668
42669
42673
42674
42676
42678
42679
42680
42683
42684
42685
42688
42689
42691
42694
42695
42697
42701
42704
42705
42707
42709
42711
42712
42714
42715
42716
42718
42719
42720
42721
42722
42723
42726
42727
42728
42732
42733
42736
42737
42738
42739
42741
42742
42743
42744
42745
42746
42747
42748
42750
42753
42756
42757
42758
42759
42760
42763
42764
42765
42766
42767
42768
42769
42770
42771
42773
42779
42780
42781
42782
42786
42788
42789
42790
42792
42793
42795
42796
42797
42798
42800
42802
42808
42809
42812
42813
42815
42816
42817
42818
42821
42823
42824
42826
42827
42833
42835
42836
42837
42838
42841
42843
42845
42849
42850
42852
42855
42857
42859
42860
42862
42864
42866
42867
42868
42870
42872
42874
42875
42876
42877
42878
42879
42880
42881
42884
42885
42887
42889
42890
42896
42897
42898
42901
42902
42903
42905
42907
42909
42911
42913
42914
42916
42918
42926
42929
42930
42931
42932
42933
42935
42938
42939
42944
42946
42948
42950
42951
42954
42955
42957
42959
42960
42962
42963
42964
42965
42967
42968
42969
42971
42972
42973
42974
42977
42978
42979
42980
42981
42983
42984
42985
42986
42988
42989
42991
42992
42993
42994
42996
42997
43000
43001
43004
43005
43006
43007
43009
43010
43013
43014
43015
43016
43017
43018
43019
43023
43030
43031
43032
43033
43034
43036
43038
43039
43043
43046
43047
43048
43049
43050
43051
43054
43055
43058
43060
43061
43063
43065
43066
43067
43070
43071
43072
43074
43075
43077
43078
43079
43081
43082
43083
43088
43090
43092
43093
43095
43098
43099
43100
43101
43104
43105
43111
43114
43116
43117
43120
43121
43123
43124
43128
43129
43130
43132
43133
43137
43138
43139
43140
43141
43143
43146
43147
43148
43150
43153
43155
43156
43157
43159
43161
43162
43164
43165
43166
43168
43169
43171
43173
43176
43179
43181
43182
43184
43187
43188
43189
43190
43191
43193
43195
43196
43197
43202
43204
43205
43206
43207
43208
43209
43210
43211
43215
43217
43218
43219
43220
43224
43225
43226
43227
43230
43232
43233
43236
43237
43240
43241
43242
43243
43244
43245
43250
43251
43252
43254
43257
43260
43265
43266
43267
43268
43269
43270
43272
43274
43278
43279
43280
43281
43284
43285
43287
43289
43291
43294
43295
43296
43297
43298
43299
43301
43303
43305
43306
43309
43311
43312
43313
43314
43315
43318
43320
43323
43325
43327
43328
43329
43333
43334
43335
43337
43339
43342
43345
43346
43347
43348
43349
43353
43354
43355
43357
43362
43363
43364
43365
43366
43367
43372
43374
43375
43376
43377
43380
43381
43386
43387
43388
43389
43390
43393
43394
43395
43400
43401
43402
43406
43407
43408
43409
43412
43413
43414
43417
43418
43423
43424
43426
43427
43429
43430
43433
43437
43441
43443
43445
43449
43450
43451
43454
43456
43459
43460
43462
43463
43465
43466
43468
43469
43471
43472
43473
43475
43476
43478
43479
43480
43481
43483
43486
43487
43488
43490
43492
43494
43495
43497
43498
43499
43502
43504
43505
43506
43508
43509
43510
43511
43515
43516
43518
43520
43521
43522
43523
43524
43525
43527
43528
43532
43535
43537
43540
43543
43545
43546
43548
43551
43552
43555
43558
43561
43563
43564
43565
43566
43567
43568
43570
43571
43574
43575
43576
43577
43579
43580
43581
43582
43583
43585
43586
43588
43589
43592
43593
43594
43595
43596
43601
43605
43610
43612
43613
43614
43615
43617
43618
43619
43625
43626
43628
43630
43632
43635
43638
43639
43640
43643
43644
43645
43647
43649
43650
43652
43655
43656
43660
43661
43663
43664
43668
43670
43673
43674
43675
43677
43679
43680
43683
43687
43688
43690
43692
43693
43697
43699
43700
43701
43702
43705
43706
43707
43709
43710
43712
43714
43715
43716
43717
43719
43722
43723
43724
43726
43727
43731
43732
43733
43735
43736
43738
43739
43741
43742
43743
43745
43746
43748
43749
43750
43756
43757
43760
43761
43762
43764
43765
43766
43770
43771
43773
43774
43778
43780
43781
43782
43783
43786
43788
43789
43792
43795
43796
43797
43801
43804
43806
43808
43809
43813
43814
43816
43818
43823
43827
43828
43830
43831
43832
43835
43838
43839
43843
43844
43846
43847
43848
43850
43852
43853
43854
43856
43859
43861
43862
43864
43865
43866
43867
43868
43870
43871
43873
43874
43876
43877
43880
43881
43882
43884
43889
43891
43892
43893
43895
43896
43897
43900
43902
43906
43907
43908
43910
43911
43913
43914
43915
43917
43919
43920
43921
43922
43923
43924
43925
43927
43928
43929
43931
43934
43936
43938
43939
43940
43941
43943
43944
43945
43946
43947
43948
43949
43957
43958
43959
43960
43967
43969
43971
43977
43979
43982
43983
43984
43985
43987
43991
43992
43996
43997
43998
44002
44005
44006
44007
44008
44009
44012
44014
44017
44018
44020
44023
44025
44026
44028
44029
44030
44031
44034
44035
44036
44037
44039
44040
44041
44042
44045
44047
44048
44049
44050
44052
44053
44056
44061
44066
44071
44072
44074
44078
44080
44081
44083
44084
44086
44090
44091
44094
44095
44096
44098
44099
44101
44102
44103
44105
44109
44111
44114
44115
44116
44118
44119
44122
44123
44125
44126
44127
44128
44132
44133
44135
44136
44137
44139
44140
44142
44143
44144
44145
44147
44148
44149
44152
44153
44154
44155
44156
44157
44158
44160
44165
44166
44169
44171
44173
44174
44175
44178
44182
44183
44184
44190
44192
44193
44196
44197
44199
44200
44201
44202
44204
44205
44206
44207
44208
44211
44212
44213
44218
44219
44220
44221
44222
44227
44228
44229
44231
44232
44233
44236
44237
44239
44240
44242
44243
44244
44246
44247
44248
44249
44250
44255
44258
44268
44271
44272
44274
44275
44276
44277
44282
44283
44286
44287
44288
44289
44290
44292
44293
44295
44296
44297
44298
44300
44301
44303
44305
44312
44318
44321
44327
44328
44329
44330
44333
44334
44336
44337
44338
44340
44341
44344
44345
44346
44349
44354
44356
44361
44362
44363
44364
44366
44369
44370
44373
44374
44375
44378
44379
44380
44384
44386
44389
44390
44393
44394
44396
44397
44399
44401
44405
44408
44409
44411
44412
44413
44414
44415
44417
44418
44421
44424
44431
44433
44435
44436
44439
44440
44442
44443
44444
44446
44447
44449
44450
44456
44457
44459
44460
44462
44463
44465
44467
44468
44469
44472
44473
44474
44475
44476
44480
44482
44483
44484
44485
44486
44487
44491
44492
44495
44497
44498
44500
44501
44504
44505
44506
44507
44509
44510
44511
44515
44517
44521
44523
44524
44525
44526
44527
44529
44530
44532
44533
44541
44543
44544
44546
44548
44549
44550
44551
44552
44555
44556
44557
44559
44564
44568
44570
44572
44573
44575
44576
44577
44578
44581
44583
44585
44586
44587
44588
44590
44593
44595
44597
44598
44600
44601
44602
44606
44608
44610
44614
44615
44616
44617
44618
44619
44623
44625
44626
44627
44628
44629
44631
44634
44635
44638
44639
44640
44641
44642
44644
44646
44647
44649
44652
44654
44656
44657
44659
44662
44665
44667
44669
44670
44671
44672
44673
44674
44675
44676
44678
44679
44681
44683
44684
44686
44687
44690
44693
44697
44698
44699
44700
44702
44708
44712
44713
44715
44716
44717
44718
44719
44722
44725
44730
44731
44732
44733
44734
44739
44741
44744
44746
44748
44749
44750
44752
44754
44756
44757
44758
44759
44760
44761
44764
44768
44771
44772
44774
44776
44777
44778
44780
44782
44783
44784
44786
44787
44788
44789
44791
44794
44796
44799
44800
44805
44808
44810
44811
44812
44813
44816
44818
44819
44820
44822
44823
44824
44826
44827
44829
44831
44833
44834
44838
44839
44843
44844
44845
44846
44847
44849
44850
44852
44856
44857
44858
44859
44863
44864
44866
44867
44868
44872
44876
44878
44880
44883
44884
44885
44887
44888
44889
44891
44892
44893
44896
44897
44898
44899
44900
44901
44903
44904
44907
44909
44911
44912
44916
44918
44921
44922
44923
44924
44925
44929
44932
44933
44934
44935
44936
44937
44940
44942
44943
44944
44946
44947
44948
44950
44952
44957
44958
44959
44961
44963
44967
44968
44970
44971
44972
44974
44975
44976
44978
44984
44986
44988
44989
44991
44996
44999
45002
45003
45005
45006
45007
45011
45013
45015
45019
45021
45022
45024
45025
45026
45028
45030
45031
45032
45035
45036
45037
45038
45039
45042
45044
45045
45047
45048
45049
45050
45051
45053
45055
45056
45058
45059
45061
45066
45067
45069
45072
45073
45075
45076
45077
45079
45080
45082
45083
45084
45085
45086
45087
45090
45091
45092
45096
45097
45099
45101
45102
45104
45105
45106
45107
45109
45111
45112
45115
45119
45123
45124
45126
45128
45129
45130
45132
45134
45135
45136
45137
45138
45140
45142
45143
45145
45147
45151
45153
45154
45156
45157
45158
45160
45161
45163
45164
45165
45167
45168
45171
45173
45174
45175
45181
45182
45183
45184
45186
45188
45189
45191
45193
45195
45196
45197
45199
45202
45203
45204
45205
45207
45208
45209
45210
45211
45212
45214
45217
45218
45221
45223
45224
45227
45228
45229
45230
45231
45232
45233
45234
45235
45236
45237
45238
45239
45240
45241
45243
45244
45246
45247
45249
45250
45251
45252
45254
45256
45259
45260
45261
45262
45263
45265
45266
45268
45269
45270
45271
45272
45275
45276
45277
45279
45283
45285
45286
45287
45289
45291
45292
45294
45299
45300
45301
45304
45305
45306
45307
45308
45309
45310
45311
45319
45324
45326
45327
45328
45329
45332
45333
45334
45336
45338
45342
45343
45344
45345
45347
45349
45350
45351
45353
45355
45356
45361
45362
45366
45367
45368
45369
45370
45371
45372
45373
45374
45375
45376
45379
45380
45381
45382
45387
45388
45391
45392
45393
45395
45397
45398
45400
45401
45402
45403
45404
45406
45407
45409
45414
45415
45416
45417
45418
45421
45422
45424
45425
45426
45427
45429
45430
45432
45437
45438
45440
45444
45445
45446
45447
45448
45450
45452
45453
45456
45457
45458
45460
45462
45465
45467
45469
45472
45473
45475
45477
45478
45479
45481
45482
45483
45487
45490
45492
45495
45497
45498
45499
45500
45503
45507
45509
45510
45511
45514
45517
45520
45521
45522
45525
45526
45528
45530
45531
45533
45535
45537
45538
45540
45542
45543
45544
45547
45548
45551
45553
45555
45557
45559
45560
45562
45565
45566
45567
45568
45569
45573
45577
45583
45584
45588
45591
45592
45594
45597
45599
45600
45601
45604
45605
45606
45607
45608
45609
45610
45613
45614
45615
45616
45617
45620
45621
45623
45624
45625
45626
45627
45628
45629
45632
45633
45635
45636
45637
45638
45639
45640
45642
45643
45644
45648
45649
45651
45652
45657
45658
45660
45664
45665
45667
45668
45670
45672
45674
45676
45677
45678
45680
45684
45685
45686
45687
45689
45690
45691
45692
45694
45695
45696
45697
45700
45701
45704
45705
45707
45712
45714
45715
45717
45718
45719
45720
45722
45724
45726
45730
45731
45732
45734
45735
45736
45737
45738
45739
45740
45743
45744
45746
45747
45748
45749
45750
45752
45754
45757
45759
45760
45761
45762
45765
45766
45771
45772
45775
45776
45777
45779
45783
45784
45785
45787
45789
45793
45794
45795
45796
45802
45804
45806
45807
45808
45811
45814
45816
45817
45822
45823
45826
45827
45829
45830
45831
45832
45838
45839
45841
45842
45843
45845
45847
45848
45850
45851
45852
45853
45855
45858
45859
45860
45862
45863
45866
45867
45868
45871
45875
45876
45877
45878
45879
45881
45883
45884
45885
45886
45887
45888
45891
45893
45896
45899
45900
45901
45902
45904
45905
45907
45911
45912
45914
45918
45919
45920
45922
45924
45926
45928
45929
45930
45932
45933
45935
45936
45937
45938
45940
45941
45942
45943
45944
45947
45948
45949
45950
45951
45956
45957
45959
45962
45964
45965
45966
45968
45969
45972
45975
45977
45978
45979
45983
45985
45986
45991
45992
45993
45994
45995
45996
45997
45998
46000
46001
46003
46004
46006
46008
46009
46011
46012
46015
46017
46019
46025
46026
46028
46029
46030
46031
46032
46034
46035
46038
46040
46041
46043
46048
46050
46052
46053
46055
46056
46057
46059
46061
46065
46066
46067
46069
46070
46071
46072
46073
46074
46075
46076
46080
46083
46088
46089
46094
46095
46096
46100
46101
46103
46105
46106
46107
46108
46110
46113
46116
46117
46120
46124
46125
46126
46128
46129
46130
46131
46132
46133
46134
46135
46137
46138
46139
46142
46146
46147
46148
46149
46150
46156
46157
46160
46161
46168
46169
46170
46174
46175
46176
46177
46180
46181
46182
46183
46184
46185
46186
46187
46188
46189
46192
46193
46196
46199
46200
46201
46202
46203
46204
46205
46206
46208
46209
46210
46211
46212
46213
46216
46226
46227
46228
46230
46235
46236
46238
46239
46240
46242
46243
46247
46250
46252
46255
46257
46259
46261
46262
46263
46264
46265
46267
46270
46271
46272
46275
46277
46278
46279
46283
46284
46286
46287
46288
46290
46291
46292
46293
46295
46296
46298
46299
46303
46306
46307
46309
46310
46311
46313
46315
46316
46318
46322
46324
46326
46329
46332
46333
46335
46336
46337
46338
46339
46341
46345
46347
46348
46349
46351
46352
46361
46363
46365
46366
46369
46371
46373
46374
46376
46377
46378
46379
46380
46383
46384
46388
46389
46391
46394
46395
46397
46398
46399
46400
46402
46403
46405
46407
46408
46414
46416
46417
46418
46419
46420
46421
46422
46423
46424
46426
46427
46429
46431
46433
46435
46437
46438
46439
46440
46441
46443
46446
46451
46452
46453
46455
46456
46459
46462
46463
46464
46465
46466
46467
46469
46471
46472
46474
46478
46479
46480
46481
46482
46484
46485
46490
46491
46492
46493
46494
46495
46500
46501
46505
46508
46509
46517
46518
46519
46520
46521
46522
46525
46526
46528
46529
46531
46532
46534
46536
46537
46540
46541
46543
46544
46549
46554
46556
46557
46560
46567
46568
46570
46571
46573
46574
46575
46577
46579
46581
46582
46586
46587
46589
46590
46591
46592
46595
46596
46598
46602
46604
46607
46608
46609
46610
46611
46614
46616
46617
46619
46620
46621
46622
46625
46627
46629
46630
46631
46632
46633
46634
46636
46649
46651
46654
46655
46656
46657
46659
46660
46663
46668
46670
46671
46674
46676
46680
46687
46689
46691
46692
46693
46694
46695
46696
46699
46702
46703
46705
46707
46708
46710
46714
46720
46721
46723
46724
46726
46727
46728
46729
46730
46731
46732
46734
46735
46736
46737
46738
46739
46742
46744
46747
46749
46751
46755
46756
46757
46758
46759
46761
46762
46765
46767
46768
46772
46773
46774
46776
46778
46779
46780
46781
46782
46783
46785
46789
46790
46791
46792
46793
46796
46797
46798
46799
46800
46804
46805
46806
46808
46813
46814
46815
46819
46824
46825
46826
46830
46833
46834
46838
46839
46840
46841
46842
46847
46848
46849
46850
46851
46853
46854
46855
46863
46865
46867
46868
46870
46871
46876
46877
46878
46880
46881
46884
46886
46887
46889
46890
46892
46894
46899
46902
46903
46904
46907
46908
46909
46910
46913
46914
46916
46921
46922
46923
46924
46925
46927
46928
46929
46930
46931
46933
46936
46937
46939
46940
46941
46943
46945
46946
46949
46950
46952
46954
46956
46957
46958
46962
46965
46966
46968
46972
46973
46974
46977
46980
46981
46982
46983
46984
46986
46987
46988
46989
46990
46992
46997
46999
47000
47003
47004
47006
47007
47010
47011
47013
47017
47021
47022
47023
47026
47029
47032
47033
47034
47038
47044
47045
47046
47051
47054
47057
47058
47062
47063
47064
47065
47067
47072
47074
47079
47082
47083
47089
47092
47093
47094
47095
47096
47097
47098
47099
47103
47104
47105
47106
47108
47111
47112
47114
47115
47116
47117
47118
47119
47121
47122
47123
47124
47125
47126
47127
47128
47129
47130
47132
47133
47134
47136
47137
47138
47139
47140
47141
47143
47145
47147
47149
47153
47154
47156
47157
47159
47160
47161
47162
47163
47164
47165
47171
47172
47173
47175
47179
47180
47181
47182
47186
47187
47188
47190
47191
47192
47193
47194
47197
47198
47201
47202
47203
47204
47206
47210
47211
47214
47215
47216
47217
47218
47219
47221
47225
47226
47229
47235
47236
47237
47238
47239
47241
47243
47245
47246
47248
47249
47252
47255
47257
47264
47265
47266
47268
47271
47272
47273
47277
47279
47280
47281
47283
47285
47286
47288
47289
47290
47292
47294
47295
47298
47299
47300
47301
47302
47303
47305
47307
47308
47309
47310
47311
47312
47313
47318
47319
47321
47322
47324
47325
47326
47328
47332
47334
47336
47338
47339
47341
47342
47345
47346
47347
47351
47352
47353
47354
47355
47357
47361
47362
47363
47364
47366
47367
47368
47371
47372
47374
47375
47377
47380
47383
47386
47387
47388
47389
47391
47392
47396
47397
47399
47401
47402
47404
47407
47409
47410
47411
47415
47417
47419
47420
47421
47422
47423
47424
47426
47427
47428
47432
47433
47435
47436
47437
47438
47440
47441
47442
47443
47444
47445
47446
47448
47450
47451
47452
47455
47456
47457
47459
47460
47461
47464
47466
47469
47470
47471
47472
47473
47475
47476
47477
47478
47479
47480
47481
47482
47484
47488
47492
47493
47495
47496
47499
47500
47501
47502
47503
47506
47508
47512
47514
47517
47520
47522
47523
47524
47532
47533
47534
47535
47538
47540
47543
47544
47546
47548
47550
47551
47553
47554
47555
47563
47564
47567
47572
47573
47575
47577
47579
47580
47582
47584
47585
47587
47588
47589
47590
47591
47596
47597
47599
47601
47602
47603
47605
47607
47614
47615
47616
47620
47621
47622
47624
47625
47626
47627
47628
47630
47631
47632
47634
47639
47640
47642
47644
47645
47646
47648
47650
47651
47652
47654
47655
47656
47658
47659
47661
47663
47665
47667
47669
47673
47675
47676
47678
47681
47682
47685
47687
47688
47690
47691
47692
47696
47697
47699
47700
47701
47702
47703
47707
47709
47710
47711
47712
47713
47714
47716
47717
47718
47719
47720
47722
47723
47725
47727
47728
47729
47730
47731
47732
47733
47734
47736
47737
47739
47740
47741
47742
47744
47746
47748
47749
47752
47753
47754
47755
47756
47757
47759
47760
47763
47764
47766
47767
47768
47769
47770
47771
47772
47773
47774
47775
47779
47780
47781
47785
47788
47789
47790
47793
47794
47795
47796
47798
47799
47800
47801
47802
47804
47805
47806
47807
47808
47812
47813
47818
47821
47822
47823
47824
47829
47830
47831
47833
47834
47837
47838
47840
47842
47843
47846
47848
47849
47851
47852
47855
47857
47858
47859
47861
47862
47863
47865
47866
47868
47869
47870
47874
47875
47876
47880
47881
47883
47884
47885
47887
47889
47890
47891
47892
47894
47895
47897
47898
47900
47901
47902
47905
47906
47907
47910
47913
47917
47918
47919
47920
47925
47926
47927
47928
47930
47932
47933
47934
47935
47939
47940
47944
47946
47948
47952
47953
47954
47955
47956
47957
47959
47961
47962
47964
47970
47971
47973
47974
47975
47976
47977
47978
47979
47980
47983
47984
47985
47986
47988
47989
47991
47993
47994
47996
47997
47999
48000
48002
48004
48005
48007
48008
48011
48013
48016
48018
48020
48021
48024
48025
48026
48029
48030
48032
48033
48034
48036
48037
48038
48039
48040
48041
48042
48043
48044
48047
48052
48054
48055
48057
48062
48063
48064
48066
48068
48069
48070
48071
48072
48073
48074
48076
48078
48080
48081
48082
48085
48087
48088
48090
48092
48093
48095
48097
48098
48099
48102
48103
48109
48110
48112
48113
48114
48116
48117
48119
48120
48122
48124
48125
48127
48128
48129
48130
48135
48136
48137
48138
48139
48142
48143
48145
48147
48148
48151
48152
48153
48154
48155
48158
48159
48162
48163
48164
48166
48167
48168
48169
48170
48173
48174
48178
48179
48180
48181
48184
48185
48187
48190
48196
48200
48202
48203
48204
48205
48206
48212
48213
48214
48215
48217
48218
48219
48220
48221
48222
48225
48227
48230
48231
48232
48233
48235
48236
48237
48241
48242
48245
48251
48258
48260
48263
48264
48265
48270
48271
48272
48275
48279
48282
48287
48288
48289
48290
48292
48293
48296
48297
48298
48300
48301
48302
48304
48306
48307
48308
48310
48311
48312
48315
48316
48317
48318
48320
48322
48325
48327
48330
48335
48336
48337
48338
48339
48340
48342
48343
48344
48345
48348
48351
48352
48353
48354
48356
48357
48359
48360
48361
48363
48364
48366
48370
48371
48372
48373
48374
48375
48376
48377
48379
48382
48386
48387
48389
48390
48393
48394
48395
48396
48397
48399
48400
48401
48403
48404
48407
48408
48409
48411
48412
48416
48417
48418
48419
48420
48421
48422
48424
48427
48428
48430
48434
48437
48438
48440
48441
48442
48443
48445
48446
48452
48453
48454
48455
48458
48459
48461
48462
48465
48468
48470
48473
48475
48478
48481
48482
48483
48485
48489
48496
48497
48501
48503
48504
48505
48507
48508
48509
48510
48512
48515
48518
48520
48522
48524
48526
48528
48529
48536
48538
48540
48542
48547
48549
48551
48553
48554
48560
48562
48563
48564
48566
48567
48568
48569
48570
48571
48572
48574
48575
48576
48577
48578
48580
48582
48583
48585
48588
48592
48593
48594
48596
48600
48601
48604
48606
48608
48611
48612
48615
48621
48622
48624
48625
48628
48630
48631
48632
48633
48635
48636
48637
48639
48641
48644
48645
48647
48650
48652
48654
48656
48657
48658
48659
48660
48661
48663
48665
48666
48667
48668
48669
48671
48672
48673
48675
48677
48678
48679
48680
48683
48685
48689
48690
48693
48694
48696
48698
48699
48700
48702
48704
48706
48707
48708
48710
48713
48717
48718
48721
48725
48727
48728
48730
48733
48734
48736
48738
48739
48740
48743
48744
48749
48753
48754
48757
48758
48759
48761
48763
48768
48770
48773
48775
48778
48779
48781
48782
48784
48786
48788
48790
48791
48793
48794
48795
48796
48798
48804
48805
48806
48808
48809
48810
48811
48812
48814
48818
48819
48820
48821
48825
48826
48833
48837
48839
48841
48843
48845
48851
48854
48855
48856
48857
48860
48864
48865
48866
48868
48870
48872
48876
48877
48879
48880
48881
48886
48887
48889
48890
48891
48892
48893
48894
48895
48898
48903
48905
48906
48907
48908
48909
48911
48912
48913
48917
48918
48919
48920
48922
48926
48927
48928
48929
48930
48932
48934
48935
48937
48939
48942
48945
48947
48948
48950
48953
48955
48956
48957
48959
48962
48963
48964
48965
48967
48968
48970
48971
48973
48975
48976
48977
48978
48979
48982
48983
48985
48986
48992
48993
48994
48997
48998
48999
49001
49002
49004
49006
49007
49008
49010
49011
49012
49014
49015
49017
49019
49020
49021
49022
49023
49024
49026
49028
49029
49031
49032
49035
49036
49039
49040
49041
49042
49044
49045
49047
49051
49054
49055
49059
49061
49062
49063
49064
49065
49066
49068
49069
49070
49072
49077
49079
49080
49082
49087
49088
49096
49097
49101
49105
49106
49107
49110
49112
49113
49114
49117
49120
49121
49124
49125
49126
49128
49129
49131
49132
49133
49134
49135
49139
49140
49141
49142
49143
49146
49147
49148
49153
49154
49155
49157
49158
49159
49161
49162
49164
49165
49168
49169
49170
49171
49172
49174
49175
49183
49184
49186
49187
49188
49189
49190
49191
49192
49197
49198
49203
49204
49205
49208
49210
49211
49213
49215
49216
49217
49219
49221
49222
49223
49227
49228
49231
49232
49236
49237
49238
49241
49242
49243
49245
49246
49247
49248
49251
49252
49256
49257
49259
49261
49262
49264
49265
49266
49267
49268
49269
49273
49274
49276
49278
49279
49280
49282
49283
49284
49287
49288
49289
49290
49291
49292
49293
49297
49298
49300
49305
49309
49310
49314
49315
49318
49320
49322
49323
49324
49325
49326
49329
49330
49331
49332
49333
49334
49337
49339
49340
49343
49345
49346
49347
49348
49349
49350
49351
49352
49353
49354
49359
49360
49362
49364
49365
49368
49369
49372
49374
49375
49376
49377
49378
49380
49382
49386
49387
49388
49389
49390
49393
49395
49398
49400
49403
49405
49406
49407
49409
49414
49415
49416
49418
49422
49423
49424
49428
49430
49432
49434
49438
49439
49442
49443
49445
49449
49450
49452
49455
49456
49457
49458
49459
49461
49462
49463
49464
49465
49468
49470
49471
49472
49477
49481
49482
49484
49485
49487
49489
49492
49493
49495
49496
49497
49501
49502
49507
49509
49512
49513
49514
49516
49517
49520
49522
49527
49531
49534
49536
49539
49540
49544
49545
49547
49548
49550
49552
49553
49554
49555
49556
49558
49559
49560
49562
49563
49564
49567
49568
49571
49572
49573
49575
49578
49579
49580
49581
49582
49583
49584
49586
49587
49591
49593
49595
49596
49597
49600
49601
49605
49606
49608
49617
49618
49620
49621
49622
49623
49624
49625
49627
49629
49632
49634
49635
49639
49644
49647
49648
49649
49650
49651
49653
49654
49655
49656
49657
49662
49663
49664
49669
49671
49672
49673
49675
49676
49677
49681
49682
49683
49684
49690
49692
49693
49694
49695
49696
49697
49699
49701
49702
49703
49705
49707
49708
49709
49710
49711
49712
49713
49714
49715
49716
49717
49718
49719
49720
49721
49722
49723
49724
49725
49728
49729
49731
49733
49735
49739
49741
49743
49748
49752
49753
49754
49756
49760
49761
49763
49764
49765
49766
49767
49769
49771
49773
49774
49776
49781
49784
49785
49787
49788
49790
49792
49795
49796
49798
49799
49801
49802
49804
49809
49810
49813
49819
49820
49823
49825
49826
49827
49830
49831
49832
49835
49837
49839
49840
49841
49843
49844
49845
49847
49848
49850
49852
49858
49859
49861
49863
49866
49868
49869
49870
49873
49874
49875
49876
49877
49878
49879
49880
49881
49882
49883
49884
49886
49887
49889
49890
49891
49895
49897
49898
49900
49901
49902
49904
49907
49908
49913
49915
49916
49917
49918
49919
49921
49922
49923
49924
49926
49927
49928
49929
49930
49931
49934
49935
49936
49940
49941
49942
49945
49946
49948
49953
49959
49960
49961
49962
49964
49966
49967
49970
49971
49972
49973
49976
49979
49980
49982
49986
49988
49989
49990
49991
49994
49996
49999
50003
50004
50005
50006
50009
50011
50019
50021
50025
50026
50029
50030
50031
50033
50036
50038
50042
50049
50050
50053
50054
50055
50056
50057
50060
50062
50063
50066
50067
50068
50073
50076
50077
50078
50080
50081
50082
50083
50086
50087
50089
50090
50093
50094
50098
50101
50103
50105
50106
50107
50110
50113
50114
50116
50118
50120
50121
50123
50124
50125
50128
50129
50131
50132
50136
50137
50139
50143
50145
50147
50149
50151
50152
50153
50154
50155
50157
50161
50163
50167
50169
50170
50174
50175
50176
50178
50180
50183
50184
50186
50187
50188
50190
50191
50192
50194
50195
50196
50199
50201
50202
50203
50206
50207
50213
50215
50216
50222
50223
50224
50225
50226
50229
50232
50233
50242
50244
50245
50246
50247
50249
50251
50252
50254
50255
50257
50258
50259
50263
50264
50266
50269
50274
50277
50278
50285
50288
50289
50291
50292
50294
50296
50297
50298
50299
50304
50310
50311
50317
50318
50319
50321
50322
50324
50330
50331
50333
50336
50337
50339
50340
50341
50342
50343
50345
50346
50348
50349
50350
50352
50354
50357
50358
50359
50360
50361
50362
50365
50367
50368
50370
50371
50372
50373
50374
50376
50377
50381
50382
50383
50384
50385
50387
50389
50390
50396
50397
50398
50402
50405
50408
50409
50410
50413
50414
50415
50416
50422
50423
50425
50426
50427
50435
50436
50437
50445
50446
50447
50450
50451
50453
50454
50457
50458
50460
50461
50463
50465
50467
50468
50469
50472
50477
50480
50485
50486
50490
50491
50492
50495
50496
50500
50503
50504
50507
50508
50509
50510
50511
50515
50517
50520
50522
50523
50524
50525
50526
50528
50529
50530
50531
50534
50536
50537
50538
50539
50541
50543
50545
50546
50547
50557
50561
50562
50564
50568
50569
50570
50572
50573
50574
50578
50579
50580
50584
50585
50586
50588
50589
50591
50595
50597
50599
50601
50606
50609
50610
50611
50612
50613
50615
50616
50617
50618
50622
50623
50624
50629
50634
50635
50636
50637
50638
50639
50640
50641
50642
50645
50646
50647
50648
50651
50652
50653
50654
50656
50657
50658
50660
50661
50664
50666
50667
50669
50671
50675
50679
50680
50681
50683
50686
50688
50689
50693
50695
50697
50698
50699
50700
50701
50702
50703
50704
50705
50706
50707
50708
50712
50713
50714
50715
50716
50717
50718
50719
50724
50725
50726
50727
50729
50730
50731
50732
50733
50734
50735
50738
50743
50746
50747
50749
50750
50751
50752
50753
50754
50757
50760
50763
50766
50767
50776
50779
50781
50782
50785
50786
50788
50789
50791
50792
50793
50794
50797
50799
50802
50803
50804
50808
50810
50811
50812
50813
50817
50820
50823
50826
50831
50832
50837
50838
50841
50842
50844
50845
50846
50847
50849
50850
50852
50853
50855
50857
50861
50866
50867
50868
50869
50870
50871
50873
50875
50876
50877
50879
50881
50882
50885
50891
50893
50897
50900
50901
50902
50903
50904
50905
50907
50908
50909
50912
50913
50921
50923
50925
50927
50932
50933
50935
50938
50939
50944
50945
50947
50949
50951
50953
50956
50957
50958
50959
50960
50962
50965
50966
50967
50968
50970
50971
50974
50977
50981
50982
50983
50986
50988
50989
50990
50991
50992
50993
50996
50998
50999
51000
51001
51004
51005
51008
51009
51010
51011
51012
51013
51018
51021
51024
51026
51027
51028
51030
51031
51033
51034
51035
51036
51038
51039
51041
51042
51043
51044
51046
51047
51049
51053
51054
51055
51057
51058
51059
51060
51061
51062
51065
51067
51068
51070
51071
51072
51073
51074
51076
51077
51078
51079
51081
51083
51085
51086
51087
51088
51089
51090
51091
51092
51093
51095
51098
51099
51101
51102
51103
51104
51105
51108
51110
51112
51113
51116
51117
51118
51119
51120
51122
51128
51129
51133
51136
51137
51138
51139
51140
51141
51142
51145
51148
51151
51152
51154
51155
51157
51158
51162
51165
51168
51171
51175
51177
51178
51179
51180
51183
51184
51187
51188
51190
51191
51192
51193
51194
51197
51198
51200
51201
51202
51203
51204
51205
51207
51211
51212
51214
51215
51216
51217
51220
51221
51223
51224
51227
51230
51231
51234
51236
51238
51241
51245
51246
51247
51248
51249
51253
51256
51262
51263
51266
51268
51269
51272
51273
51274
51275
51277
51278
51279
51280
51284
51285
51286
51287
51288
51290
51292
51293
51296
51300
51301
51302
51303
51305
51306
51307
51308
51310
51311
51315
51316
51317
51319
51323
51326
51333
51334
51335
51337
51338
51339
51342
51343
51344
51347
51349
51352
51353
51355
51362
51365
51366
51368
51369
51370
51372
51376
51379
51380
51382
51384
51385
51387
51389
51390
51392
51394
51401
51403
51404
51406
51407
51408
51412
51415
51416
51422
51424
51425
51426
51427
51431
51433
51435
51439
51442
51443
51444
51448
51449
51451
51453
51454
51456
51457
51460
51461
51462
51465
51468
51469
51470
51471
51473
51476
51480
51481
51483
51487
51488
51491
51492
51493
51494
51495
51496
51497
51498
51499
51501
51503
51507
51508
51509
51511
51512
51514
51515
51516
51517
51520
51523
51525
51526
51527
51529
51532
51535
51536
51539
51540
51541
51543
51544
51545
51546
51556
51558
51560
51566
51567
51570
51571
51572
51574
51576
51577
51578
51579
51581
51583
51586
51587
51588
51590
51591
51594
51595
51596
51598
51599
51600
51601
51602
51603
51605
51609
51611
51614
51617
51618
51619
51621
51622
51623
51624
51626
51630
51633
51634
51635
51636
51637
51638
51640
51642
51644
51648
51651
51654
51655
51657
51658
51663
51664
51666
51667
51669
51670
51671
51672
51673
51674
51675
51678
51680
51681
51682
51689
51691
51693
51694
51695
51696
51698
51699
51700
51702
51703
51704
51706
51712
51714
51719
51720
51721
51723
51728
51729
51730
51733
51735
51739
51740
51741
51742
51743
51744
51746
51748
51755
51756
51758
51761
51762
51763
51765
51770
51772
51774
51775
51779
51783
51784
51785
51786
51790
51792
51796
51797
51800
51803
51804
51805
51807
51812
51814
51815
51819
51826
51831
51833
51834
51835
51836
51837
51839
51842
51844
51850
51851
51852
51854
51855
51859
51860
51861
51862
51864
51866
51867
51870
51871
51873
51874
51875
51877
51878
51880
51881
51882
51883
51884
51885
51886
51887
51888
51889
51890
51891
51892
51893
51894
51895
51896
51899
51900
51902
51903
51905
51906
51908
51912
51913
51915
51916
51918
51920
51922
51923
51924
51925
51927
51928
51929
51932
51934
51937
51938
51940
51944
51946
51948
51950
51952
51953
51958
51960
51964
51965
51967
51969
51972
51975
51976
51979
51980
51981
51983
51984
51985
51987
51988
51989
51990
51993
51994
51997
52000
52001
52004
52006
52007
52013
52014
52015
52016
52017
52019
52021
52025
52026
52028
52031
52032
52033
52035
52039
52041
52042
52047
52048
52049
52053
52055
52057
52058
52059
52060
52061
52062
52063
52065
52066
52067
52068
52070
52071
52072
52077
52078
52079
52080
52081
52082
52084
52086
52089
52091
52092
52097
52100
52101
52105
52106
52109
52111
52112
52113
52115
52116
52117
52119
52120
52123
52124
52125
52126
52129
52131
52133
52135
52140
52141
52145
52146
52149
52150
52152
52155
52157
52160
52166
52167
52170
52172
52175
52176
52178
52179
52180
52182
52183
52186
52187
52189
52191
52192
52194
52195
52197
52198
52199
52200
52201
52202
52204
52207
52208
52211
52213
52214
52215
52217
52218
52220
52222
52223
52224
52226
52227
52230
52232
52233
52234
52237
52238
52240
52242
52243
52244
52248
52250
52251
52254
52256
52257
52262
52264
52265
52267
52268
52270
52275
52276
52278
52279
52280
52281
52285
52287
52288
52290
52292
52293
52294
52295
52297
52298
52300
52302
52303
52304
52305
52307
52309
52310
52311
52314
52319
52321
52322
52326
52327
52329
52332
52336
52337
52338
52339
52340
52341
52342
52343
52345
52346
52347
52349
52350
52351
52352
52353
52354
52357
52358
52361
52363
52367
52368
52369
52371
52372
52373
52374
52376
52377
52379
52382
52386
52390
52391
52393
52394
52395
52396
52397
52401
52403
52404
52405
52406
52407
52409
52410
52411
52412
52415
52416
52417
52422
52424
52426
52430
52433
52434
52436
52437
52438
52439
52443
52444
52446
52447
52448
52450
52451
52452
52453
52455
52456
52457
52458
52459
52462
52464
52465
52467
52468
52469
52473
52475
52476
52477
52481
52483
52486
52487
52488
52492
52493
52494
52496
52498
52499
52500
52502
52507
52511
52513
52514
52515
52516
52517
52518
52519
52524
52525
52527
52535
52537
52538
52540
52542
52546
52549
52554
52555
52557
52560
52561
52562
52563
52565
52567
52571
52573
52574
52575
52576
52579
52581
52582
52584
52586
52588
52589
52591
52594
52595
52599
52603
52604
52608
52609
52610
52611
52613
52615
52616
52617
52618
52620
52622
52623
52624
52625
52629
52634
52636
52640
52641
52642
52643
52645
52648
52652
52653
52654
52655
52657
52659
52662
52663
52665
52667
52670
52671
52679
52680
52682
52684
52685
52688
52691
52694
52696
52705
52707
52709
52710
52711
52712
52714
52721
52722
52723
52724
52725
52726
52729
52730
52731
52732
52733
52734
52735
52736
52738
52740
52741
52742
52744
52745
52746
52747
52748
52749
52751
52752
52754
52758
52759
52760
52761
52763
52764
52765
52770
52771
52773
52775
52777
52778
52779
52781
52782
52783
52784
52785
52788
52789
52791
52794
52795
52796
52801
52805
52810
52811
52812
52815
52817
52819
52820
52821
52822
52823
52824
52825
52827
52828
52830
52833
52835
52837
52838
52840
52841
52842
52845
52847
52848
52850
52851
52852
52853
52855
52857
52859
52863
52865
52866
52870
52871
52876
52877
52878
52883
52887
52889
52891
52893
52894
52895
52896
52897
52898
52901
52902
52903
52904
52906
52907
52910
52911
52915
52916
52917
52919
52920
52922
52924
52929
52931
52932
52933
52934
52936
52938
52939
52940
52942
52945
52947
52949
52951
52953
52954
52955
52956
52957
52960
52961
52965
52966
52967
52968
52969
52970
52973
52975
52977
52979
52984
52990
52991
52992
52993
52994
52998
53003
53004
53007
53010
53011
53012
53013
53014
53015
53016
53017
53019
53020
53021
53022
53023
53024
53030
53031
53032
53033
53036
53037
53038
53039
53040
53042
53043
53044
53045
53046
53049
53050
53051
53054
53055
53057
53058
53060
53063
53064
53065
53069
53070
53071
53072
53073
53074
53075
53076
53077
53078
53079
53080
53082
53084
53085
53087
53090
53092
53094
53096
53100
53101
53102
53103
53104
53105
53106
53107
53108
53109
53111
53112
53113
53114
53115
53116
53117
53121
53123
53125
53126
53127
53130
53132
53133
53137
53140
53141
53142
53143
53145
53146
53147
53150
53152
53156
53158
53159
53160
53162
53163
53164
53166
53167
53170
53172
53174
53176
53177
53180
53182
53183
53184
53187
53189
53192
53193
53194
53196
53198
53199
53201
53203
53205
53206
53207
53208
53211
53215
53217
53221
53225
53228
53230
53235
53236
53237
53238
53239
53244
53245
53246
53251
53257
53258
53259
53260
53261
53264
53265
53266
53268
53269
53270
53271
53274
53276
53277
53278
53280
53281
53284
53286
53287
53290
53292
53293
53294
53296
53297
53300
53302
53303
53304
53306
53307
53308
53309
53310
53312
53315
53316
53318
53319
53320
53321
53322
53324
53326
53327
53330
53331
53332
53337
53339
53343
53344
53345
53347
53350
53353
53354
53356
53358
53359
53361
53365
53366
53368
53369
53372
53374
53376
53377
53379
53380
53384
53385
53387
53388
53390
53392
53394
53395
53399
53400
53405
53412
53413
53414
53415
53417
53420
53423
53424
53427
53431
53432
53434
53435
53436
53437
53439
53440
53441
53442
53443
53444
53447
53452
53453
53457
53458
53459
53461
53462
53463
53466
53470
53474
53475
53479
53481
53482
53489
53490
53495
53499
53503
53509
53510
53512
53513
53516
53517
53518
53520
53523
53526
53527
53531
53532
53533
53535
53536
53537
53540
53542
53543
53544
53549
53551
53557
53559
53562
53564
53566
53567
53569
53570
53571
53572
53573
53574
53577
53578
53579
53580
53581
53582
53583
53589
53590
53595
53596
53597
53598
53600
53601
53602
53605
53608
53609
53610
53611
53612
53613
53615
53616
53617
53618
53621
53624
53625
53627
53628
53630
53631
53632
53634
53635
53636
53637
53639
53640
53642
53643
53644
53645
53646
53650
53654
53656
53659
53661
53663
53665
53668
53669
53670
53672
53675
53676
53677
53678
53679
53682
53683
53688
53699
53700
53701
53702
53703
53704
53707
53708
53709
53710
53711
53712
53714
53718
53720
53722
53723
53724
53725
53730
53731
53733
53739
53740
53744
53746
53747
53749
53750
53752
53753
53754
53757
53758
53759
53760
53761
53765
53766
53767
53769
53772
53773
53775
53776
53778
53779
53780
53782
53784
53785
53786
53792
53793
53794
53795
53800
53802
53803
53809
53810
53811
53812
53815
53817
53818
53820
53822
53823
53824
53825
53826
53829
53832
53833
53835
53836
53837
53838
53839
53840
53842
53843
53844
53846
53850
53851
53852
53854
53856
53857
53858
53859
53861
53862
53863
53864
53865
53866
53867
53868
53870
53873
53876
53877
53878
53879
53880
53882
53884
53886
53888
53889
53893
53895
53897
53898
53899
53901
53902
53903
53904
53905
53908
53913
53915
53916
53917
53919
53924
53925
53927
53928
53931
53933
53937
53942
53945
53946
53947
53950
53951
53953
53954
53955
53959
53960
53961
53963
53968
53969
53971
53974
53975
53976
53977
53980
53981
53982
53983
53985
53987
53989
53990
53991
53992
53993
53995
53996
53998
54001
54003
54004
54005
54006
54008
54009
54013
54014
54015
54018
54022
54024
54026
54027
54029
54030
54031
54032
54033
54038
54040
54044
54047
54048
54051
54052
54055
54056
54057
54058
54065
54066
54067
54068
54069
54070
54072
54073
54079
54080
54081
54082
54084
54087
54088
54089
54091
54092
54093
54094
54095
54096
54097
54099
54100
54102
54103
54106
54107
54109
54111
54113
54114
54115
54116
54117
54118
54119
54120
54124
54129
54130
54131
54132
54133
54135
54138
54139
54140
54141
54145
54148
54150
54152
54154
54155
54157
54159
54163
54165
54167
54168
54170
54172
54173
54174
54177
54178
54181
54184
54185
54186
54189
54190
54195
54197
54200
54202
54205
54209
54210
54214
54215
54217
54218
54220
54222
54223
54226
54227
54229
54233
54235
54236
54239
54241
54243
54245
54246
54247
54250
54251
54253
54254
54255
54256
54260
54261
54262
54263
54264
54265
54266
54267
54268
54270
54271
54275
54276
54277
54278
54279
54280
54281
54284
54285
54287
54288
54289
54293
54294
54295
54296
54301
54302
54304
54305
54306
54307
54310
54312
54313
54314
54315
54317
54318
54324
54327
54328
54329
54331
54333
54335
54338
54342
54344
54346
54350
54359
54360
54362
54363
54365
54367
54369
54370
54372
54374
54376
54377
54378
54379
54381
54382
54383
54384
54385
54386
54388
54390
54391
54392
54393
54394
54395
54396
54397
54399
54400
54402
54407
54408
54409
54412
54419
54422
54425
54428
54429
54430
54431
54433
54434
54435
54436
54437
54439
54440
54441
54444
54445
54446
54447
54449
54450
54452
54453
54454
54455
54457
54458
54461
54462
54466
54467
54468
54472
54473
54474
54476
54478
54481
54484
54485
54488
54489
54493
54497
54498
54503
54504
54507
54508
54509
54515
54518
54520
54522
54527
54528
54529
54531
54532
54533
54536
54539
54541
54545
54551
54553
54554
54556
54557
54558
54559
54561
54562
54563
54564
54565
54568
54569
54570
54572
54574
54576
54577
54578
54582
54587
54588
54589
54590
54591
54592
54595
54597
54598
54600
54603
54605
54607
54608
54613
54614
54616
54617
54619
54621
54622
54624
54625
54627
54628
54630
54632
54633
54634
54638
54639
54641
54644
54649
54656
54659
54661
54663
54664
54665
54667
54668
54670
54673
54675
54677
54679
54680
54681
54686
54687
54691
54692
54693
54695
54697
54698
54699
54703
54706
54707
54708
54709
54712
54713
54714
54716
54717
54719
54723
54731
54733
54734
54738
54740
54741
54743
54744
54748
54750
54751
54752
54754
54757
54759
54760
54763
54768
54769
54770
54771
54774
54775
54778
54780
54782
54789
54791
54794
54796
54797
54802
54805
54806
54808
54809
54810
54811
54813
54814
54817
54818
54820
54824
54825
54826
54829
54830
54833
54834
54835
54839
54840
54842
54843
54845
54851
54852
54853
54854
54855
54858
54859
54863
54864
54866
54867
54869
54874
54875
54877
54878
54879
54881
54883
54890
54891
54894
54896
54902
54903
54907
54909
54911
54917
54922
54929
54931
54934
54935
54938
54944
54945
54952
54953
54954
54958
54960
54961
54962
54964
54965
54966
54967
54968
54969
54974
54976
54978
54979
54980
54982
54985
54986
54987
54988
54991
54992
54993
54996
54998
55000
55005
55006
55007
55008
55009
55010
55011
55015
55016
55018
55020
55021
55024
55025
55026
55027
55029
55031
55032
55033
55034
55036
55037
55038
55045
55046
55047
55048
55049
55053
55066
55067
55072
55073
55074
55076
55078
55079
55080
55081
55087
55089
55090
55091
55092
55096
55099
55100
55101
55106
55108
55110
55111
55112
55113
55114
55116
55117
55119
55120
55121
55123
55124
55127
55129
55130
55131
55135
55139
55140
55141
55142
55143
55144
55146
55147
55148
55149
55150
55152
55153
55154
55156
55158
55161
55163
55167
55169
55170
55171
55172
55173
55175
55180
55182
55186
55189
55190
55194
55201
55209
55213
55214
55216
55217
55219
55221
55223
55226
55227
55228
55233
55234
55236
55238
55240
55241
55243
55244
55245
55247
55249
55250
55251
55254
55256
55260
55266
55267
55268
55269
55273
55274
55275
55276
55278
55279
55281
55285
55288
55289
55290
55291
55293
55295
55297
55298
55299
55301
55304
55305
55306
55307
55308
55309
55311
55312
55314
55316
55318
55319
55320
55322
55323
55328
55333
55334
55335
55340
55342
55343
55344
55347
55348
55352
55354
55357
55359
55360
55362
55363
55365
55370
55371
55373
55374
55375
55379
55380
55383
55384
55385
55387
55393
55394
55396
55397
55399
55400
55402
55403
55404
55405
55406
55408
55409
55410
55411
55413
55415
55417
55423
55426
55427
55428
55431
55432
55434
55435
55436
55438
55439
55440
55441
55442
55444
55447
55450
55451
55456
55457
55460
55462
55463
55464
55465
55468
55471
55478
55479
55482
55483
55484
55487
55489
55491
55492
55494
55496
55497
55501
55502
55503
55504
55507
55508
55512
55513
55516
55520
55523
55524
55525
55528
55529
55530
55531
55538
55541
55543
55544
55546
55547
55549
55551
55552
55553
55556
55557
55558
55559
55564
55565
55569
55571
55573
55574
55577
55579
55581
55583
55588
55589
55592
55594
55600
55601
55602
55606
55607
55609
55610
55613
55616
55619
55620
55623
55624
55626
55627
55630
55632
55635
55636
55637
55639
55640
55643
55646
55647
55649
55653
55656
55657
55658
55661
55665
55669
55670
55671
55673
55675
55677
55680
55682
55683
55684
55685
55686
55687
55688
55689
55691
55692
55694
55695
55697
55700
55703
55705
55706
55707
55709
55711
55712
55713
55714
55717
55718
55719
55721
55722
55723
55727
55728
55729
55730
55731
55733
55734
55735
55736
55737
55739
55740
55742
55743
55744
55747
55748
55753
55755
55762
55763
55769
55771
55773
55774
55775
55776
55778
55779
55781
55783
55786
55788
55789
55790
55791
55792
55793
55798
55799
55802
55803
55804
55807
55808
55810
55811
55812
55813
55814
55816
55818
55820
55821
55823
55824
55825
55827
55831
55832
55833
55834
55839
55841
55842
55848
55849
55851
55852
55853
55854
55856
55857
55860
55864
55868
55869
55874
55875
55876
55877
55878
55879
55882
55883
55884
55885
55889
55891
55897
55899
55900
55901
55906
55910
55911
55914
55915
55917
55918
55919
55921
55922
55925
55926
55927
55930
55931
55933
55938
55941
55943
55944
55945
55946
55947
55949
55950
55951
55953
55955
55956
55957
55959
55960
55961
55965
55968
55971
55972
55975
55976
55979
55980
55981
55983
55984
55985
55989
55992
55993
55994
56001
56002
56004
56006
56009
56010
56011
56014
56017
56018
56021
56024
56028
56029
56030
56031
56037
56039
56040
56041
56045
56054
56056
56059
56060
56061
56062
56065
56066
56067
56068
56072
56073
56074
56075
56077
56081
56082
56084
56092
56095
56098
56099
56105
56107
56108
56111
56113
56114
56115
56117
56120
56121
56122
56123
56124
56125
56127
56128
56129
56130
56132
56133
56134
56138
56139
56141
56142
56144
56147
56148
56150
56157
56160
56161
56163
56164
56165
56166
56168
56170
56172
56173
56175
56180
56183
56184
56185
56187
56189
56190
56193
56195
56199
56200
56201
56202
56205
56206
56207
56212
56214
56215
56216
56221
56222
56225
56227
56228
56232
56234
56239
56240
56242
56243
56246
56247
56248
56249
56250
56253
56255
56256
56257
56259
56260
56262
56265
56266
56267
56268
56270
56271
56276
56277
56279
56280
56285
56289
56290
56291
56292
56293
56301
56304
56306
56307
56308
56317
56320
56321
56325
56326
56327
56328
56330
56332
56338
56339
56341
56343
56346
56349
56352
56355
56356
56358
56360
56363
56364
56366
56367
56368
56369
56371
56373
56374
56376
56377
56378
56380
56383
56385
56392
56394
56395
56397
56400
56401
56404
56405
56406
56407
56410
56415
56416
56421
56424
56427
56430
56433
56434
56435
56437
56438
56439
56440
56441
56443
56445
56446
56450
56451
56452
56453
56455
56459
56460
56461
56462
56464
56465
56466
56467
56470
56476
56477
56478
56480
56482
56483
56484
56485
56486
56489
56490
56491
56492
56495
56496
56497
56498
56502
56506
56507
56511
56512
56513
56518
56521
56525
56526
56531
56534
56535
56536
56538
56539
56542
56545
56546
56547
56548
56550
56552
56553
56554
56556
56558
56559
56561
56564
56568
56570
56571
56577
56578
56579
56581
56583
56589
56590
56593
56594
56597
56598
56602
56603
56604
56605
56606
56611
56612
56613
56615
56621
56623
56626
56627
56630
56631
56634
56644
56645
56647
56649
56650
56652
56653
56654
56656
56660
56662
56665
56670
56671
56672
56678
56679
56680
56682
56684
56686
56689
56690
56691
56695
56696
56697
56698
56699
56700
56701
56702
56707
56708
56713
56714
56715
56716
56718
56721
56723
56724
56725
56726
56727
56728
56729
56733
56735
56736
56738
56741
56742
56743
56745
56748
56749
56751
56753
56756
56759
56761
56764
56768
56771
56772
56774
56776
56778
56779
56780
56788
56791
56793
56794
56795
56796
56800
56801
56805
56807
56808
56809
56810
56812
56818
56819
56820
56821
56822
56823
56826
56829
56830
56832
56833
56834
56835
56837
56838
56840
56853
56855
56856
56857
56858
56860
56866
56867
56868
56870
56871
56874
56877
56879
56881
56882
56884
56885
56887
56888
56896
56897
56898
56899
56900
56903
56905
56907
56909
56911
56912
56913
56917
56919
56920
56922
56924
56925
56928
56930
56932
56933
56934
56936
56940
56941
56943
56944
56946
56948
56949
56950
56951
56952
56953
56954
56956
56959
56964
56966
56967
56970
56972
56974
56977
56980
56983
56984
56986
56988
56991
56992
56993
56996
56997
56999
57000
57003
57004
57006
57009
57010
57011
57013
57014
57019
57020
57021
57024
57027
57028
57029
57032
57035
57036
57038
57041
57042
57043
57044
57045
57048
57049
57053
57054
57057
57058
57060
57061
57062
57063
57064
57066
57068
57069
57070
57071
57074
57075
57077
57078
57079
57081
57082
57084
57085
57086
57088
57093
57095
57102
57104
57106
57108
57110
57112
57116
57118
57123
57124
57126
57127
57129
57130
57138
57139
57140
57141
57146
57147
57148
57150
57151
57152
57153
57154
57156
57157
57158
57160
57164
57166
57167
57171
57172
57173
57175
57177
57178
57181
57183
57185
57186
57190
57191
57194
57195
57199
57200
57201
57202
57205
57207
57208
57210
57212
57214
57215
57216
57218
57220
57221
57223
57224
57227
57229
57230
57231
57233
57235
57236
57237
57238
57239
57241
57242
57246
57247
57248
57249
57250
57252
57254
57255
57256
57260
57261
57262
57263
57265
57267
57268
57269
57271
57273
57278
57283
57284
57285
57287
57289
57292
57294
57296
57297
57298
57304
57306
57308
57311
57312
57315
57316
57317
57320
57324
57326
57328
57330
57331
57334
57336
57338
57339
57341
57347
57348
57350
57353
57354
57355
57357
57359
57360
57367
57369
57372
57373
57376
57378
57388
57389
57393
57394
57396
57398
57399
57402
57405
57409
57410
57411
57413
57415
57416
57417
57418
57419
57424
57431
57434
57436
57438
57440
57441
57442
57448
57449
57450
57454
57455
57456
57457
57458
57460
57463
57464
57465
57467
57468
57469
57471
57475
57477
57478
57479
57480
57482
57483
57487
57488
57489
57491
57492
57496
57498
57499
57503
57504
57508
57509
57512
57513
57515
57517
57518
57520
57530
57532
57533
57534
57535
57536
57537
57538
57542
57545
57547
57548
57550
57551
57552
57554
57555
57556
57559
57563
57569
57570
57571
57572
57573
57574
57575
57576
57582
57586
57589
57590
57592
57593
57595
57596
57598
57599
57600
57601
57603
57605
57607
57609
57610
57615
57617
57619
57620
57621
57623
57624
57625
57626
57628
57629
57634
57636
57639
57643
57644
57645
57646
57647
57650
57653
57655
57658
57660
57661
57664
57666
57667
57668
57670
57675
57677
57679
57680
57683
57684
57687
57688
57689
57690
57691
57696
57703
57704
57705
57707
57708
57709
57711
57712
57713
57714
57715
57716
57717
57724
57728
57731
57732
57734
57735
57736
57739
57740
57742
57745
57746
57749
57756
57759
57761
57762
57764
57767
57768
57772
57774
57777
57778
57779
57780
57784
57785
57786
57787
57788
57790
57791
57796
57797
57798
57799
57802
57803
57804
57806
57807
57810
57813
57814
57815
57818
57821
57824
57825
57826
57832
57833
57834
57835
57836
57838
57840
57844
57845
57854
57856
57857
57858
57860
57865
57866
57867
57868
57870
57872
57875
57878
57879
57881
57889
57890
57893
57895
57898
57899
57901
57903
57904
57905
57907
57908
57909
57913
57914
57918
57925
57927
57930
57932
57933
57934
57939
57943
57945
57948
57949
57951
57953
57954
57956
57957
57964
57965
57972
57980
57985
57986
57987
57990
57991
57992
57993
57994
57996
57997
57998
57999
58003
58008
58010
58011
58017
58021
58024
58025
58027
58028
58033
58036
58037
58040
58042
58044
58045
58046
58047
58048
58050
58052
58053
58055
58057
58058
58059
58060
58066
58067
58070
58071
58073
58075
58077
58082
58084
58085
58087
58093
58095
58100
58103
58112
58115
58117
58118
58120
58122
58123
58124
58126
58127
58130
58133
58134
58135
58136
58140
58141
58142
58144
58146
58152
58153
58156
58157
58158
58161
58162
58163
58168
58169
58172
58173
58175
58176
58179
58181
58182
58183
58185
58191
58192
58194
58195
58196
58198
58201
58203
58205
58206
58210
58211
58214
58215
58216
58218
58219
58220
58222
58223
58231
58233
58234
58235
58236
58237
58239
58240
58243
58247
58249
58250
58251
58252
58253
58256
58257
58259
58260
58267
58273
58276
58277
58278
58280
58282
58284
58286
58288
58289
58291
58295
58297
58300
58301
58302
58304
58305
58306
58308
58309
58310
58312
58315
58317
58318
58319
58320
58322
58323
58324
58327
58333
58334
58335
58336
58339
58340
58341
58343
58345
58347
58349
58350
58351
58354
58356
58358
58360
58364
58366
58369
58371
58373
58377
58378
58383
58384
58387
58389
58391
58393
58396
58397
58400
58401
58405
58407
58409
58410
58411
58412
58413
58414
58417
58419
58420
58423
58424
58426
58431
58432
58433
58434
58435
58437
58438
58439
58440
58444
58446
58449
58451
58452
58454
58456
58458
58460
58462
58467
58469
58473
58475
58476
58477
58478
58482
58483
58485
58487
58488
58490
58493
58494
58496
58498
58499
58500
58502
58507
58510
58511
58514
58515
58516
58518
58523
58529
58531
58532
58533
58536
58540
58542
58544
58549
58550
58554
58556
58558
58559
58560
58563
58564
58567
58571
58574
58575
58576
58578
58581
58582
58583
58584
58587
58589
58593
58594
58597
58599
58600
58602
58603
58605
58606
58607
58608
58609
58610
58612
58615
58616
58617
58621
58622
58623
58626
58629
58632
58633
58634
58636
58645
58646
58647
58648
58650
58651
58653
58655
58658
58659
58660
58663
58665
58666
58668
58669
58671
58676
58680
58681
58684
58687
58689
58693
58694
58698
58699
58701
58702
58703
58705
58706
58709
58713
58715
58716
58717
58721
58722
58723
58724
58725
58726
58729
58730
58737
58739
58740
58741
58742
58744
58746
58747
58751
58752
58753
58754
58755
58759
58760
58762
58766
58768
58769
58773
58777
58778
58780
58781
58783
58785
58786
58789
58790
58791
58792
58793
58794
58796
58797
58799
58800
58802
58803
58806
58807
58811
58812
58814
58815
58818
58819
58824
58826
58828
58829
58831
58833
58838
58839
58841
58843
58844
58845
58848
58851
58855
58857
58858
58859
58860
58861
58863
58865
58870
58871
58874
58876
58877
58880
58881
58883
58884
58885
58888
58889
58890
58892
58895
58896
58897
58899
58900
58901
58904
58905
58906
58908
58910
58913
58916
58917
58918
58919
58921
58922
58923
58924
58925
58926
58927
58931
58932
58934
58935
58936
58938
58940
58941
58942
58944
58945
58949
58950
58953
58955
58957
58959
58961
58964
58969
58970
58972
58975
58976
58977
58979
58980
58982
58983
58984
58985
58986
58987
58988
58991
58993
58995
58998
59003
59007
59009
59010
59012
59014
59015
59016
59018
59022
59023
59024
59030
59031
59034
59036
59039
59040
59041
59042
59047
59049
59054
59055
59056
59057
59060
59061
59062
59064
59065
59069
59070
59071
59073
59075
59077
59078
59079
59080
59082
59083
59084
59085
59086
59087
59090
59092
59093
59096
59098
59100
59103
59105
59110
59116
59118
59121
59124
59128
59135
59138
59139
59140
59141
59143
59144
59145
59146
59148
59149
59152
59157
59159
59161
59162
59166
59168
59169
59171
59172
59173
59175
59176
59177
59178
59181
59182
59184
59186
59187
59189
59191
59192
59195
59198
59199
59204
59205
59208
59211
59213
59214
59215
59216
59217
59218
59220
59222
59224
59226
59227
59229
59231
59233
59234
59236
59239
59240
59242
59243
59250
59251
59253
59255
59256
59261
59265
59267
59269
59271
59272
59273
59275
59276
59278
59280
59284
59285
59286
59290
59294
59299
59300
59301
59303
59304
59307
59308
59309
59310
59311
59312
59314
59316
59317
59319
59320
59322
59323
59324
59326
59327
59328
59330
59334
59337
59338
59340
59341
59346
59348
59349
59354
59355
59358
59360
59362
59363
59364
59365
59369
59370
59371
59376
59380
59382
59385
59386
59387
59393
59398
59399
59400
59403
59404
59405
59408
59410
59411
59412
59415
59417
59418
59419
59421
59422
59429
59431
59432
59433
59435
59436
59441
59442
59443
59444
59446
59447
59449
59451
59452
59454
59457
59460
59462
59463
59464
59465
59466
59469
59470
59471
59476
59477
59479
59480
59484
59488
59489
59490
59493
59494
59499
59500
59501
59502
59506
59507
59511
59513
59514
59515
59519
59521
59524
59526
59528
59529
59530
59531
59533
59535
59536
59537
59538
59539
59540
59542
59543
59545
59549
59552
59554
59556
59557
59563
59564
59566
59567
59569
59571
59576
59578
59581
59582
59583
59585
59586
59589
59593
59596
59597
59598
59600
59605
59607
59608
59609
59610
59611
59613
59614
59615
59617
59618
59622
59624
59626
59628
59629
59630
59632
59633
59637
59639
59640
59641
59642
59643
59645
59646
59649
59650
59651
59653
59654
59655
59656
59659
59663
59666
59669
59670
59671
59672
59673
59676
59677
59679
59680
59683
59684
59686
59687
59688
59689
59691
59699
59700
59701
59702
59703
59710
59716
59717
59718
59720
59724
59725
59728
59730
59731
59733
59735
59738
59739
59740
59741
59742
59743
59745
59749
59752
59754
59756
59757
59759
59760
59761
59762
59763
59769
59770
59771
59775
59780
59781
59782
59785
59786
59787
59788
59791
59793
59794
59797
59798
59799
59800
59802
59808
59811
59816
59822
59824
59827
59828
59829
59831
59836
59841
59842
59844
59848
59849
59851
59852
59853
59854
59855
59856
59857
59858
59860
59862
59865
59868
59869
59870
59874
59877
59879
59880
59882
59883
59884
59885
59886
59887
59890
59891
59893
59895
59896
59897
59901
59905
59907
59908
59909
59910
59912
59914
59915
59916
59920
59923
59924
59925
59926
59929
59930
59933
59934
59936
59937
59939
59944
59945
59946
59948
59949
59950
59951
59952
59953
59957
59959
59964
59965
59966
59968
59969
59970
59971
59973
59977
59981
59982
59985
59986
59987
59988
59990
59993
59994
59996
59998
59999
60002
60003
60004
60008
60010
60012
60014
60018
60020
60025
60026
60028
60029
60030
60032
60033
60035
60037
60039
60040
60049
60051
60052
60053
60055
60059
60060
60066
60067
60071
60073
60076
60077
60081
60082
60083
60088
60095
60098
60099
60100
60101
60102
60106
60107
60108
60110
60111
60123
60125
60126
60129
60130
60132
60133
60137
60142
60144
60150
60154
60156
60159
60162
60167
60168
60172
60173
60174
60175
60176
60180
60182
60183
60185
60187
60189
60190
60194
60197
60203
60204
60206
60210
60213
60214
60215
60217
60220
60224
60226
60231
60234
60237
60238
60239
60240
60242
60244
60246
60254
60258
60259
60260
60262
60264
60266
60267
60268
60271
60272
60273
60275
60277
60279
60280
60281
60282
60283
60284
60285
60286
60288
60291
60294
60296
60298
60299
60303
60304
60305
60306
60309
60311
60312
60313
60316
60317
60318
60322
60323
60325
60327
60333
60335
60337
60338
60339
60343
60344
60346
60348
60349
60352
60355
60359
60360
60362
60363
60364
60367
60369
60370
60372
60373
60374
60378
60383
60384
60385
60391
60392
60396
60397
60398
60400
60401
60403
60404
60406
60407
60408
60412
60413
60416
60418
60420
60424
60425
60426
60427
60429
60431
60433
60436
60437
60439
60442
60443
60444
60445
60446
60447
60448
60450
60456
60457
60459
60462
60465
60467
60470
60476
60477
60478
60480
60481
60482
60484
60485
60487
60488
60489
60491
60494
60495
60498
60504
60505
60508
60509
60514
60516
60518
60520
60521
60522
60523
60526
60527
60528
60529
60530
60531
60532
60533
60534
60535
60542
60545
60546
60548
60551
60552
60553
60554
60557
60564
60565
60568
60570
60573
60574
60577
60584
60585
60592
60593
60594
60595
60597
60600
60601
60602
60603
60605
60606
60607
60608
60609
60610
60611
60612
60615
60617
60618
60619
60620
60623
60625
60627
60629
60630
60631
60634
60638
60640
60644
60646
60647
60648
60658
60660
60662
60664
60667
60669
60670
60672
60675
60676
60678
60679
60680
60683
60685
60686
60690
60691
60692
60693
60697
60698
60699
60700
60701
60702
60703
60704
60705
60707
60712
60714
60719
60721
60729
60730
60734
60735
60736
60737
60738
60739
60741
60743
60745
60746
60748
60749
60752
60756
60759
60761
60763
60764
60765
60767
60770
60771
60772
60774
60775
60780
60781
60782
60783
60784
60785
60786
60792
60793
60794
60795
60796
60797
60800
60804
60806
60809
60810
60811
60813
60814
60815
60816
60819
60822
60823
60825
60829
60830
60831
60832
60834
60840
60843
60845
60846
60848
60851
60852
60854
60856
60857
60858
60859
60861
60862
60865
60868
60869
60872
60874
60876
60879
60880
60881
60883
60889
60891
60893
60894
60895
60896
60897
60899
60901
60907
60911
60914
60919
60921
60922
60923
60924
60925
60931
60932
60936
60937
60938
60939
60943
60944
60946
60947
60949
60950
60954
60955
60958
60960
60963
60965
60968
60969
60970
60972
60973
60975
60976
60977
60979
60981
60983
60984
60986
60988
60991
60992
60993
60995
60996
60998
61002
61005
61010
61011
61015
61016
61017
61019
61021
61025
61029
61030
61031
61036
61037
61038
61039
61040
61048
61050
61051
61052
61055
61056
61058
61059
61060
61062
61064
61065
61066
61069
61070
61073
61074
61076
61077
61078
61079
61081
61082
61084
61086
61089
61093
61094
61095
61096
61098
61099
61101
61103
61105
61106
61108
61109
61110
61112
61114
61116
61117
61120
61121
61124
61126
61128
61129
61130
61132
61135
61138
61141
61142
61143
61144
61145
61151
61153
61154
61161
61162
61165
61167
61168
61170
61176
61179
61180
61185
61187
61188
61189
61190
61191
61192
61193
61195
61200
61205
61209
61210
61212
61213
61218
61220
61221
61222
61223
61224
61228
61234
61236
61237
61238
61239
61240
61243
61245
61246
61247
61250
61252
61253
61254
61257
61258
61261
61263
61264
61265
61267
61269
61273
61274
61275
61276
61281
61282
61286
61288
61295
61296
61300
61301
61303
61305
61307
61309
61310
61311
61312
61314
61315
61316
61320
61325
61326
61329
61331
61336
61337
61338
61341
61342
61345
61346
61354
61356
61357
61358
61359
61361
61363
61364
61367
61368
61369
61370
61375
61376
61378
61381
61382
61383
61384
61386
61387
61388
61389
61390
61391
61393
61394
61396
61398
61399
61400
61401
61405
61406
61407
61409
61410
61411
61412
61413
61417
61420
61429
61430
61431
61432
61433
61435
61436
61438
61441
61442
61443
61444
61445
61446
61447
61448
61449
61450
61451
61452
61453
61454
61457
61461
61462
61463
61464
61465
61468
61471
61473
61476
61478
61479
61482
61483
61485
61487
61493
61494
61496
61499
61500
61501
61503
61504
61507
61518
61520
61521
61522
61523
61525
61527
61528
61529
61533
61536
61538
61542
61543
61544
61545
61546
61547
61550
61551
61552
61558
61561
61564
61566
61568
61569
61570
61571
61574
61576
61580
61582
61583
61584
61587
61594
61596
61597
61598
61601
61604
61607
61608
61610
61613
61615
61617
61619
61620
61621
61622
61625
61634
61635
61643
61644
61645
61646
61659
61660
61661
61662
61670
61671
61672
61674
61676
61678
61680
61682
61683
61684
61685
61686
61688
61689
61693
61694
61695
61696
61698
61701
61702
61703
61705
61707
61709
61710
61713
61716
61717
61719
61720
61726
61728
61730
61731
61732
61733
61736
61738
61741
61745
61748
61752
61756
61758
61759
61761
61762
61763
61764
61766
61767
61768
61769
61772
61774
61775
61778
61779
61781
61782
61784
61785
61789
61791
61794
61798
61801
61802
61805
61806
61809
61813
61816
61818
61819
61821
61822
61823
61824
61826
61827
61829
61830
61831
61833
61834
61835
61837
61838
61841
61845
61846
61850
61853
61854
61857
61858
61861
61862
61864
61865
61869
61871
61872
61873
61875
61876
61878
61879
61885
61889
61890
61894
61895
61897
61899
61902
61903
61905
61906
61908
61910
61911
61912
61913
61918
61919
61920
61921
61924
61925
61928
61930
61932
61933
61934
61936
61937
61939
61942
61943
61946
61948
61950
61952
61954
61955
61958
61959
61961
61963
61964
61965
61966
61967
61971
61973
61974
61979
61980
61987
61988
61995
61996
61999
62002
62003
62009
62015
62020
62023
62024
62025
62029
62030
62032
62039
62041
62042
62043
62044
62047
62049
62050
62052
62053
62056
62057
62059
62061
62062
62064
62065
62066
62067
62068
62069
62070
62072
62073
62077
62078
62083
62094
62095
62096
62097
62103
62109
62110
62111
62112
62113
62115
62116
62127
62129
62130
62131
62132
62133
62134
62137
62138
62141
62143
62148
62149
62151
62152
62153
62156
62158
62162
62165
62167
62171
62173
62177
62178
62179
62180
62181
62182
62183
62189
62193
62194
62195
62196
62197
62198
62200
62204
62205
62207
62208
62210
62211
62216
62217
62219
62221
62222
62225
62227
62234
62236
62238
62239
62240
62243
62244
62246
62247
62249
62250
62251
62253
62254
62255
62256
62257
62259
62260
62262
62264
62266
62267
62268
62269
62274
62275
62277
62278
62282
62283
62284
62285
62289
62290
62293
62296
62297
62302
62305
62306
62308
62312
62314
62316
62317
62318
62321
62323
62325
62327
62329
62332
62334
62335
62336
62337
62342
62345
62346
62349
62350
62351
62352
62354
62355
62356
62357
62358
62360
62364
62366
62368
62369
62371
62372
62373
62377
62378
62379
62380
62381
62385
62388
62390
62391
62392
62396
62398
62401
62404
62406
62408
62409
62411
62413
62414
62416
62417
62419
62420
62422
62423
62424
62428
62432
62433
62434
62436
62438
62441
62442
62443
62444
62446
62447
62449
62452
62453
62454
62456
62459
62460
62461
62462
62463
62465
62466
62467
62471
62472
62473
62475
62484
62487
62489
62491
62492
62494
62495
62499
62501
62502
62507
62509
62512
62513
62514
62515
62517
62518
62520
62525
62526
62530
62531
62532
62533
62535
62536
62537
62538
62542
62543
62544
62547
62549
62550
62553
62554
62555
62556
62557
62558
62563
62568
62569
62572
62579
62583
62586
62592
62593
62594
62595
62596
62603
62605
62610
62614
62618
62620
62621
62624
62625
62626
62627
62631
62633
62634
62638
62639
62640
62643
62644
62647
62652
62654
62655
62658
62659
62660
62667
62671
62672
62673
62675
62678
62683
62685
62686
62687
62689
62691
62693
62695
62696
62697
62699
62700
62705
62709
62711
62714
62715
62718
62719
62720
62722
62723
62724
62727
62728
62732
62735
62737
62740
62741
62743
62744
62746
62748
62751
62752
62754
62755
62756
62758
62760
62762
62764
62766
62770
62771
62772
62774
62776
62778
62780
62783
62784
62785
62788
62791
62801
62803
62805
62807
62808
62810
62811
62812
62813
62814
62815
62819
62820
62825
62829
62833
62834
62836
62837
62839
62841
62842
62843
62844
62850
62852
62853
62860
62862
62863
62864
62865
62866
62867
62868
62870
62871
62872
62874
62877
62879
62882
62883
62884
62885
62899
62900
62907
62910
62912
62914
62916
62918
62919
62920
62923
62924
62929
62930
62932
62934
62937
62938
62940
62941
62943
62944
62948
62949
62951
62953
62957
62958
62959
62961
62963
62966
62967
62971
62974
62977
62979
62980
62982
62984
62985
62988
62989
62991
62992
62993
62998
63000
63001
63003
63004
63005
63007
63008
63011
63012
63013
63016
63019
63020
63021
63026
63032
63034
63037
63038
63043
63044
63047
63048
63049
63050
63051
63056
63057
63060
63062
63064
63066
63067
63069
63073
63075
63079
63083
63084
63088
63090
63092
63094
63097
63098
63099
63100
63101
63102
63105
63106
63108
63109
63110
63113
63114
63115
63116
63117
63118
63119
63125
63128
63130
63139
63141
63142
63144
63145
63148
63149
63151
63152
63157
63160
63161
63164
63165
63167
63169
63170
63173
63174
63175
63179
63180
63182
63184
63186
63187
63189
63190
63192
63193
63196
63202
63204
63211
63215
63219
63227
63228
63229
63230
63232
63234
63237
63239
63241
63244
63245
63247
63248
63249
63250
63256
63257
63258
63259
63261
63262
63263
63265
63266
63272
63275
63276
63277
63278
63279
63280
63281
63282
63285
63286
63289
63291
63292
63293
63294
63295
63296
63297
63298
63303
63304
63307
63310
63312
63320
63321
63325
63326
63328
63330
63335
63337
63338
63339
63341
63346
63350
63352
63354
63356
63359
63361
63362
63365
63367
63368
63369
63370
63375
63377
63378
63384
63386
63387
63389
63391
63393
63396
63397
63403
63412
63414
63415
63419
63421
63423
63429
63432
63434
63437
63442
63447
63450
63452
63453
63457
63458
63460
63462
63464
63465
63471
63476
63478
63479
63483
63489
63490
63491
63492
63495
63497
63499
63501
63504
63505
63506
63511
63516
63520
63521
63522
63523
63527
63532
63536
63537
63541
63544
63547
63548
63549
63550
63551
63552
63553
63554
63556
63558
63559
63561
63562
63566
63568
63569
63572
63574
63575
63576
63578
63584
63585
63589
63592
63593
63595
63596
63597
63603
63605
63606
63607
63608
63611
63612
63616
63619
63624
63625
63626
63629
63630
63633
63636
63645
63649
63653
63656
63658
63659
63660
63661
63664
63666
63667
63669
63670
63673
63680
63681
63682
63683
63684
63686
63687
63688
63693
63695
63697
63702
63704
63711
63714
63718
63723
63724
63725
63727
63728
63731
63733
63734
63735
63736
63737
63738
63740
63741
63742
63744
63745
63746
63749
63751
63754
63755
63757
63760
63764
63767
63768
63770
63773
63781
63784
63785
63788
63792
63793
63795
63799
63802
63807
63808
63809
63810
63814
63815
63817
63818
63821
63824
63827
63829
63832
63834
63835
63839
63840
63841
63844
63845
63847
63851
63852
63853
63854
63858
63865
63866
63868
63869
63871
63872
63873
63874
63878
63880
63881
63882
63883
63885
63886
63888
63889
63893
63897
63898
63905
63906
63908
63909
63910
63914
63917
63918
63921
63923
63927
63929
63930
63932
63933
63935
63938
63941
63945
63946
63949
63953
63954
63955
63957
63960
63961
63967
63970
63974
63975
63976
63977
63979
63980
63981
63982
63985
63990
63996
63998
64000
64001
64004
64005
64006
64009
64011
64013
64016
64017
64021
64023
64024
64028
64029
64035
64037
64041
64042
64043
64044
64045
64046
64048
64049
64053
64054
64055
64056
64057
64060
64063
64064
64069
64070
64071
64073
64074
64075
64076
64078
64084
64085
64086
64087
64089
64090
64091
64092
64094
64101
64102
64104
64106
64109
64111
64115
64121
64127
64128
64130
64132
64133
64136
64138
64139
64142
64145
64146
64151
64154
64155
64157
64160
64161
64163
64164
64166
64168
64172
64173
64174
64176
64178
64179
64180
64181
64182
64183
64185
64187
64188
64191
64192
64195
64198
64201
64202
64203
64204
64206
64207
64208
64210
64211
64214
64215
64216
64219
64223
64226
64227
64228
64230
64234
64237
64239
64242
64245
64247
64249
64251
64252
64253
64258
64260
64261
64263
64264
64266
64267
64268
64269
64271
64273
64275
64285
64288
64289
64290
64291
64294
64295
64297
64298
64299
64300
64303
64306
64307
64309
64311
64312
64313
64314
64316
64319
64320
64324
64325
64326
64329
64331
64333
64335
64338
64340
64342
64345
64346
64349
64350
64351
64355
64358
64360
64362
64363
64366
64370
64371
64374
64375
64376
64379
64381
64383
64387
64389
64391
64392
64395
64396
64399
64401
64403
64405
64406
64412
64416
64419
64421
64422
64423
64424
64425
64431
64432
64433
64434
64436
64441
64444
64445
64446
64447
64448
64449
64453
64454
64455
64456
64459
64460
64461
64462
64463
64464
64467
64471
64472
64475
64476
64478
64479
64481
64482
64483
64484
64485
64486
64489
64491
64495
64496
64498
64500
64506
64507
64508
64512
64513
64517
64522
64525
64528
64531
64533
64538
64541
64543
64546
64547
64550
64554
64555
64556
64557
64558
64559
64560
64561
64565
64570
64574
64575
64578
64583
64584
64585
64589
64590
64591
64595
64596
64598
64599
64602
64604
64605
64606
64608
64614
64615
64616
64618
64619
64620
64621
64622
64623
64624
64629
64630
64633
64635
64636
64638
64640
64647
64650
64651
64653
64654
64655
64661
64663
64666
64667
64673
64675
64676
64678
64679
64681
64682
64683
64684
64686
64687
64688
64689
64690
64691
64692
64694
64696
64697
64698
64700
64701
64702
64706
64707
64708
64710
64711
64713
64718
64719
64721
64723
64726
64732
64734
64735
64738
64742
64744
64745
64746
64747
64748
64753
64755
64756
64758
64759
64761
64763
64770
64773
64774
64775
64778
64779
64780
64781
64782
64784
64785
64786
64787
64792
64794
64795
64797
64798
64800
64802
64804
64808
64810
64811
64812
64813
64815
64816
64817
64818
64819
64831
64832
64833
64835
64836
64837
64838
64842
64846
64848
64849
64850
64851
64857
64867
64872
64874
64878
64881
64882
64883
64884
64886
64887
64888
64889
64891
64901
64904
64905
64906
64908
64910
64911
64912
64913
64914
64915
64917
64918
64919
64922
64926
64927
64928
64935
64940
64941
64944
64945
64948
64949
64951
64952
64955
64956
64958
64959
64962
64965
64970
64971
64974
64975
64979
64982
64983
64985
64988
64989
64990
64992
64993
64994
64995
64996
65001
65004
65005
65006
65010
65013
65015
65017
65018
65021
65025
65026
65027
65030
65031
65035
65039
65041
65042
65046
65047
65051
65052
65054
65056
65057
65058
65059
65060
65062
65063
65064
65065
65067
65073
65077
65079
65080
65081
65085
65086
65088
65092
65093
65094
65096
65098
65100
65103
65105
65109
65111
65112
65113
65115
65118
65119
65121
65125
65132
65136
65139
65141
65146
65147
65150
65151
65153
65154
65157
65164
65165
65169
65171
65175
65177
65181
65183
65184
65185
65186
65187
65196
65199
65201
65205
65208
65215
65217
65219
65220
65222
65226
65229
65230
65234
65239
65240
65244
65245
65246
65250
65251
65252
65254
65256
65257
65260
65265
65266
65267
65269
65272
65275
65276
65277
65278
65279
65286
65289
65290
65297
65298
65302
65304
65305
65306
65307
65308
65309
65312
65313
65316
65317
65318
65319
65320
65322
65326
65329
65332
65334
65335
65337
65341
65342
65343
65354
65356
65358
65362
65363
65367
65373
65384
65385
65388
65390
65393
65395
65396
65399
65400
65402
65403
65405
65406
65411
65413
65414
65415
65417
65418
65424
65425
65426
65427
65428
65430
65434
65435
65438
65439
65442
65444
65446
65449
65450
65453
65454
65455
65459
65461
65463
65464
65465
65466
65467
65469
65471
65473
65474
65478
65479
65482
65486
65488
65489
65490
65491
65495
65496
65498
65500
65502
65503
65505
65506
65507
65510
65511
65514
65518
65520
65523
65524
65528
65529
65530
65531
65534
65535
65538
65542
65543
65546
65547
65549
65550
65552
65554
65555
65560
65569
65573
65580
65581
65582
65584
65585
65586
65588
65590
65592
65593
65596
65597
65598
65600
65602
65603
65604
65605
65610
65611
65614
65618
65619
65621
65623
65625
65630
65631
65637
65641
65645
65646
65648
65649
65652
65654
65655
65659
65660
65663
65666
65667
65669
65674
65675
65678
65679
65681
65684
65686
65689
65690
65691
65695
65702
65704
65706
65708
65709
65710
65711
65713
65714
65717
65721
65731
65736
65737
65738
65744
65749
65751
65752
65753
65754
65755
65756
65757
65759
65761
65762
65763
65765
65768
65769
65770
65771
65773
65774
65775
65776
65777
65778
65785
65786
65787
65788
65789
65790
65792
65793
65794
65795
65796
65799
65800
65801
65802
65804
65806
65810
65811
65812
65813
65814
65818
65821
65823
65824
65826
65827
65828
65831
65832
65833
65834
65835
65837
65838
65839
65841
65848
65850
65851
65852
65856
65858
65860
65861
65863
65864
65867
65870
65873
65874
65875
65876
65877
65878
65880
65881
65882
65883
65884
65885
65886
65887
65889
65891
65892
65894
65899
65900
65901
65902
65903
65904
65905
65906
65909
65910
65913
65915
65916
65917
65918
65920
65921
65928
65930
65932
65937
65940
65941
65949
65950
65951
65954
65959
65960
65961
65964
65965
65968
65970
65971
65972
65973
65975
65978
65981
65982
65983
65985
65986
65990
65993
65994
65995
65996
66000
66005
66006
66007
66009
66011
66013
66015
66017
66018
66026
66027
66029
66034
66038
66039
66041
66043
66046
66049
66052
66053
66054
66059
66061
66062
66064
66070
66072
66073
66074
66084
66086
66089
66094
66098
66099
66100
66101
66103
66104
66115
66119
66120
66125
66126
66129
66134
66135
66138
66140
66141
66143
66151
66153
66157
66159
66160
66163
66167
66168
66169
66170
66171
66177
66181
66183
66184
66185
66186
66191
66192
66193
66196
66201
66202
66203
66207
66208
66211
66213
66214
66215
66216
66217
66225
66228
66229
66230
66231
66232
66233
66237
66238
66239
66240
66241
66242
66244
66246
66248
66249
66251
66254
66255
66260
66261
66263
66264
66265
66268
66269
66270
66271
66273
66274
66275
66276
66277
66278
66282
66287
66289
66291
66292
66293
66294
66298
66299
66300
66303
66306
66309
66314
66315
66316
66317
66319
66320
66321
66322
66323
66324
66325
66328
66329
66332
66334
66335
66336
66337
66339
66345
66347
66348
66349
66350
66351
66353
66361
66363
66364
66365
66366
66367
66369
66373
66376
66380
66384
66385
66389
66390
66391
66394
66396
66401
66402
66406
66407
66408
66413
66415
66417
66418
66419
66420
66422
66425
66426
66428
66430
66432
66433
66438
66439
66441
66443
66444
66445
66446
66447
66449
66452
66454
66459
66460
66463
66465
66467
66469
66470
66472
66473
66476
66477
66478
66480
66481
66484
66485
66488
66499
66504
66505
66507
66508
66510
66516
66517
66518
66522
66523
66524
66528
66532
66533
66534
66535
66536
66537
66538
66541
66543
66544
66547
66552
66553
66554
66555
66558
66559
66560
66561
66562
66563
66564
66569
66571
66575
66576
66577
66578
66579
66580
66583
66584
66585
66586
66590
66591
66592
66593
66599
66600
66605
66608
66612
66613
66614
66615
66619
66622
66623
66624
66631
66633
66636
66637
66641
66642
66644
66646
66649
66651
66655
66657
66658
66659
66660
66661
66664
66665
66668
66671
66672
66677
66678
66679
66680
66683
66685
66690
66691
66692
66695
66696
66702
66703
66706
66708
66710
66713
66726
66729
66730
66732
66733
66739
66744
66745
66751
66752
66755
66756
66757
66758
66759
66760
66761
66762
66768
66771
66773
66775
66776
66778
66779
66783
66786
66788
66789
66792
66793
66797
66798
66799
66809
66811
66814
66816
66820
66821
66822
66825
66826
66828
66834
66835
66836
66845
66846
66848
66850
66853
66854
66855
66858
66860
66861
66862
66863
66867
66868
66869
66870
66872
66874
66877
66879
66880
66882
66885
66886
66888
66890
66899
66900
66903
66904
66906
66910
66913
66917
66922
66925
66926
66932
66935
66937
66938
66939
66943
66945
66946
66949
66952
66953
66957
66958
66959
66961
66962
66963
66965
66967
66969
66971
66973
66974
66975
66976
66978
66979
66982
66983
66988
66990
66993
66994
66997
66998
67002
67006
67008
67012
67014
67016
67017
67022
67023
67025
67029
67030
67031
67033
67037
67038
67039
67041
67042
67043
67044
67046
67048
67052
67053
67061
67065
67068
67069
67070
67072
67075
67079
67081
67083
67085
67088
67089
67093
67094
67095
67096
67097
67099
67100
67105
67112
67114
67115
67119
67121
67126
67127
67129
67133
67134
67138
67139
67140
67142
67149
67150
67154
67157
67159
67160
67165
67167
67170
67172
67173
67174
67184
67185
67186
67187
67188
67190
67192
67194
67196
67198
67200
67203
67206
67208
67209
67210
67211
67212
67215
67219
67220
67222
67226
67228
67229
67230
67231
67232
67234
67235
67236
67238
67244
67247
67248
67251
67257
67258
67260
67261
67262
67265
67266
67267
67268
67269
67272
67275
67279
67280
67283
67284
67285
67287
67290
67291
67294
67297
67298
67301
67306
67307
67310
67312
67313
67314
67315
67317
67319
67322
67328
67330
67332
67334
67336
67337
67338
67345
67347
67351
67353
67355
67356
67358
67359
67360
67362
67365
67366
67368
67372
67373
67374
67375
67380
67382
67383
67384
67387
67388
67389
67391
67392
67398
67399
67403
67404
67406
67407
67409
67411
67412
67418
67422
67423
67425
67428
67432
67433
67436
67442
67443
67444
67446
67448
67455
67456
67462
67463
67464
67467
67468
67475
67479
67480
67484
67485
67486
67487
67488
67489
67491
67499
67503
67504
67506
67518
67521
67522
67523
67524
67525
67526
67528
67531
67533
67534
67536
67537
67538
67539
67541
67543
67546
67547
67548
67549
67557
67558
67559
67561
67562
67563
67566
67571
67572
67577
67584
67585
67586
67587
67590
67592
67593
67594
67597
67599
67600
67601
67603
67605
67607
67615
67617
67618
67619
67623
67627
67628
67630
67631
67634
67635
67639
67649
67651
67653
67654
67663
67664
67666
67668
67670
67673
67677
67678
67680
67681
67689
67690
67691
67694
67697
67704
67707
67708
67710
67712
67715
67724
67725
67729
67735
67739
67740
67741
67743
67745
67746
67747
67748
67752
67754
67755
67756
67757
67759
67761
67762
67763
67764
67766
67769
67770
67771
67772
67773
67774
67775
67779
67780
67785
67786
67788
67789
67797
67798
67802
67804
67805
67806
67807
67815
67816
67818
67819
67821
67822
67823
67826
67828
67831
67832
67833
67838
67840
67842
67845
67846
67849
67850
67854
67856
67857
67863
67865
67866
67868
67871
67872
67877
67885
67886
67887
67892
67894
67896
67897
67912
67913
67915
67916
67917
67920
67921
67923
67926
67929
67931
67933
67935
67940
67941
67943
67946
67947
67949
67951
67953
67955
67957
67959
67960
67961
67962
67963
67964
67965
67968
67973
67976
67978
67981
67983
67988
67990
67994
68005
68007
68011
68013
68015
68017
68019
68022
68024
68025
68028
68029
68033
68036
68037
68041
68042
68044
68045
68052
68053
68055
68056
68057
68060
68061
68063
68064
68065
68066
68067
68069
68072
68073
68074
68075
68076
68080
68084
68085
68086
68088
68093
68094
68096
68097
68098
68099
68105
68111
68112
68113
68118
68120
68123
68126
68127
68131
68133
68137
68142
68143
68144
68145
68146
68149
68151
68153
68159
68160
68163
68165
68168
68173
68177
68178
68179
68184
68189
68192
68194
68197
68200
68201
68203
68206
68208
68214
68215
68218
68222
68226
68227
68228
68229
68230
68236
68242
68243
68250
68251
68252
68254
68255
68259
68267
68269
68272
68277
68279
68282
68285
68286
68288
68291
68292
68294
68295
68297
68298
68300
68301
68304
68308
68312
68313
68314
68318
68320
68323
68326
68327
68328
68329
68330
68332
68333
68336
68338
68345
68346
68347
68348
68349
68350
68353
68354
68355
68359
68360
68362
68367
68368
68369
68371
68376
68378
68386
68387
68388
68390
68394
68395
68396
68400
68402
68403
68405
68406
68408
68409
68410
68411
68412
68414
68417
68418
68422
68426
68429
68430
68434
68437
68438
68439
68442
68445
68446
68453
68455
68457
68458
68459
68460
68461
68463
68464
68465
68467
68470
68473
68474
68476
68477
68478
68480
68482
68486
68490
68494
68495
68496
68498
68499
68502
68504
68506
68508
68509
68512
68520
68525
68526
68527
68530
68531
68532
68534
68535
68537
68538
68539
68544
68549
68550
68555
68558
68560
68561
68565
68567
68568
68569
68572
68574
68578
68583
68584
68586
68588
68589
68596
68598
68600
68605
68607
68612
68613
68615
68616
68620
68621
68626
68628
68631
68632
68637
68639
68640
68641
68643
68646
68647
68648
68652
68654
68656
68657
68658
68659
68667
68668
68672
68675
68676
68677
68681
68685
68689
68692
68695
68698
68701
68707
68710
68711
68712
68716
68719
68720
68721
68723
68724
68725
68727
68731
68733
68735
68737
68739
68741
68742
68745
68752
68754
68755
68763
68764
68765
68767
68768
68769
68771
68772
68773
68777
68783
68792
68796
68797
68802
68803
68804
68806
68808
68810
68816
68822
68826
68829
68831
68832
68835
68838
68841
68844
68848
68852
68853
68857
68858
68866
68868
68872
68873
68875
68876
68879
68880
68882
68883
68884
68887
68890
68891
68894
68895
68897
68901
68904
68906
68910
68914
68917
68918
68919
68920
68921
68924
68925
68926
68930
68931
68933
68935
68936
68937
68938
68940
68941
68943
68944
68947
68948
68950
68954
68956
68957
68959
68962
68964
68966
68967
68972
68974
68976
68978
68981
68984
68988
68990
68994
68998
68999
69001
69004
69006
69009
69013
69014
69016
69017
69018
69022
69024
69026
69030
69031
69032
69033
69034
69035
69039
69040
69041
69042
69043
69044
69046
69047
69049
69050
69052
69054
69058
69059
69061
69063
69065
69070
69071
69072
69074
69075
69077
69078
69081
69083
69084
69087
69089
69091
69095
69097
69099
69101
69104
69105
69109
69111
69112
69114
69117
69118
69122
69124
69126
69130
69136
69137
69140
69141
69142
69143
69144
69146
69147
69153
69159
69160
69162
69163
69164
69167
69169
69171
69173
69179
69180
69181
69182
69184
69186
69191
69193
69195
69201
69202
69207
69208
69211
69218
69220
69226
69231
69232
69234
69236
69239
69240
69241
69242
69243
69245
69249
69251
69254
69255
69258
69260
69264
69265
69267
69268
69270
69271
69274
69275
69276
69278
69282
69285
69286
69287
69292
69294
69295
69297
69298
69303
69305
69307
69312
69313
69315
69320
69321
69325
69328
69329
69330
69331
69332
69334
69335
69336
69337
69343
69344
69345
69346
69350
69351
69352
69354
69355
69357
69358
69359
69361
69368
69369
69371
69375
69376
69377
69382
69384
69385
69386
69388
69389
69393
69397
69398
69400
69402
69404
69406
69407
69408
69413
69414
69416
69417
69422
69424
69426
69428
69429
69430
69431
69435
69436
69437
69439
69441
69443
69446
69449
69451
69452
69453
69454
69455
69458
69460
69462
69464
69466
69468
69471
69472
69473
69475
69478
69480
69482
69484
69485
69486
69493
69496
69497
69499
69501
69502
69504
69505
69507
69508
69513
69515
69516
69517
69518
69521
69524
69525
69526
69529
69531
69532
69533
69535
69539
69540
69541
69542
69544
69546
69551
69552
69555
69561
69563
69566
69567
69568
69569
69574
69577
69578
69579
69580
69582
69583
69584
69585
69587
69590
69592
69595
69599
69603
69604
69606
69609
69611
69612
69614
69615
69616
69619
69625
69628
69629
69631
69633
69635
69636
69641
69642
69644
69645
69652
69653
69655
69658
69659
69660
69661
69662
69665
69668
69673
69674
69684
69685
69687
69692
69693
69694
69695
69696
69697
69701
69702
69703
69704
69705
69706
69707
69709
69710
69715
69716
69717
69720
69725
69727
69729
69730
69734
69735
69736
69740
69743
69747
69748
69752
69758
69760
69761
69764
69767
69768
69769
69770
69772
69777
69778
69784
69788
69794
69798
69799
69800
69802
69805
69808
69810
69812
69813
69814
69815
69820
69821
69824
69825
69828
69830
69831
69832
69833
69834
69843
69847
69849
69851
69853
69854
69855
69857
69859
69861
69862
69865
69874
69875
69882
69884
69886
69889
69890
69891
69892
69897
69898
69900
69902
69905
69906
69907
69910
69911
69914
69916
69917
69919
69921
69922
69923
69928
69929
69930
69931
69933
69936
69937
69938
69940
69945
69947
69952
69954
69957
69958
69961
69964
69966
69968
69970
69975
69976
69978
69981
69983
69984
69987
69990
69992
69994
70003
70005
70007
70008
70010
70011
70012
70013
70018
70020
70022
70023
70024
70027
70032
70040
70042
70046
70049
70051
70058
70059
70062
70068
70069
70074
70076
70081
70083
70085
70091
70092
70093
70094
70096
70097
70101
70104
70106
70110
70112
70113
70114
70116
70118
70123
70126
70131
70136
70137
70139
70141
70147
70150
70151
70152
70153
70155
70156
70157
70160
70161
70164
70172
70174
70175
70180
70182
70186
70190
70193
70196
70197
70198
70199
70203
70204
70205
70206
70212
70216
70217
70220
70221
70224
70226
70227
70229
70233
70236
70242
70243
70244
70246
70247
70248
70250
70251
70254
70255
70261
70266
70267
70270
70271
70275
70276
70278
70282
70289
70290
70292
70293
70294
70295
70298
70302
70304
70307
70309
70312
70313
70316
70318
70319
70320
70321
70322
70324
70325
70328
70334
70335
70337
70338
70340
70341
70342
70344
70346
70347
70349
70350
70360
70364
70365
70368
70371
70374
70376
70381
70383
70385
70388
70389
70390
70391
70392
70400
70402
70404
70408
70410
70414
70416
70422
70426
70431
70433
70434
70440
70444
70445
70446
70448
70450
70452
70454
70456
70457
70458
70460
70463
70466
70468
70471
70472
70473
70475
70479
70481
70482
70485
70487
70489
70493
70494
70496
70497
70498
70499
70500
70502
70505
70506
70512
70513
70514
70515
70517
70518
70520
70521
70522
70523
70524
70526
70527
70528
70529
70531
70532
70533
70534
70536
70540
70541
70542
70543
70544
70545
70546
70547
70548
70552
70554
70556
70557
70558
70560
70561
70563
70564
70567
70568
70573
70574
70575
70580
70582
70583
70584
70585
70590
70594
70595
70596
70611
70615
70617
70618
70620
70621
70625
70626
70629
70634
70637
70641
70642
70643
70644
70647
70648
70649
70650
70653
70663
70664
70665
70672
70673
70674
70680
70684
70687
70694
70697
70698
70700
70701
70703
70706
70712
70713
70714
70715
70721
70722
70724
70725
70726
70728
70730
70733
70735
70740
70742
70743
70747
70754
70755
70757
70758
70760
70761
70765
70767
70768
70770
70773
70774
70776
70777
70787
70791
70794
70795
70797
70798
70800
70803
70804
70807
70808
70809
70811
70813
70814
70817
70818
70820
70821
70822
70824
70825
70827
70833
70835
70836
70838
70842
70844
70845
70848
70849
70850
70851
70854
70855
70857
70858
70861
70863
70864
70869
70874
70875
70876
70879
70881
70883
70884
70885
70886
70887
70888
70890
70893
70894
70896
70898
70899
70901
70902
70916
70920
70921
70927
70928
70932
70933
70936
70940
70942
70943
70944
70946
70948
70950
70953
70955
70958
70960
70964
70965
70974
70975
70976
70977
70978
70981
70982
70984
70986
70988
70992
70993
70996
70997
71000
71001
71002
71003
71005
71006
71008
71009
71015
71017
71018
71019
71022
71026
71028
71029
71034
71037
71042
71046
71049
71052
71053
71056
71057
71061
71062
71063
71065
71066
71068
71071
71072
71073
71074
71075
71077
71078
71079
71080
71084
71088
71090
71091
71092
71093
71094
71097
71099
71100
71101
71102
71103
71107
71108
71110
71112
71113
71114
71121
71123
71126
71127
71128
71132
71133
71135
71139
71141
71142
71144
71145
71147
71151
71152
71154
71156
71158
71159
71160
71163
71164
71167
71168
71171
71174
71179
71180
71183
71185
71187
71188
71194
71196
71206
71207
71208
71209
71213
71214
71218
71219
71220
71221
71223
71230
71231
71235
71238
71240
71241
71242
71244
71246
71247
71248
71249
71252
71253
71254
71256
71257
71259
71261
71264
71266
71268
71274
71285
71290
71291
71293
71294
71296
71297
71299
71300
71301
71309
71310
71314
71316
71319
71320
71323
71327
71328
71330
71334
71335
71336
71341
71346
71349
71350
71351
71354
71359
71365
71366
71367
71368
71369
71370
71371
71374
71376
71377
71378
71380
71381
71385
71387
71391
71394
71395
71399
71401
71404
71405
71406
71408
71411
71415
71419
71422
71428
71432
71433
71437
71440
71443
71444
71446
71447
71448
71449
71451
71452
71453
71455
71457
71458
71460
71462
71463
71464
71466
71470
71471
71473
71474
71478
71479
71483
71484
71486
71491
71492
71493
71494
71495
71497
71499
71500
71501
71503
71505
71507
71508
71511
71512
71514
71515
71516
71518
71520
71521
71522
71528
71529
71533
71534
71539
71540
71545
71547
71548
71549
71551
71553
71554
71555
71556
71559
71563
71564
71565
71568
71569
71570
71572
71575
71576
71577
71580
71585
71589
71590
71592
71593
71595
71597
71598
71599
71601
71602
71603
71604
71608
71613
71617
71623
71624
71625
71626
71630
71632
71633
71634
71639
71641
71642
71643
71645
71647
71649
71651
71652
71653
71655
71656
71659
71660
71662
71664
71666
71672
71674
71678
71679
71681
71685
71686
71688
71689
71690
71692
71695
71697
71710
71711
71712
71715
71717
71720
71723
71725
71737
71741
71743
71749
71750
71755
71756
71760
71761
71762
71763
71764
71766
71767
71768
71770
71771
71773
71774
71777
71778
71782
71786
71788
71789
71791
71796
71798
71799
71800
71802
71805
71808
71813
71814
71815
71824
71829
71831
71832
71835
71836
71838
71845
71854
71858
71859
71862
71865
71866
71868
71874
71875
71876
71877
71878
71881
71884
71888
71889
71896
71899
71901
71903
71905
71907
71911
71914
71915
71921
71923
71924
71925
71927
71929
71930
71932
71933
71934
71937
71939
71942
71943
71944
71946
71951
71952
71955
71959
71960
71963
71967
71970
71973
71974
71978
71979
71980
71982
71988
71998
71999
72000
72002
72004
72007
72008
72009
72010
72011
72012
72017
72018
72020
72022
72026
72034
72037
72038
72039
72040
72045
72046
72049
72052
72053
72054
72056
72059
72063
72066
72067
72070
72072
72075
72076
72079
72082
72084
72090
72091
72096
72097
72098
72100
72101
72103
72105
72107
72108
72110
72115
72116
72118
72119
72120
72123
72126
72128
72133
72139
72140
72141
72142
72143
72144
72146
72149
72150
72152
72154
72155
72156
72158
72160
72161
72172
72181
72182
72183
72184
72185
72186
72187
72188
72198
72203
72207
72208
72212
72213
72216
72218
72220
72221
72224
72225
72230
72233
72238
72239
72240
72241
72242
72243
72244
72245
72247
72248
72249
72253
72256
72257
72261
72264
72265
72272
72276
72277
72280
72281
72285
72286
72288
72298
72299
72308
72309
72310
72312
72314
72315
72316
72318
72322
72328
72339
72342
72343
72345
72346
72347
72348
72350
72353
72355
72358
72360
72361
72364
72365
72371
72378
72379
72381
72382
72384
72385
72390
72391
72393
72396
72398
72402
72403
72405
72407
72410
72411
72412
72413
72414
72417
72419
72427
72431
72434
72438
72441
72442
72443
72444
72448
72451
72452
72454
72455
72460
72461
72464
72469
72470
72472
72473
72479
72482
72483
72485
72490
72493
72494
72499
72500
72501
72503
72504
72510
72514
72515
72518
72526
72527
72530
72531
72537
72541
72543
72547
72548
72549
72550
72553
72556
72559
72567
72569
72571
72579
72582
72585
72586
72588
72589
72594
72595
72597
72602
72606
72607
72609
72611
72613
72617
72619
72620
72624
72626
72630
72631
72632
72634
72635
72636
72637
72639
72643
72645
72646
72653
72657
72660
72665
72667
72669
72670
72674
72676
72677
72681
72682
72684
72689
72691
72694
72697
72699
72705
72707
72708
72710
72711
72712
72713
72716
72717
72718
72719
72720
72724
72725
72726
72727
72728
72729
72731
72733
72734
72735
72741
72745
72749
72751
72754
72755
72756
72757
72758
72759
72762
72763
72766
72768
72770
72772
72776
72780
72781
72782
72783
72784
72787
72790
72791
72792
72794
72796
72800
72803
72805
72807
72809
72811
72812
72814
72817
72826
72833
72835
72836
72837
72838
72840
72851
72854
72855
72858
72859
72861
72862
72866
72867
72868
72869
72870
72873
72874
72875
72878
72879
72883
72885
72887
72902
72906
72909
72910
72911
72912
72915
72916
72917
72918
72921
72922
72923
72924
72925
72927
72932
72934
72935
72938
72939
72940
72943
72948
72949
72954
72958
72960
72963
72964
72965
72966
72967
72968
72969
72972
72980
72981
72984
72987
72988
72993
72996
72998
73005
73009
73013
73014
73016
73017
73019
73020
73022
73023
73029
73032
73033
73034
73035
73038
73043
73046
73047
73048
73050
73054
73055
73057
73058
73059
73060
73067
73068
73073
73074
73078
73081
73087
73088
73089
73092
73093
73094
73095
73097
73102
73103
73106
73110
73111
73113
73114
73116
73117
73118
73119
73120
73123
73126
73127
73129
73130
73135
73139
73141
73142
73144
73145
73146
73148
73150
73152
73157
73160
73161
73162
73163
73165
73167
73170
73171
73172
73173
73174
73178
73179
73180
73181
73182
73186
73187
73193
73194
73195
73197
73201
73202
73204
73206
73207
73209
73211
73213
73215
73218
73219
73220
73223
73227
73230
73232
73234
73235
73236
73237
73240
73241
73246
73250
73255
73260
73261
73262
73264
73265
73267
73268
73272
73274
73279
73280
73285
73286
73288
73289
73290
73292
73293
73294
73299
73300
73301
73302
73304
73307
73308
73313
73314
73315
73316
73318
73321
73329
73331
73335
73336
73338
73341
73342
73343
73345
73346
73350
73355
73356
73360
73361
73364
73365
73366
73371
73372
73374
73376
73377
73379
73381
73387
73388
73389
73390
73391
73392
73394
73395
73397
73399
73401
73403
73404
73405
73406
73407
73410
73412
73413
73414
73415
73416
73418
73421
73424
73425
73427
73430
73431
73433
73435
73438
73440
73442
73447
73451
73452
73453
73454
73455
73457
73458
73459
73461
73463
73467
73470
73472
73477
73479
73481
73484
73486
73489
73492
73495
73501
73502
73503
73504
73507
73508
73512
73515
73516
73518
73520
73523
73524
73531
73532
73533
73535
73536
73540
73541
73544
73546
73547
73549
73550
73552
73554
73555
73557
73560
73561
73566
73573
73574
73575
73580
73589
73595
73596
73598
73602
73606
73610
73612
73613
73617
73619
73620
73621
73623
73624
73627
73630
73634
73635
73639
73640
73643
73645
73647
73650
73654
73660
73661
73666
73668
73671
73673
73674
73675
73676
73677
73678
73679
73681
73682
73688
73690
73691
73693
73695
73696
73697
73698
73699
73704
73705
73707
73709
73711
73713
73715
73716
73720
73722
73723
73732
73734
73737
73743
73744
73747
73749
73752
73754
73755
73756
73758
73761
73762
73765
73766
73774
73775
73778
73779
73784
73786
73788
73789
73791
73792
73793
73794
73795
73796
73799
73800
73801
73802
73803
73804
73814
73815
73817
73819
73820
73825
73828
73830
73832
73833
73835
73840
73844
73846
73858
73859
73860
73861
73867
73868
73869
73870
73872
73873
73874
73875
73877
73879
73883
73887
73892
73893
73896
73897
73898
73900
73908
73909
73913
73914
73915
73916
73920
73922
73923
73925
73930
73935
73936
73940
73941
73944
73946
73948
73950
73951
73952
73956
73957
73959
73961
73964
73965
73966
73969
73971
73972
73974
73975
73976
73977
73982
73983
73990
73992
73995
73998
74001
74004
74006
74011
74012
74017
74027
74030
74031
74034
74038
74039
74040
74041
74042
74045
74047
74048
74050
74051
74054
74055
74056
74062
74063
74064
74069
74071
74075
74078
74081
74082
74088
74089
74093
74094
74096
74098
74099
74100
74104
74105
74106
74107
74110
74111
74112
74117
74118
74120
74128
74129
74131
74133
74135
74137
74139
74140
74141
74145
74150
74151
74152
74153
74159
74160
74161
74162
74163
74166
74168
74177
74179
74180
74182
74183
74187
74189
74192
74193
74194
74197
74199
74200
74201
74202
74203
74204
74205
74206
74211
74216
74220
74221
74223
74224
74225
74229
74230
74231
74235
74236
74238
74239
74240
74241
74243
74250
74252
74254
74263
74268
74269
74270
74274
74282
74286
74287
74291
74298
74300
74301
74302
74304
74307
74308
74310
74314
74317
74319
74320
74321
74322
74323
74324
74325
74327
74328
74330
74333
74336
74345
74348
74350
74352
74355
74357
74358
74361
74363
74366
74374
74376
74377
74381
74383
74384
74385
74386
74391
74393
74397
74399
74401
74402
74404
74410
74412
74420
74423
74427
74430
74440
74441
74443
74444
74449
74450
74451
74455
74457
74459
74464
74466
74468
74470
74473
74474
74477
74479
74483
74484
74485
74486
74487
74488
74489
74493
74498
74501
74504
74505
74506
74509
74513
74514
74515
74520
74525
74526
74528
74532
74533
74534
74537
74540
74542
74544
74550
74553
74554
74556
74557
74558
74562
74565
74567
74568
74571
74574
74575
74577
74579
74580
74581
74587
74591
74593
74596
74599
74600
74602
74604
74609
74612
74614
74617
74626
74634
74636
74641
74643
74644
74647
74648
74649
74652
74653
74656
74661
74667
74669
74670
74671
74676
74680
74681
74686
74687
74688
74689
74691
74694
74697
74701
74702
74708
74710
74713
74715
74716
74717
74718
74720
74721
74724
74725
74726
74728
74730
74731
74734
74735
74736
74737
74740
74743
74748
74749
74750
74751
74752
74755
74756
74757
74762
74767
74770
74773
74775
74777
74781
74782
74784
74789
74793
74794
74799
74801
74803
74804
74807
74808
74811
74814
74817
74818
74827
74828
74831
74833
74837
74839
74840
74843
74845
74849
74852
74854
74855
74860
74863
74864
74869
74872
74876
74877
74879
74882
74885
74890
74891
74895
74897
74898
74902
74903
74906
74907
74909
74911
74913
74916
74921
74922
74923
74924
74925
74927
74929
74931
74936
74939
74940
74944
74945
74946
74951
74956
74958
74959
74963
74966
74967
74970
74971
74976
74979
74984
74986
74988
74989
74990
74991
74992
74993
74994
74995
74996
75000
75001
75003
75007
75008
75012
75013
75014
75015
75017
75021
75023
75026
75027
75028
75032
75033
75035
75040
75044
75048
75049
75051
75054
75058
75060
75062
75064
75065
75066
75068
75072
75079
75081
75085
75087
75089
75092
75094
75098
75099
75102
75103
75104
75105
75106
75108
75109
75110
75115
75121
75122
75123
75125
75126
75129
75130
75131
75135
75136
75137
75139
75140
75143
75150
75152
75166
75174
75175
75177
75178
75179
75180
75182
75183
75185
75186
75188
75189
75190
75194
75196
75197
75200
75201
75203
75204
75206
75207
75213
75215
75216
75219
75220
75222
75223
75224
75228
75230
75231
75232
75235
75237
75241
75242
75243
75248
75249
75254
75255
75257
75258
75259
75260
75261
75262
75264
75265
75266
75267
75275
75276
75279
75280
75281
75282
75284
75290
75293
75296
75297
75305
75307
75308
75310
75311
75314
75315
75317
75318
75320
75322
75323
75324
75326
75327
75328
75330
75335
75336
75337
75338
75339
75340
75342
75343
75345
75352
75354
75355
75357
75358
75360
75361
75362
75364
75366
75367
75370
75371
75372
75375
75376
75379
75380
75381
75385
75389
75391
75395
75396
75398
75399
75400
75401
75404
75408
75415
75417
75418
75419
75420
75422
75425
75426
75429
75431
75432
75433
75435
75436
75438
75440
75445
75446
75447
75449
75452
75454
75457
75458
75461
75462
75463
75465
75468
75469
75471
75473
75475
75477
75478
75479
75486
75489
75490
75491
75492
75493
75494
75495
75496
75497
75499
75502
75503
75504
75505
75506
75507
75509
75512
75514
75515
75516
75519
75520
75527
75528
75530
75532
75535
75541
75544
75545
75548
75549
75551
75555
75556
75558
75561
75569
75570
75579
75580
75581
75582
75583
75585
75587
75590
75591
75592
75593
75599
75600
75601
75604
75605
75606
75608
75610
75613
75616
75618
75620
75621
75622
75623
75625
75626
75627
75628
75629
75633
75634
75637
75639
75641
75647
75648
75649
75652
75655
75656
75657
75658
75663
75672
75673
75674
75682
75685
75689
75690
75693
75699
75701
75702
75705
75707
75711
75713
75714
75715
75716
75720
75721
75724
75725
75730
75733
75737
75738
75739
75740
75741
75745
75749
75751
75752
75759
75760
75761
75762
75766
75767
75771
75773
75775
75776
75778
75782
75789
75792
75793
75797
75798
75800
75804
75809
75810
75812
75814
75815
75824
75829
75830
75833
75835
75837
75838
75843
75848
75851
75853
75855
75858
75860
75861
75862
75864
75865
75873
75874
75878
75879
75880
75881
75882
75884
75888
75889
75892
75897
75899
75900
75902
75907
75911
75914
75918
75919
75920
75921
75925
75927
75928
75931
75936
75938
75953
75955
75956
75958
75959
75964
75966
75969
75971
75972
75973
75977
75987
75989
75994
75997
75999
76002
76006
76008
76011
76015
76018
76023
76027
76029
76033
76035
76037
76038
76039
76040
76042
76043
76045
76046
76048
76049
76050
76052
76056
76058
76061
76064
76066
76067
76068
76069
76070
76071
76072
76073
76074
76076
76077
76078
76079
76081
76083
76084
76086
76089
76092
76094
76095
76100
76102
76104
76108
76113
76116
76118
76123
76125
76129
76130
76132
76134
76137
76138
76142
76144
76145
76147
76149
76151
76153
76154
76155
76158
76159
76160
76161
76165
76168
76174
76180
76184
76186
76192
76195
76197
76199
76201
76204
76206
76208
76216
76217
76223
76225
76227
76228
76229
76230
76234
76236
76245
76246
76255
76258
76260
76261
76264
76269
76270
76274
76278
76279
76280
76281
76282
76289
76292
76293
76295
76296
76298
76300
76303
76305
76306
76308
76310
76314
76320
76322
76323
76336
76339
76341
76342
76346
76348
76349
76351
76353
76356
76358
76359
76360
76361
76364
76365
76366
76367
76368
76370
76371
76372
76373
76381
76382
76385
76387
76388
76389
76392
76399
76401
76402
76403
76404
76405
76408
76409
76410
76411
76412
76418
76423
76425
76431
76433
76435
76436
76437
76443
76445
76447
76452
76457
76458
76459
76463
76466
76467
76471
76475
76478
76480
76487
76488
76489
76491
76493
76496
76498
76499
76500
76503
76504
76506
76508
76511
76512
76514
76515
76521
76527
76528
76530
76531
76533
76536
76539
76540
76542
76543
76546
76548
76556
76559
76560
76561
76563
76564
76565
76570
76574
76578
76579
76581
76582
76584
76586
76588
76591
76594
76606
76609
76611
76614
76615
76616
76618
76619
76621
76622
76624
76626
76629
76631
76634
76636
76637
76640
76641
76643
76644
76645
76646
76647
76648
76651
76653
76656
76658
76659
76660
76664
76667
76668
76669
76673
76674
76675
76677
76680
76681
76693
76696
76697
76698
76699
76700
76702
76706
76707
76709
76710
76711
76712
76713
76714
76716
76717
76720
76721
76722
76727
76729
76730
76734
76735
76736
76737
76738
76740
76742
76748
76751
76752
76753
76754
76756
76759
76760
76761
76762
76765
76768
76771
76775
76776
76777
76781
76782
76784
76786
76787
76791
76792
76793
76794
76798
76800
76802
76803
76805
76806
76808
76812
76813
76818
76819
76821
76823
76824
76826
76827
76828
76831
76836
76839
76841
76842
76845
76846
76847
76849
76852
76853
76855
76857
76858
76862
76865
76866
76867
76868
76870
76873
76878
76880
76883
76885
76888
76889
76890
76891
76895
76896
76901
76903
76906
76907
76916
76917
76925
76926
76932
76935
76938
76939
76940
76941
76944
76945
76946
76947
76950
76951
76952
76954
76957
76960
76961
76963
76964
76967
76971
76974
76978
76980
76982
76988
76989
76990
76991
76993
76996
76997
77004
77005
77006
77012
77013
77016
77017
77019
77021
77025
77026
77028
77030
77031
77033
77035
77036
77038
77039
77042
77043
77046
77047
77051
77061
77063
77064
77065
77067
77070
77074
77075
77078
77080
77082
77083
77085
77086
77088
77089
77090
77091
77092
77093
77095
77098
77104
77105
77106
77107
77110
77112
77114
77116
77117
77120
77122
77127
77128
77130
77134
77137
77138
77140
77141
77142
77143
77144
77145
77147
77149
77150
77153
77154
77157
77158
77162
77165
77167
77169
77170
77176
77180
77181
77182
77183
77184
77193
77196
77198
77209
77212
77214
77216
77217
77218
77220
77223
77227
77228
77234
77235
77237
77244
77245
77249
77250
77252
77253
77255
77256
77258
77260
77263
77265
77267
77268
77269
77271
77272
77274
77278
77281
77282
77287
77290
77291
77292
77293
77295
77298
77299
77302
77303
77305
77306
77307
77309
77311
77312
77316
77318
77320
77322
77323
77326
77330
77333
77338
77339
77340
77342
77344
77349
77352
77353
77357
77358
77362
77363
77364
77365
77369
77370
77375
77378
77379
77380
77383
77385
77387
77389
77391
77392
77393
77397
77399
77401
77402
77403
77405
77410
77411
77412
77413
77417
77419
77420
77421
77423
77429
77432
77434
77440
77443
77444
77446
77450
77454
77456
77459
77462
77463
77464
77466
77467
77470
77474
77484
77486
77489
77497
77498
77501
77502
77506
77512
77516
77517
77518
77524
77528
77536
77538
77539
77544
77546
77549
77550
77553
77555
77558
77560
77562
77564
77571
77573
77579
77582
77584
77585
77586
77588
77590
77594
77595
77597
77598
77600
77602
77603
77604
77606
77607
77612
77613
77614
77615
77616
77617
77620
77621
77622
77624
77625
77626
77628
77629
77632
77633
77635
77637
77643
77646
77648
77653
77659
77663
77664
77665
77673
77676
77677
77678
77681
77688
77689
77691
77692
77694
77701
77704
77707
77708
77714
77717
77719
77721
77724
77725
77728
77731
77732
77733
77742
77743
77747
77750
77751
77752
77754
77755
77758
77760
77761
77763
77769
77770
77771
77773
77774
77775
77776
77780
77781
77785
77786
77788
77791
77796
77800
77801
77802
77805
77806
77807
77810
77815
77817
77819
77820
77821
77822
77823
77826
77828
77829
77830
77844
77848
77849
77850
77851
77854
77856
77860
77862
77864
77869
77870
77874
77876
77878
77879
77881
77882
77884
77885
77886
77889
77906
77912
77913
77918
77920
77923
77924
77930
77932
77937
77942
77943
77944
77947
77948
77949
77951
77952
77960
77971
77975
77977
77979
77980
77981
77983
77985
77986
77987
77988
77989
77990
77991
77997
77999
78000
78001
78002
78003
78004
78006
78008
78012
78016
78018
78019
78020
78022
78025
78026
78027
78029
78033
78034
78037
78039
78040
78041
78043
78045
78046
78054
78058
78060
78062
78064
78069
78073
78074
78075
78077
78080
78084
78087
78089
78091
78093
78095
78096
78098
78105
78106
78108
78111
78118
78119
78122
78123
78125
78126
78128
78130
78132
78134
78140
78143
78145
78147
78148
78149
78150
78152
78157
78161
78163
78164
78165
78169
78170
78177
78179
78180
78183
78185
78186
78187
78189
78191
78192
78195
78196
78197
78198
78200
78205
78206
78207
78208
78209
78210
78211
78219
78222
78223
78226
78230
78232
78234
78242
78245
78248
78249
78253
78255
78256
78257
78258
78259
78261
78263
78268
78273
78275
78280
78282
78284
78285
78286
78288
78289
78290
78292
78294
78296
78297
78298
78300
78303
78304
78305
78306
78307
78311
78312
78315
78316
78319
78320
78322
78323
78324
78325
78327
78332
78333
78334
78341
78342
78347
78349
78352
78354
78358
78359
78361
78362
78364
78365
78370
78371
78372
78375
78377
78379
78380
78382
78384
78387
78389
78391
78396
78397
78400
78402
78403
78406
78407
78413
78417
78419
78420
78421
78427
78428
78434
78437
78440
78443
78444
78448
78449
78457
78458
78462
78463
78464
78465
78473
78478
78481
78482
78485
78487
78488
78489
78490
78493
78499
78501
78503
78506
78512
78514
78515
78516
78517
78521
78523
78526
78530
78533
78535
78537
78547
78549
78554
78556
78559
78560
78567
78570
78572
78573
78574
78575
78576
78577
78583
78585
78587
78589
78593
78595
78599
78603
78604
78606
78607
78608
78610
78611
78615
78617
78620
78621
78628
78631
78636
78637
78638
78640
78641
78643
78645
78652
78657
78671
78674
78675
78676
78683
78685
78687
78691
78693
78695
78696
78697
78699
78700
78705
78708
78711
78713
78716
78719
78720
78724
78725
78732
78735
78736
78738
78741
78744
78747
78750
78751
78766
78767
78768
78770
78774
78776
78777
78781
78782
78784
78785
78787
78790
78791
78795
78802
78803
78805
78809
78811
78816
78821
78823
78824
78825
78826
78827
78835
78837
78838
78841
78844
78845
78847
78848
78849
78851
78858
78860
78862
78865
78869
78878
78884
78885
78890
78891
78892
78893
78898
78901
78905
78912
78913
78915
78919
78920
78922
78923
78925
78927
78928
78929
78931
78932
78933
78934
78935
78937
78938
78944
78946
78947
78949
78950
78951
78952
78954
78956
78961
78964
78967
78971
78979
78982
78984
78989
78991
78992
78997
79000
79008
79011
79015
79016
79017
79018
79020
79022
79023
79024
79026
79029
79031
79033
79036
79037
79042
79044
79045
79046
79049
79052
79053
79054
79057
79058
79059
79061
79062
79071
79073
79075
79077
79083
79084
79085
79086
79088
79091
79094
79096
79098
79100
79103
79105
79109
79113
79114
79115
79117
79118
79119
79120
79122
79123
79126
79127
79132
79138
79139
79140
79141
79143
79147
79149
79150
79152
79154
79155
79164
79165
79167
79170
79172
79173
79174
79178
79182
79184
79185
79186
79190
79195
79196
79201
79204
79205
79207
79210
79212
79213
79214
79217
79219
79220
79221
79222
79225
79226
79227
79232
79234
79237
79239
79241
79242
79243
79248
79249
79254
79258
79259
79260
79263
79266
79268
79272
79273
79277
79280
79281
79285
79286
79289
79293
79297
79298
79300
79301
79305
79307
79309
79310
79312
79313
79318
79320
79321
79322
79326
79327
79328
79330
79331
79336
79338
79341
79342
79343
79344
79346
79351
79354
79366
79369
79370
79372
79375
79376
79377
79381
79383
79385
79386
79388
79394
79395
79399
79405
79408
79420
79422
79423
79426
79428
79433
79434
79435
79440
79445
79446
79449
79450
79452
79453
79454
79457
79460
79462
79468
79470
79471
79472
79476
79477
79478
79482
79483
79484
79490
79497
79498
79500
79502
79503
79504
79506
79508
79510
79512
79513
79515
79517
79524
79525
79526
79527
79531
79534
79535
79538
79545
79547
79550
79551
79559
79562
79567
79569
79573
79575
79580
79581
79584
79589
79593
79596
79597
79599
79604
79608
79609
79610
79617
79619
79621
79622
79623
79624
79627
79629
79630
79631
79635
79636
79638
79639
79643
79647
79649
79651
79652
79655
79657
79659
79661
79664
79665
79666
79668
79677
79679
79690
79694
79697
79698
79699
79703
79705
79707
79709
79710
79711
79712
79713
79721
79723
79724
79726
79733
79736
79738
79739
79740
79742
79744
79749
79750
79751
79752
79754
79756
79757
79761
79762
79764
79765
79766
79770
79774
79775
79781
79783
79788
79789
79790
79792
79795
79807
79810
79814
79816
79817
79819
79820
79823
79826
79830
79834
79835
79837
79840
79841
79846
79850
79852
79854
79858
79861
79863
79865
79868
79869
79870
79872
79873
79874
79881
79885
79892
79896
79897
79898
79900
79902
79911
79913
79914
79918
79922
79925
79930
79931
79932
79933
79937
79940
79944
79946
79947
79949
79952
79955
79956
79957
79961
79963
79965
79968
79969
79971
79972
79980
79983
79987
79990
79991
79993
79994
79998
80000
80009
80010
80011
80012
80015
80017
80018
80019
80021
80024
80025
80032
80037
80039
80045
80047
80048
80049
80050
80053
80054
80055
80058
80059
80060
80063
80064
80065
80068
80071
80072
80082
80084
80086
80088
80089
80090
80091
80096
80100
80103
80105
80107
80109
80111
80113
80115
80116
80117
80120
80123
80126
80131
80132
80133
80137
80138
80139
80147
80152
80153
80154
80158
80160
80165
80170
80173
80174
80176
80177
80187
80188
80189
80190
80195
80196
80200
80201
80203
80207
80208
80211
80218
80219
80222
80224
80231
80234
80239
80240
80243
80244
80245
80246
80253
80254
80255
80256
80257
80258
80259
80260
80266
80270
80271
80272
80276
80277
80278
80279
80289
80291
80295
80299
80301
80303
80305
80307
80308
80313
80314
80316
80317
80321
80322
80327
80330
80331
80335
80336
80337
80338
80342
80344
80347
80350
80351
80352
80353
80355
80357
80358
80361
80363
80365
80367
80368
80369
80376
80379
80384
80386
80387
80388
80390
80393
80395
80403
80405
80406
80412
80414
80417
80419
80421
80423
80425
80426
80431
80432
80436
80439
80440
80446
80447
80451
80455
80456
80457
80459
80464
80466
80470
80472
80476
80478
80479
80483
80486
80487
80489
80490
80493
80496
80500
80505
80506
80511
80513
80516
80520
80523
80524
80525
80527
80529
80532
80534
80535
80537
80542
80543
80547
80549
80552
80553
80556
80557
80558
80559
80560
80562
80563
80566
80567
80569
80570
80571
80572
80576
80578
80579
80583
80589
80597
80598
80601
80602
80606
80608
80612
80615
80618
80622
80625
80627
80636
80640
80641
80642
80643
80645
80646
80649
80650
80653
80661
80669
80670
80671
80673
80679
80680
80681
80685
80688
80692
80695
80696
80697
80699
80704
80706
80711
80717
80719
80722
80723
80724
80728
80731
80732
80736
80737
80738
80740
80743
80745
80747
80753
80754
80756
80757
80761
80763
80772
80776
80781
80785
80787
80789
80797
80798
80800
80801
80803
80807
80815
80816
80817
80818
80819
80820
80822
80823
80830
80831
80832
80834
80835
80837
80840
80842
80843
80844
80846
80849
80851
80852
80853
80854
80855
80858
80860
80866
80867
80868
80870
80872
80878
80879
80890
80891
80892
80893
80895
80898
80900
80904
80909
80912
80915
80916
80918
80922
80928
80931
80935
80939
80940
80943
80946
80949
80952
80960
80963
80968
80969
80972
80973
80975
80982
80983
80986
80988
80992
80993
80999
81007
81009
81010
81011
81014
81015
81016
81020
81021
81026
81028
81033
81034
81036
81037
81041
81042
81043
81050
81054
81060
81065
81066
81072
81077
81080
81082
81083
81084
81085
81087
81088
81093
81094
81096
81098
81100
81101
81105
81108
81109
81111
81112
81113
81116
81117
81119
81122
81123
81126
81131
81133
81137
81139
81142
81146
81149
81159
81160
81161
81165
81166
81167
81168
81174
81175
81181
81183
81185
81187
81188
81189
81190
81193
81194
81195
81197
81199
81203
81204
81208
81210
81211
81212
81213
81215
81218
81219
81221
81222
81225
81228
81231
81232
81233
81234
81235
81236
81237
81244
81246
81248
81249
81250
81253
81257
81263
81264
81266
81269
81273
81276
81279
81280
81281
81284
81286
81287
81288
81292
81293
81294
81295
81296
81301
81303
81304
81305
81312
81316
81321
81322
81324
81325
81332
81333
81335
81336
81338
81339
81340
81341
81342
81344
81345
81347
81348
81349
81350
81351
81353
81354
81355
81356
81358
81359
81360
81361
81362
81367
81368
81374
81380
81383
81384
81385
81391
81392
81394
81395
81396
81398
81400
81401
81403
81406
81407
81408
81409
81411
81414
81417
81420
81425
81427
81432
81434
81439
81446
81447
81450
81456
81457
81464
81465
81466
81472
81473
81475
81477
81479
81480
81481
81482
81485
81486
81487
81488
81489
81490
81491
81494
81495
81497
81498
81500
81501
81505
81509
81513
81516
81517
81519
81520
81522
81525
81527
81528
81530
81533
81537
81539
81541
81544
81547
81549
81551
81555
81556
81558
81560
81566
81572
81576
81579
81580
81581
81582
81585
81586
81588
81589
81591
81592
81596
81604
81614
81615
81616
81617
81618
81620
81624
81629
81634
81637
81638
81639
81641
81642
81645
81646
81648
81650
81651
81652
81654
81657
81658
81659
81663
81664
81665
81669
81670
81673
81680
81683
81684
81703
81704
81705
81715
81717
81718
81723
81726
81727
81730
81731
81732
81744
81748
81750
81752
81756
81760
81761
81765
81770
81773
81779
81783
81784
81785
81786
81787
81794
81796
81797
81798
81800
81809
81810
81811
81814
81817
81819
81824
81827
81837
81838
81841
81842
81845
81857
81858
81859
81860
81861
81867
81868
81870
81872
81873
81875
81878
81885
81886
81887
81894
81896
81897
81898
81902
81904
81905
81906
81908
81910
81918
81924
81925
81929
81930
81936
81937
81938
81941
81944
81954
81961
81963
81964
81966
81970
81973
81977
81978
81979
81980
81984
81987
81988
81989
81991
81992
81994
81999
82000
82003
82004
82007
82010
82012
82015
82017
82018
82019
82020
82023
82024
82033
82035
82038
82040
82042
82047
82049
82054
82060
82061
82064
82066
82067
82068
82071
82072
82073
82080
82082
82083
82089
82092
82094
82095
82099
82105
82106
82111
82112
82113
82115
82116
82117
82124
82127
82134
82135
82139
82140
82147
82148
82149
82151
82156
82157
82159
82160
82162
82165
82168
82170
82172
82173
82180
82184
82188
82189
82193
82194
82197
82200
82201
82206
82207
82210
82212
82218
82220
82221
82222
82225
82227
82228
82229
82236
82237
82241
82242
82243
82245
82247
82248
82250
82251
82253
82254
82257
82258
82259
82266
82269
82271
82272
82273
82275
82276
82278
82279
82286
82287
82293
82297
82299
82302
82305
82306
82311
82314
82320
82322
82323
82324
82325
82334
82337
82348
82349
82351
82353
82355
82358
82359
82362
82363
82369
82372
82377
82381
82382
82384
82385
82386
82388
82389
82390
82391
82395
82396
82397
82398
82400
82402
82405
82409
82415
82418
82421
82422
82426
82428
82431
82432
82433
82434
82435
82436
82440
82444
82454
82455
82459
82461
82464
82466
82467
82469
82470
82478
82479
82482
82484
82485
82487
82488
82489
82493
82496
82497
82498
82501
82505
82506
82510
82511
82512
82515
82518
82520
82525
82526
82528
82529
82531
82532
82534
82536
82537
82539
82541
82544
82549
82551
82555
82558
82559
82563
82569
82570
82573
82575
82578
82581
82583
82585
82586
82591
82596
82597
82598
82601
82602
82604
82608
82610
82612
82615
82617
82618
82619
82621
82622
82628
82630
82632
82634
82637
82643
82644
82646
82651
82652
82661
82670
82672
82674
82677
82679
82680
82684
82685
82687
82688
82693
82696
82697
82698
82699
82700
82702
82704
82708
82710
82711
82712
82716
82717
82718
82721
82723
82729
82732
82733
82735
82741
82747
82750
82751
82755
82756
82760
82763
82766
82767
82773
82777
82782
82785
82788
82792
82793
82797
82800
82802
82804
82807
82808
82811
82812
82816
82819
82823
82833
82835
82838
82841
82842
82844
82848
82850
82857
82858
82864
82866
82867
82868
82874
82875
82879
82881
82888
82891
82892
82893
82896
82898
82899
82902
82905
82907
82908
82913
82915
82916
82921
82923
82926
82930
82931
82933
82934
82937
82938
82939
82943
82945
82950
82952
82954
82956
82959
82960
82967
82972
82975
82977
82978
82979
82980
82984
82987
82989
82991
82996
82999
83004
83006
83008
83011
83012
83013
83015
83019
83023
83026
83030
83040
83045
83046
83047
83051
83052
83056
83058
83059
83060
83072
83073
83075
83076
83080
83081
83082
83083
83084
83096
83098
83099
83101
83106
83108
83110
83111
83113
83114
83115
83117
83120
83122
83123
83125
83128
83131
83132
83144
83146
83150
83152
83153
83155
83157
83158
83160
83164
83166
83167
83171
83177
83184
83185
83186
83189
83193
83195
83197
83198
83201
83208
83210
83212
83214
83216
83218
83220
83223
83224
83225
83226
83228
83229
83230
83231
83233
83241
83245
83246
83253
83258
83260
83262
83264
83265
83267
83270
83272
83274
83275
83278
83284
83285
83286
83288
83290
83296
83305
83312
83313
83321
83322
83324
83327
83330
83331
83336
83342
83343
83347
83351
83352
83355
83359
83361
83369
83372
83374
83378
83379
83380
83391
83394
83396
83398
83399
83412
83417
83421
83422
83425
83427
83428
83434
83437
83440
83441
83443
83445
83446
83449
83451
83452
83456
83457
83459
83462
83465
83469
83477
83485
83486
83487
83489
83492
83493
83494
83495
83497
83498
83499
83500
83501
83502
83503
83509
83512
83513
83514
83517
83519
83520
83521
83523
83526
83530
83531
83534
83535
83538
83540
83542
83546
83548
83551
83553
83554
83556
83557
83559
83562
83564
83565
83567
83568
83574
83575
83576
83578
83580
83582
83583
83584
83585
83590
83592
83593
83599
83601
83602
83603
83605
83606
83608
83609
83613
83616
83617
83618
83620
83623
83626
83631
83632
83633
83634
83635
83636
83639
83640
83642
83646
83647
83648
83650
83651
83652
83659
83660
83662
83663
83667
83671
83673
83674
83677
83681
83684
83686
83687
83694
83695
83696
83698
83704
83706
83708
83711
83712
83714
83716
83717
83719
83722
83724
83726
83729
83731
83739
83740
83742
83743
83744
83750
83754
83757
83758
83762
83764
83765
83770
83778
83782
83784
83788
83790
83793
83795
83797
83800
83801
83807
83808
83811
83812
83814
83817
83823
83824
83828
83838
83841
83847
83848
83849
83851
83853
83855
83857
83858
83862
83863
83866
83868
83871
83874
83876
83878
83879
83881
83882
83885
83888
83889
83893
83895
83896
83897
83901
83902
83903
83905
83907
83909
83915
83920
83921
83928
83929
83932
83934
83935
83938
83940
83945
83947
83949
83951
83952
83954
83957
83964
83967
83971
83973
83974
83975
83977
83982
83985
83986
83994
83996
84003
84008
84010
84012
84014
84015
84017
84019
84021
84024
84026
84027
84029
84031
84037
84039
84040
84041
84044
84047
84048
84049
84050
84053
84058
84060
84068
84069
84071
84072
84073
84074
84076
84079
84080
84081
84084
84086
84092
84095
84096
84099
84106
84107
84109
84112
84113
84114
84116
84120
84121
84124
84129
84130
84133
84134
84135
84138
84140
84145
84150
84152
84160
84163
84164
84176
84179
84185
84186
84188
84189
84192
84194
84195
84199
84201
84203
84206
84208
84209
84212
84213
84218
84220
84222
84225
84226
84228
84229
84231
84232
84234
84239
84243
84244
84247
84249
84250
84257
84265
84267
84271
84272
84273
84274
84276
84277
84280
84282
84286
84294
84295
84297
84298
84302
84303
84309
84310
84311
84313
84314
84317
84318
84323
84324
84331
84332
84338
84340
84342
84348
84352
84353
84354
84357
84361
84362
84363
84364
84367
84369
84371
84374
84380
84381
84384
84387
84389
84390
84391
84393
84394
84395
84396
84401
84404
84407
84408
84418
84419
84422
84425
84426
84429
84433
84435
84441
84443
84444
84445
84446
84448
84450
84452
84455
84457
84458
84459
84464
84466
84467
84469
84473
84474
84477
84481
84484
84486
84494
84497
84500
84501
84502
84504
84507
84508
84513
84529
84532
84535
84536
84537
84538
84540
84541
84545
84546
84549
84550
84554
84556
84557
84562
84563
84565
84570
84571
84574
84575
84576
84577
84580
84582
84589
84591
84592
84595
84601
84602
84604
84609
84612
84618
84620
84623
84624
84626
84629
84632
84634
84635
84636
84637
84638
84640
84642
84643
84644
84646
84647
84649
84655
84658
84661
84664
84670
84678
84680
84681
84685
84686
84691
84697
84698
84699
84701
84705
84707
84709
84715
84717
84718
84720
84721
84722
84723
84727
84728
84731
84736
84744
84745
84746
84748
84749
84751
84755
84760
84762
84766
84767
84768
84770
84772
84774
84776
84779
84780
84787
84788
84791
84793
84796
84801
84805
84810
84811
84815
84816
84817
84818
84819
84823
84824
84828
84833
84836
84839
84845
84853
84854
84855
84865
84866
84872
84874
84875
84878
84879
84881
84885
84887
84889
84890
84891
84894
84895
84898
84900
84901
84905
84906
84907
84909
84910
84911
84916
84917
84918
84919
84921
84923
84926
84930
84931
84932
84934
84935
84938
84941
84944
84946
84948
84951
84954
84957
84964
84969
84972
84974
84976
84984
84986
84991
84994
84995
84997
85000
85001
85005
85008
85015
85016
85017
85020
85023
85024
85025
85026
85031
85037
85042
85043
85044
85047
85050
85054
85057
85062
85063
85072
85073
85074
85075
85084
85086
85088
85092
85095
85097
85101
85103
85105
85107
85108
85110
85111
85112
85113
85119
85120
85123
85125
85126
85129
85131
85135
85139
85144
85145
85146
85151
85154
85156
85160
85162
85163
85166
85174
85175
85176
85177
85178
85181
85183
85185
85186
85187
85189
85190
85193
85194
85196
85200
85210
85212
85222
85223
85224
85225
85227
85228
85231
85233
85234
85236
85238
85248
85249
85250
85251
85252
85254
85256
85265
85266
85267
85270
85277
85281
85284
85285
85286
85288
85289
85292
85295
85298
85300
85305
85310
85311
85314
85316
85318
85319
85322
85324
85325
85339
85341
85343
85346
85347
85348
85353
85354
85357
85358
85363
85365
85366
85367
85376
85377
85378
85379
85381
85382
85383
85384
85392
85395
85399
85401
85403
85404
85406
85408
85410
85414
85416
85419
85420
85421
85425
85427
85428
85429
85432
85434
85436
85437
85446
85452
85457
85458
85459
85460
85463
85464
85465
85469
85471
85473
85475
85476
85477
85480
85482
85486
85491
85492
85495
85496
85497
85501
85502
85503
85505
85510
85514
85516
85517
85518
85522
85527
85529
85542
85549
85550
85552
85557
85558
85559
85562
85567
85569
85570
85571
85579
85580
85585
85586
85594
85596
85597
85598
85599
85600
85601
85603
85608
85609
85611
85612
85613
85614
85615
85616
85617
85620
85621
85622
85623
85625
85628
85632
85634
85635
85639
85641
85643
85644
85646
85647
85649
85651
85654
85657
85659
85660
85662
85663
85666
85671
85673
85676
85677
85679
85681
85683
85689
85690
85703
85708
85721
85723
85728
85729
85730
85735
85739
85745
85747
85750
85751
85759
85760
85763
85765
85769
85770
85773
85774
85775
85776
85783
85784
85786
85788
85789
85791
85795
85797
85800
85802
85804
85806
85811
85813
85815
85817
85820
85823
85824
85826
85830
85831
85832
85836
85838
85841
85842
85843
85845
85849
85850
85858
85862
85863
85864
85866
85868
85870
85875
85877
85881
85884
85886
85891
85892
85894
85895
85898
85901
85903
85904
85905
85906
85910
85912
85921
85922
85926
85929
85937
85938
85941
85943
85945
85946
85950
85957
85958
85959
85962
85966
85972
85973
85975
85978
85979
85982
85983
85984
85986
85987
85988
85989
85993
85994
85997
86000
86003
86004
86006
86007
86016
86017
86018
86019
86024
86029
86034
86035
86036
86037
86039
86043
86045
86047
86048
86055
86060
86062
86063
86064
86072
86074
86077
86080
86083
86084
86091
86093
86099
86100
86105
86106
86113
86115
86116
86117
86120
86121
86122
86124
86126
86130
86133
86135
86142
86143
86148
86153
86155
86158
86160
86166
86170
86180
86184
86186
86190
86193
86196
86198
86201
86204
86210
86214
86216
86217
86219
86220
86223
86225
86226
86227
86228
86230
86231
86232
86236
86241
86244
86252
86254
86258
86261
86262
86263
86265
86268
86271
86272
86274
86275
86279
86280
86283
86284
86286
86287
86294
86295
86297
86300
86301
86302
86303
86305
86306
86307
86308
86315
86316
86317
86321
86323
86324
86325
86326
86327
86329
86330
86335
86338
86340
86343
86344
86348
86351
86353
86354
86355
86363
86364
86365
86366
86368
86370
86372
86373
86374
86376
86377
86378
86379
86385
86387
86389
86394
86399
86400
86403
86405
86406
86408
86410
86411
86412
86414
86416
86417
86418
86420
86423
86424
86425
86433
86436
86442
86443
86445
86448
86452
86455
86463
86466
86467
86468
86469
86472
86473
86478
86479
86485
86490
86491
86498
86499
86504
86506
86507
86508
86511
86512
86513
86514
86518
86519
86520
86522
86523
86525
86526
86527
86528
86531
86534
86535
86536
86538
86541
86542
86543
86544
86546
86549
86555
86558
86560
86561
86564
86569
86570
86573
86575
86585
86586
86587
86591
86593
86595
86598
86601
86602
86603
86605
86607
86608
86611
86612
86613
86615
86616
86621
86622
86623
86626
86628
86630
86631
86632
86635
86636
86641
86642
86644
86646
86648
86653
86655
86659
86662
86665
86667
86671
86675
86676
86679
86681
86686
86689
86695
86697
86704
86706
86707
86708
86711
86715
86717
86720
86724
86725
86726
86730
86731
86732
86738
86740
86742
86745
86746
86748
86750
86751
86753
86756
86760
86761
86763
86764
86766
86767
86771
86773
86776
86777
86779
86780
86784
86787
86791
86793
86794
86795
86798
86799
86802
86806
86809
86811
86812
86813
86815
86816
86820
86821
86825
86829
86833
86840
86841
86844
86849
86851
86853
86855
86860
86865
86867
86869
86871
86876
86877
86880
86882
86883
86884
86887
86890
86891
86892
86897
86903
86906
86907
86908
86914
86916
86923
86926
86932
86934
86937
86938
86939
86944
86948
86951
86952
86954
86956
86957
86962
86966
86967
86970
86973
86982
86983
86988
86989
86990
86996
86997
86999
87006
87007
87008
87009
87011
87019
87020
87026
87030
87031
87032
87033
87045
87052
87054
87055
87057
87060
87064
87066
87069
87073
87075
87076
87081
87086
87089
87096
87097
87098
87099
87104
87105
87106
87108
87109
87110
87112
87115
87116
87117
87119
87120
87123
87127
87128
87129
87130
87132
87135
87138
87140
87141
87147
87150
87153
87155
87157
87160
87166
87171
87172
87173
87174
87175
87179
87181
87187
87190
87192
87194
87197
87203
87206
87207
87208
87214
87220
87222
87228
87229
87241
87242
87244
87245
87247
87250
87256
87257
87262
87264
87266
87269
87275
87278
87279
87281
87285
87286
87293
87301
87303
87309
87310
87311
87312
87313
87314
87317
87319
87324
87326
87327
87330
87336
87337
87338
87341
87342
87343
87350
87351
87354
87355
87357
87360
87363
87364
87365
87366
87367
87369
87370
87373
87374
87377
87378
87382
87384
87393
87395
87396
87397
87398
87403
87410
87413
87416
87418
87420
87422
87423
87425
87429
87433
87435
87438
87442
87443
87444
87445
87447
87451
87460
87464
87465
87470
87472
87474
87476
87477
87480
87481
87483
87485
87489
87493
87494
87500
87502
87506
87508
87512
87513
87520
87522
87527
87528
87533
87536
87540
87541
87543
87546
87547
87549
87554
87557
87558
87561
87562
87565
87567
87568
87569
87570
87572
87576
87577
87578
87579
87582
87583
87593
87599
87600
87602
87604
87606
87607
87608
87609
87610
87612
87616
87617
87619
87622
87623
87625
87626
87627
87632
87638
87641
87643
87644
87650
87651
87656
87659
87662
87663
87667
87668
87670
87672
87676
87678
87680
87682
87687
87689
87690
87694
87695
87701
87703
87706
87708
87709
87710
87712
87715
87716
87719
87723
87725
87731
87737
87738
87740
87743
87747
87748
87749
87750
87751
87756
87757
87759
87760
87761
87762
87773
87774
87775
87778
87779
87780
87781
87783
87784
87785
87789
87791
87792
87795
87797
87802
87804
87807
87810
87811
87814
87817
87819
87822
87825
87826
87828
87829
87830
87832
87834
87838
87840
87841
87842
87843
87849
87850
87853
87855
87856
87867
87869
87870
87871
87882
87883
87884
87888
87890
87892
87894
87900
87901
87910
87911
87922
87923
87927
87928
87930
87933
87934
87936
87937
87939
87941
87943
87952
87953
87954
87956
87957
87959
87960
87964
87965
87967
87968
87970
87972
87973
87976
87979
87980
87984
87986
87990
87991
87995
87996
87998
87999
88000
88004
88010
88013
88015
88017
88022
88027
88034
88037
88038
88043
88045
88047
88055
88058
88059
88061
88064
88066
88068
88071
88072
88073
88075
88079
88081
88085
88086
88088
88090
88091
88092
88093
88094
88095
88098
88102
88104
88105
88108
88110
88113
88118
88119
88121
88125
88126
88130
88132
88133
88138
88142
88144
88146
88149
88156
88158
88161
88162
88164
88166
88173
88178
88180
88181
88182
88183
88184
88185
88186
88192
88193
88194
88198
88200
88201
88205
88215
88216
88217
88218
88223
88228
88232
88233
88234
88238
88243
88247
88251
88257
88259
88262
88268
88273
88274
88278
88279
88280
88281
88282
88290
88294
88295
88300
88301
88308
88310
88311
88313
88315
88318
88321
88322
88325
88326
88328
88329
88337
88340
88341
88343
88346
88350
88351
88353
88356
88357
88361
88362
88367
88375
88376
88378
88379
88380
88381
88383
88385
88387
88388
88392
88396
88401
88406
88408
88410
88411
88418
88419
88422
88423
88425
88428
88429
88442
88445
88447
88448
88449
88450
88451
88452
88455
88456
88458
88461
88463
88465
88466
88469
88473
88474
88475
88476
88477
88478
88480
88483
88484
88485
88486
88490
88495
88497
88500
88501
88502
88512
88513
88515
88517
88522
88526
88528
88529
88530
88533
88540
88541
88544
88548
88551
88553
88554
88556
88557
88558
88560
88566
88567
88569
88572
88573
88576
88584
88585
88591
88592
88594
88600
88603
88605
88606
88609
88610
88613
88617
88622
88623
88629
88631
88633
88634
88637
88639
88643
88649
88650
88651
88653
88655
88656
88665
88666
88670
88673
88678
88679
88685
88691
88692
88696
88698
88700
88703
88704
88705
88712
88715
88716
88724
88732
88733
88734
88735
88739
88744
88747
88749
88752
88753
88757
88760
88764
88766
88768
88770
88785
88787
88789
88790
88793
88794
88797
88803
88807
88812
88814
88816
88824
88826
88827
88828
88830
88833
88834
88841
88842
88844
88847
88849
88850
88851
88852
88854
88858
88866
88870
88872
88875
88876
88877
88878
88879
88881
88884
88894
88898
88900
88905
88907
88912
88917
88918
88919
88931
88936
88941
88942
88943
88945
88948
88953
88960
88962
88963
88965
88966
88969
88970
88971
88975
88977
88978
88980
88981
88982
88983
88986
88989
88990
88992
88995
88996
88998
88999
89001
89002
89008
89009
89012
89013
89014
89015
89018
89030
89031
89032
89036
89039
89041
89053
89055
89060
89063
89067
89068
89072
89077
89079
89082
89084
89088
89092
89095
89099
89102
89105
89106
89109
89111
89113
89115
89117
89118
89121
89122
89123
89124
89126
89130
89133
89134
89137
89139
89141
89144
89145
89146
89147
89148
89152
89153
89155
89160
89161
89172
89178
89179
89181
89187
89190
89193
89198
89205
89218
89225
89227
89234
89235
89236
89237
89241
89242
89245
89248
89249
89251
89254
89255
89257
89261
89262
89263
89264
89265
89266
89268
89270
89271
89274
89276
89285
89286
89287
89288
89291
89292
89293
89295
89298
89300
89303
89304
89305
89306
89312
89313
89314
89317
89320
89321
89322
89324
89326
89328
89329
89331
89338
89344
89346
89347
89348
89351
89363
89365
89366
89368
89370
89374
89378
89380
89382
89383
89386
89387
89388
89389
89392
89399
89403
89413
89415
89417
89420
89422
89426
89427
89430
89432
89434
89435
89439
89440
89441
89444
89445
89451
89454
89456
89458
89462
89463
89464
89471
89478
89480
89482
89490
89493
89494
89495
89497
89500
89503
89506
89507
89508
89513
89514
89516
89518
89519
89522
89524
89531
89534
89536
89537
89540
89542
89543
89546
89550
89553
89560
89562
89563
89574
89576
89577
89578
89582
89583
89586
89593
89597
89598
89599
89600
89603
89604
89606
89616
89617
89620
89621
89622
89626
89627
89629
89630
89635
89637
89639
89645
89647
89650
89653
89655
89657
89660
89662
89664
89673
89676
89678
89679
89681
89684
89691
89692
89693
89695
89696
89699
89702
89705
89706
89707
89708
89710
89716
89722
89723
89724
89725
89728
89729
89730
89732
89736
89742
89743
89745
89746
89751
89752
89755
89756
89759
89760
89762
89763
89764
89768
89769
89781
89782
89783
89784
89785
89787
89788
89792
89793
89795
89796
89799
89800
89801
89807
89810
89817
89818
89826
89829
89830
89832
89836
89838
89842
89843
89846
89847
89848
89850
89854
89856
89862
89863
89865
89870
89871
89879
89881
89882
89885
89891
89892
89895
89897
89898
89899
89900
89901
89902
89909
89912
89914
89916
89923
89930
89932
89934
89945
89951
89954
89958
89965
89969
89971
89976
89983
89991
89993
89996
89997
89999
90002
90004
90005
90006
90008
90010
90012
90014
90019
90021
90026
90027
90031
90039
90040
90047
90048
90050
90051
90053
90054
90062
90067
90069
90072
90082
90085
90086
90090
90091
90092
90093
90096
90101
90105
90106
90107
90109
90110
90111
90112
90115
90117
90118
90123
90125
90127
90128
90130
90131
90144
90147
90148
90149
90152
90153
90154
90155
90159
90165
90170
90173
90174
90177
90178
90181
90184
90190
90193
90197
90198
90208
90210
90222
90226
90227
90229
90232
90237
90239
90241
90244
90245
90251
90252
90253
90256
90258
90262
90274
90275
90276
90277
90279
90289
90290
90303
90304
90308
90309
90312
90313
90315
90319
90321
90326
90328
90332
90335
90336
90337
90355
90357
90359
90360
90363
90367
90370
90371
90375
90377
90379
90382
90385
90387
90390
90392
90394
90400
90403
90405
90406
90409
90410
90419
90423
90425
90438
90440
90446
90448
90450
90452
90455
90463
90464
90465
90468
90472
90473
90478
90483
90484
90485
90493
90494
90496
90500
90502
90512
90513
90521
90523
90527
90535
90536
90538
90540
90543
90546
90558
90560
90563
90565
90569
90571
90572
90574
90579
90581
90582
90587
90593
90594
90598
90599
90602
90603
90604
90605
90606
90609
90616
90619
90622
90624
90628
90630
90635
90639
90641
90642
90650
90651
90652
90654
90655
90657
90659
90660
90668
90673
90675
90678
90679
90680
90684
90687
90689
90690
90691
90692
90694
90696
90700
90702
90706
90708
90710
90712
90713
90715
90716
90718
90721
90729
90737
90741
90748
90751
90752
90757
90758
90759
90760
90762
90765
90766
90767
90781
90785
90787
90788
90789
90790
90792
90793
90798
90800
90804
90808
90810
90815
90816
90821
90824
90830
90832
90833
90836
90837
90840
90842
90843
90846
90851
90859
90861
90865
90867
90875
90879
90881
90886
90887
90888
90889
90897
90900
90902
90905
90906
90907
90908
90915
90917
90920
90922
90923
90924
90931
90932
90934
90936
90938
90939
90940
90942
90944
90946
90948
90950
90955
90958
90959
90960
90961
90963
90964
90966
90967
90968
90973
90975
90976
90977
90979
90980
90983
90984
90991
90998
90999
91000
91006
91009
91010
91015
91017
91020
91022
91027
91028
91030
91032
91035
91037
91040
91042
91044
91045
91046
91047
91050
91051
91052
91053
91056
91057
91059
91066
91068
91070
91071
91073
91074
91077
91080
91083
91086
91087
91088
91090
91092
91093
91094
91098
91101
91106
91108
91109
91114
91121
91124
91130
91131
91132
91133
91135
91137
91139
91140
91145
91149
91151
91154
91155
91157
91159
91161
91162
91164
91167
91168
91169
91170
91171
91173
91179
91181
91182
91191
91192
91193
91194
91196
91197
91203
91204
91207
91210
91212
91216
91220
91221
91224
91225
91230
91231
91236
91246
91247
91248
91250
91251
91255
91257
91259
91260
91264
91266
91268
91274
91277
91278
91279
91280
91283
91284
91285
91287
91291
91292
91297
91300
91302
91311
91312
91314
91315
91318
91319
91323
91324
91332
91337
91338
91340
91341
91342
91345
91346
91349
91351
91356
91357
91359
91360
91364
91369
91373
91384
91385
91389
91391
91392
91394
91395
91397
91399
91400
91410
91413
91416
91417
91422
91424
91426
91430
91431
91433
91435
91436
91437
91438
91443
91451
91452
91456
91458
91464
91465
91467
91469
91471
91473
91477
91480
91482
91483
91486
91488
91490
91493
91500
91501
91502
91508
91514
91515
91521
91524
91526
91531
91534
91535
91539
91540
91542
91543
91546
91547
91552
91553
91563
91566
91567
91569
91576
91578
91581
91583
91584
91585
91587
91590
91593
91596
91597
91599
91600
91601
91606
91607
91609
91610
91613
91614
91615
91616
91621
91623
91625
91628
91630
91633
91635
91636
91645
91647
91648
91662
91663
91671
91672
91676
91681
91685
91687
91689
91690
91692
91694
91699
91700
91703
91704
91710
91712
91719
91720
91726
91730
91733
91734
91746
91748
91749
91750
91751
91752
91753
91755
91756
91759
91760
91761
91765
91767
91769
91772
91773
91775
91779
91781
91783
91784
91786
91788
91792
91793
91794
91796
91798
91802
91805
91806
91807
91808
91811
91817
91823
91831
91832
91838
91839
91840
91841
91847
91848
91850
91857
91858
91860
91861
91864
91867
91868
91871
91879
91880
91881
91891
91892
91894
91896
91899
91905
91906
91907
91910
91915
91917
91918
91924
91926
91929
91930
91938
91939
91943
91945
91953
91954
91956
91958
91959
91964
91967
91968
91971
91974
91975
91976
91978
91980
91981
91983
91987
91988
91989
91992
91993
91997
92003
92004
92005
92007
92010
92011
92015
92016
92019
92020
92021
92023
92025
92033
92037
92041
92043
92045
92046
92047
92048
92049
92050
92054
92055
92056
92059
92060
92062
92064
92065
92068
92069
92071
92073
92075
92076
92082
92083
92085
92091
92100
92109
92111
92112
92117
92118
92119
92120
92121
92130
92132
92135
92138
92139
92142
92144
92146
92150
92151
92153
92155
92156
92159
92162
92163
92164
92165
92172
92174
92178
92180
92184
92186
92187
92188
92190
92193
92199
92201
92204
92206
92212
92213
92215
92216
92217
92222
92223
92226
92235
92236
92237
92239
92241
92243
92244
92247
92253
92255
92257
92259
92260
92262
92263
92266
92269
92278
92279
92280
92283
92284
92288
92295
92296
92297
92299
92303
92304
92306
92314
92320
92326
92330
92332
92335
92339
92340
92341
92342
92344
92352
92357
92358
92361
92366
92367
92368
92372
92375
92376
92378
92381
92382
92383
92384
92385
92386
92402
92403
92405
92410
92413
92414
92417
92418
92423
92429
92430
92431
92433
92436
92438
92440
92441
92444
92447
92448
92458
92460
92462
92463
92464
92466
92469
92472
92473
92480
92484
92486
92487
92488
92489
92490
92493
92494
92500
92506
92520
92524
92525
92526
92527
92531
92533
92535
92536
92543
92548
92550
92561
92574
92576
92581
92584
92589
92590
92593
92594
92604
92606
92607
92612
92614
92615
92620
92621
92623
92624
92625
92631
92632
92633
92634
92636
92637
92640
92642
92644
92649
92650
92652
92656
92659
92661
92667
92668
92673
92675
92679
92689
92690
92692
92698
92700
92705
92706
92707
92711
92712
92713
92716
92720
92725
92728
92730
92734
92735
92737
92739
92743
92745
92747
92749
92750
92755
92757
92760
92771
92773
92775
92778
92781
92785
92787
92788
92794
92795
92803
92811
92813
92814
92818
92823
92824
92828
92829
92830
92832
92833
92834
92838
92840
92843
92844
92845
92852
92857
92861
92862
92863
92864
92867
92869
92874
92879
92884
92887
92889
92890
92895
92901
92902
92911
92912
92916
92921
92922
92926
92929
92931
92937
92939
92940
92942
92943
92947
92948
92951
92953
92954
92956
92958
92961
92962
92963
92966
92968
92970
92974
92975
92977
92978
92981
92982
92983
92984
92986
92987
92991
92993
92994
93000
93001
93006
93008
93013
93016
93021
93022
93023
93024
93027
93030
93034
93039
93044
93046
93048
93053
93054
93062
93067
93071
93079
93080
93085
93088
93090
93092
93098
93107
93119
93121
93122
93123
93124
93126
93127
93128
93132
93133
93137
93139
93141
93142
93144
93146
93148
93154
93157
93159
93160
93167
93169
93170
93174
93177
93180
93181
93182
93183
93184
93188
93190
93192
93193
93195
93210
93211
93213
93216
93222
93223
93227
93233
93234
93236
93237
93243
93244
93248
93249
93250
93252
93254
93256
93259
93260
93264
93269
93272
93275
93276
93280
93282
93284
93285
93291
93302
93303
93304
93317
93319
93321
93322
93324
93328
93330
93336
93339
93342
93343
93351
93355
93359
93363
93364
93369
93370
93373
93376
93381
93383
93386
93388
93393
93395
93399
93401
93402
93406
93408
93409
93413
93416
93418
93424
93426
93430
93432
93434
93435
93436
93437
93443
93445
93447
93459
93460
93461
93462
93464
93465
93467
93472
93474
93485
93487
93494
93495
93501
93503
93504
93507
93511
93512
93513
93516
93520
93523
93526
93528
93529
93530
93531
93534
93536
93537
93538
93539
93545
93548
93550
93553
93558
93563
93571
93580
93581
93583
93586
93587
93588
93589
93597
93602
93603
93604
93606
93608
93611
93615
93616
93622
93630
93631
93640
93641
93653
93655
93657
93662
93667
93675
93684
93687
93692
93693
93697
93704
93712
93713
93715
93720
93728
93729
93731
93735
93737
93738
93740
93743
93745
93746
93750
93751
93755
93757
93762
93764
93766
93767
93771
93778
93780
93788
93789
93803
93805
93807
93812
93824
93827
93829
93830
93835
93836
93840
93842
93843
93848
93851
93854
93856
93859
93864
93865
93868
93870
93873
93878
93880
93884
93886
93887
93890
93891
93895
93896
93898
93900
93901
93902
93904
93918
93920
93924
93928
93930
93932
93933
93934
93935
93939
93944
93946
93947
93948
93950
93954
93956
93958
93961
93962
93963
93964
93969
93972
93975
93979
93982
93985
93991
93992
93995
93996
93997
94002
94007
94015
94016
94019
94022
94026
94028
94029
94031
94033
94034
94037
94039
94047
94054
94057
94059
94060
94064
94067
94071
94074
94079
94080
94082
94084
94085
94086
94090
94091
94095
94096
94098
94104
94106
94107
94109
94111
94112
94113
94118
94122
94126
94137
94138
94140
94145
94147
94150
94151
94152
94154
94157
94160
94161
94162
94165
94168
94170
94171
94174
94175
94177
94184
94185
94190
94191
94192
94195
94199
94202
94203
94204
94205
94206
94209
94211
94212
94214
94216
94218
94219
94221
94222
94223
94226
94228
94231
94239
94244
94246
94247
94248
94250
94252
94255
94257
94260
94262
94264
94271
94275
94276
94281
94288
94289
94292
94295
94301
94305
94306
94307
94308
94311
94318
94319
94320
94321
94323
94331
94332
94333
94334
94337
94338
94339
94345
94347
94349
94354
94363
94365
94368
94370
94374
94379
94381
94393
94394
94396
94397
94398
94399
94404
94408
94409
94411
94414
94415
94422
94425
94428
94429
94431
94432
94433
94434
94439
94441
94442
94444
94450
94453
94458
94459
94463
94464
94466
94469
94472
94475
94479
94480
94482
94487
94490
94492
94493
94497
94498
94505
94506
94508
94510
94512
94514
94516
94519
94521
94524
94525
94526
94534
94535
94536
94538
94540
94541
94542
94551
94553
94554
94558
94561
94562
94563
94565
94568
94575
94576
94580
94582
94585
94589
94595
94597
94598
94605
94606
94608
94609
94613
94614
94618
94621
94623
94625
94627
94630
94633
94639
94640
94641
94644
94646
94651
94655
94662
94664
94669
94671
94674
94675
94679
94680
94681
94684
94689
94690
94691
94693
94694
94698
94699
94700
94701
94704
94706
94709
94710
94711
94712
94713
94717
94718
94722
94724
94726
94729
94730
94734
94735
94740
94750
94757
94758
94765
94766
94768
94773
94774
94776
94778
94782
94783
94793
94795
94798
94802
94804
94807
94809
94810
94813
94814
94817
94824
94826
94832
94834
94842
94845
94853
94858
94860
94865
94872
94873
94875
94877
94879
94884
94889
94891
94899
94900
94903
94904
94905
94909
94912
94914
94927
94928
94931
94932
94934
94937
94938
94939
94940
94943
94946
94948
94950
94951
94953
94959
94964
94967
94968
94971
94975
94984
94988
94990
94992
94993
94995
94999
95008
95013
95017
95026
95037
95039
95042
95044
95045
95046
95048
95051
95054
95057
95066
95067
95069
95070
95071
95074
95077
95078
95081
95083
95085
95088
95093
95095
95096
95102
95104
95107
95113
95114
95116
95121
95124
95127
95128
95129
95133
95134
95135
95146
95152
95153
95154
95156
95161
95162
95167
95169
95171
95177
95179
95188
95197
95199
95202
95203
95204
95205
95207
95210
95211
95215
95217
95218
95224
95229
95230
95232
95233
95235
95236
95242
95245
95247
95248
95249
95250
95252
95254
95255
95258
95259
95260
95265
95272
95279
95288
95290
95291
95293
95294
95295
95296
95301
95303
95305
95308
95314
95317
95319
95322
95324
95328
95331
95332
95333
95334
95336
95340
95342
95343
95344
95347
95349
95356
95361
95363
95364
95365
95366
95369
95371
95373
95376
95380
95381
95385
95386
95392
95400
95403
95405
95408
95409
95410
95413
95415
95417
95418
95424
95429
95431
95432
95435
95436
95437
95442
95446
95449
95451
95454
95456
95457
95461
95462
95464
95465
95467
95471
95473
95476
95482
95493
95497
95500
95501
95502
95503
95513
95516
95519
95521
95530
95531
95540
95545
95548
95549
95554
95555
95558
95559
95565
95566
95567
95568
95569
95571
95572
95573
95574
95577
95578
95582
95586
95591
95592
95594
95600
95601
95602
95604
95610
95613
95618
95619
95620
95623
95628
95629
95632
95636
95637
95639
95640
95642
95648
95652
95654
95657
95659
95662
95665
95667
95676
95677
95681
95682
95683
95684
95686
95688
95692
95700
95705
95718
95735
95741
95744
95772
95779
95826
95879
95913
95949
95976
96049
96064
96069
96123
96129
96187
96204
96226
96328
96339
96342
96498
96553
96696
96724
96733
96746
96748
96798
96845
96884
97101
97188
97215
97237
97317
97319
97401
97423
97485
97486
97874
97913
97938
98153
98222
98462
98604
98605
98625
98642
98682
98772
99194
99250
99366
99445
99476
99755
99793
99986
100353
100653
101026
101588
101625
101681
101871
102095
102177
103135
103200
103715
103725
104285
104395
105495
108543
109262
109364
110240
110257
110307
110334
110552
110635
111320
111461
112415
112512
112760
112777
113667
113672
114879
115830
119721
122382
127635
129278
129619
132266
133653
143589
148276
148284
148294
148303
148324
148344
148357
148360
148377
148386
148389
148467
148490
148505
148513
148518
148536
148545
148556
148561
148562
148563
148574
148588
148596
148627
148628
148654
148675
148699
148704
148726
148730
148743
148748
148763
148769
148775
148807
148808
148810
148844
148849
148860
148870
148883
148886
148926
148929
148971
148975
148989
148994
149039
149046
149056
149076
149089
149095
149099
149109
149115
149117
149139
149147
149165
149171
149173
149174
149180
149183
149201
149248
149250
149255
149273
149278
149303
149304
149357
149358
149360
149380
149381
149392
149448
149482
149483
149485
149492
149529
149574
149590
149604
149608
149619
149620
149624
149643
149663
149686
149752
149753
149754
149756
149767
149781
149783
149785
149837
149900
149902
149968
149969
149984
150001
150003
150005
150012
150106
150109
150138
150199
150201
150207
150208
150209
150217
150223
150226
150229
150234
150240
150243
150259
150324
150357
150368
150483
150484
150494
150522
150523
150541
150547
150608
150703
150715
150870
150881
150886
150888
150896
150906
150988
151044
151194
151207
151313
151338
151346
151353
151360
151364
151370
151371
151375
151376
151440
151522
151600
151602
151921
151937
152034
152044
152053
152074
152077
152081
152084
152087
152095
152096
152098
152101
152107
152108
152116
152120
152123
152127
152173
152182
152183
152368
152415
152460
152489
152499
152510
152551
152571
152637
152650
152657
152707
152730
152738
152751
152755
152781
152878
152895
152900
152927
152950
153061
153065
153066
153070
153089
153093
153102
153107
153111
153122
153131
153135
153146
153150
153152
153154
153181
153196
153213
153217
153219
153231
153241
153276
153283
153396
153471
153492
153500
153516
153533
153571
153598
153696
153729
153733
153836
153887
153930
153934
153950
154060
154086
154150
154179
154194
154198
154213
154230
154237
154250
154278
154279
154323
154402
154474
154491
154495
154571
154591
154611
154617
154620
154633
154642
154654
154671
154681
154720
154738
154766
154790
154795
154804
154809
154812
154824
154845
154853
154860
154869
154879
154892
154900
154909
154914
154915
154924
154928
154933
154935
154953
154954
154969
154980
154983
154988
154990
154995
155005
155029
155042
155072
155077
155129
155145
155167
155184
155220
155248
155261
155280
155300
155334
155355
155360
155415
155418
155425
155438
155601
155605
155622
155628
155645
155672
155687
155723
155738
155749
155766
155767
155768
155769
155793
155811
155849
155919
155924
155936
155979
156013
156033
156041
156063
156071
156080
156086
156108
156122
156141
156216
156217
156224
156228
156231
156240
156245
156257
156265
156271
156301
156305
156327
156356
156390
156422
156428
156439
156455
156460
156471
156490
156505
156519
156522
156532
156538
156542
156546
156571
156591
156639
156640
156655
156669
156698
156713
156716
156722
156749
156771
156775
156801
156806
156812
156824
156836
156858
156879
156901
156920
156926
156939
156941
156949
156998
157016
157023
157027
157034
157035
157044
157047
157050
157057
157062
157077
157095
157115
157144
157149
157152
157153
157159
157163
157185
157216
157233
157243
157273
157349
157364
157385
157395
157402
157413
157415
157423
157438
157439
157466
157478
157483
157486
157498
157512
157526
157567
157574
157591
157612
157619
157628
157633
157640
157651
157653
157666
157671
157711
157761
157807
157832
157839
157849
157871
157880
157898
157902
157916
157917
157924
157925
157958
157972
157988
157989
158006
158034
158129
158134
158145
158146
158148
158158
158184
158190
158236
158254
158286
158313
158322
158324
158346
158433
158434
158435
158468
158491
158524
158545
158546
158584
158592
158597
158646
158670
158680
158683
158712
158717
158738
158740
158743
158748
158749
158752
158753
158763
158768
158772
158777
158785
158797
158805
158814
158815
158819
158820
158825
158830
158838
158842
158849
158855
158871
158883
158894
158916
158919
158926
158928
158931
158947
158949
158969
158974
158976
158979
158998
159005
159006
159010
159029
159034
159051
159073
159089
159097
159115
159122
159126
159142
159153
159155
159156
159190
159206
159217
159235
159251
159264
159291
159295
159303
159309
159341
159342
159365
159367
159378
159384
159401
159405
159406
159408
159409
159410
159436
159471
159491
159521
159525
159534
159546
159547
159553
159570
159574
159582
159627
159676
159723
159758
159799
159816
159825
159827
159856
159861
159887
159902
159906
159917
159921
159927
159931
159957
159969
159985
159986
160054
160058
160059
160069
160118
160119
160148
160166
160171
160176
160188
160202
160205
160231
160234
160238
160255
160263
160283
160296
160307
160342
160356
160364
160373
160384
160386
160392
160399
160457
160463
160469
160480
160493
160499
160572
160575
160597
160598
160605
160608
160612
160619
160646
160653
160678
160719
160726
160740
160742
160767
160770
160775
160784
160790
160797
160810
160822
160835
160836
160843
160845
160857
160861
160864
160889
160891
160893
160906
160907
160910
160933
160941
160954
160969
160982
160994
160999
161022
161031
161058
161063
161065
161072
161083
161089
161102
161111
161116
161138
161153
161160
161162
161195
161213
161229
161239
161253
161274
161275
161281
161312
161318
161340
161344
161349
161369
161371
161379
161380
161382
161393
161398
161421
161431
161442
161458
161480
161490
161499
161512
161516
161519
161529
161538
161552
161590
161593
161596
161608
161619
161629
161632
161648
161687
161703
161704
161709
161737
161742
161744
161746
161756
161779
161795
161815
161816
161817
161821
161824
161836
161844
161847
161848
161850
161854
161870
161885
161903
161904
161910
161922
161931
161932
161947
161981
162008
162016
162030
162043
162063
162069
162076
162082
162089
162098
162109
162114
162136
162148
162159
162169
162174
162177
162182
162193
162224
162226
162237
162239
162261
162277
162279
162286
162296
162311
162328
162347
162358
162368
162374
162381
162391
162395
162405
162428
162429
162451
162455
162462
162482
162498
162505
162507
162537
162548
162551
162554
162562
162586
162600
162605
162641
162649
162665
162666
162668
162677
162679
162725
162729
162754
162762
162764
162780
162795
162808
162822
162826
162847
162855
162856
162873
162888
162889
162898
162908
162921
162984
162987
162989
163004
163014
163025
163031
163036
163037
163041
163043
163046
163079
163085
163090
163116
163125
163144
163159
163166
163180
163206
163212
163247
163248
163272
163298
163307
163341
163344
163364
163368
163380
163390
163401
163405
163409
163421
163487
163488
163495
163514
163528
163532
163539
163547
163562
163566
163571
163575
163577
163580
163584
163585
163598
163625
163644
163689
163696
163704
163715
163719
163729
163749
163760
163772
163780
163788
163794
163834
163837
163845
163858
163860
163861
163864
163886
163915
163935
163956
163981
163988
164005
164008
164013
164014
164020
164022
164032
164033
164042
164049
164052
164055
164060
164077
164093
164100
164106
164137
164153
164191
164213
164238
164258
164260
164275
164289
164293
164296
164318
164320
164332
164339
164350
164365
164376
164379
164381
164397
164419
164433
164435
164436
164438
164447
164451
164465
164485
164486
164487
164488
164489
164497
164509
164540
164569
164577
164617
164635
164646
164654
164657
164669
164678
164745
164753
164765
164783
164805
164813
164821
164840
164842
164846
164847
164856
164881
164899
164903
164914
164927
164943
164971
164975
164983
164993
165005
165010
165024
165025
165030
165037
165056
165076
165089
165098
165100
165139
165162
165198
165200
165210
165213
165214
165221
165231
165235
165242
165243
165256
165285
165299
165306
165310
165318
165320
165326
165330
165376
165384
165409
165411
165429
165432
165438
165452
165466
165472
165473
165499
165515
165518
165530
165547
165628
165632
165634
165643
165644
165646
165650
165659
165660
165682
165691
165705
165720
165735
165747
165751
165786
165794
165798
165808
165821
165829
165833
165843
165852
165857
165878
165879
165884
165885
165912
165923
165936
165947
165949
165959
165965
165992
166019
166034
166071
166073
166074
166087
166094
166099
166103
166126
166127
166152
166175
166197
166213
166214
166251
166258
166270
166272
166305
166306
166311
166314
166321
166328
166335
166341
166351
166362
166389
166392
166402
166406
166426
166452
166454
166467
166468
166483
166488
166489
166522
166527
166543
166559
166565
166575
166621
166625
166632
166645
166656
166666
166682
166684
166692
166716
166722
166726
166741
166762
166765
166766
166771
166775
166777
166782
166783
166794
166814
166842
166844
166867
166884
166892
166898
166906
166909
166937
166941
166945
166953
166989
167054
167055
167063
167080
167103
167108
167114
167115
167131
167136
167164
167167
167177
167189
167240
167248
167249
167250
167259
167287
167297
167319
167331
167344
167381
167395
167474
167475
167487
167523
167532
167534
167551
167554
167572
167577
167584
167597
167598
167600
167608
167611
167651
167657
167661
167666
167677
167684
167749
167763
167775
167776
167802
167816
167819
167822
167831
167862
167917
167933
167988
168001
168004
168014
168024
168041
168069
168103
168111
168125
168143
168160
168177
168184
168186
168192
168194
168217
168237
168245
168266
168292
168304
168321
168332
168355
168372
168383
168395
168445
168446
168459
168482
168531
168533
168535
168552
168556
168559
168618
168672
168673
168674
168693
168697
168709
168713
168770
168782
168783
168820
168830
168889
168896
168941
168945
168949
168951
168953
168961
168971
168975
168977
168987
168991
169011
169023
169054
169056
169092
169095
169103
169108
169111
169114
169116
169120
169130
169134
169143
169150
169169
169183
169185
169189
169199
169222
169224
169227
169246
169247
169286
169300
169318
169347
169350
169361
169386
169389
169394
169396
169404
169415
169417
169425
169450
169484
169518
169533
169553
169577
169606
169612
169614
169615
169619
169629
169639
169641
169650
169684
169699
169706
169719
169721
169722
169728
169742
169760
169795
169796
169797
169800
169814
169817
169818
169822
169882
169891
169892
169898
169899
169932
169934
169938
169941
169943
169946
169968
169977
169980
169983
169984
169997
170021
170053
170057
170103
170108
170147
170151
170153
170155
170164
170204
170208
170213
170245
170247
170248
170253
170264
170286
170363
170367
170399
170400
170406
170410
170418
170437
170449
170459
170465
170484
170485
170492
170497
170511
170546
170561
170570
170584
170596
170642
170643
170651
170652
170653
170658
170667
170679
170693
170719
170767
170768
170785
170795
170812
170824
170869
170888
170890
170905
170983
171001
171010
171014
171068
171090
171098
171100
171110
171171
171204
171233
171253
171312
171313
171326
171328
171329
171334
171356
171357
171359
171363
171364
171368
171381
171386
171399
171401
171413
171417
171433
171446
171454
171457
171458
171464
171489
171493
171520
171544
171588
171598
171635
171645
171657
171663
171670
171678
171682
171690
171750
171753
171769
171786
171803
171806
171816
171843
171859
171888
171893
171908
171934
171938
171947
171970
171974
171995
171997
172014
172022
172044
172064
172089
172091
172093
172104
172118
172130
172131
172139
172153
172158
172178
172185
172195
172214
172226
172231
172251
172282
172285
172293
172299
172305
172306
172339
172361
172435
172439
172527
172541
172547
172564
172567
172568
172592
172605
172614
172615
172632
172644
172646
172649
172686
172697
172706
172732
172735
172753
172759
172767
172823
172852
172857
172864
172871
172875
172876
172898
172941
172951
172960
172979
172981
172984
172988
173021
173047
173053
173054
173058
173061
173062
173085
173097
173099
173113
173114
173122
173124
173137
173167
173175
173192
173200
173206
173234
173265
173284
173340
173348
173351
173352
173362
173363
173398
173409
173429
173445
173462
173544
173545
173554
173574
173587
173589
173600
173614
173630
173636
173657
173667
173670
173676
173698
173700
173706
173739
173740
173759
173775
173791
173798
173824
173894
173906
173920
173923
173927
173958
173969
173976
174010
174018
174033
174063
174092
174100
174109
174112
174114
174120
174157
174158
174159
174170
174171
174173
174176
174177
174179
174183
174196
174198
174215
174285
174288
174309
174310
174332
174338
174347
174357
174381
174390
174391
174395
174401
174410
174414
174416
174435
174440
174481
174484
174495
174503
174518
174532
174536
174538
174541
174543
174546
174548
174571
174589
174604
174625
174626
174631
174670
174679
174695
174696
174709
174713
174729
174746
174753
174761
174782
174783
174785
174795
174803
174806
174809
174826
174852
174871
174873
174890
174898
174900
174903
174904
174908
174909
174937
174945
174969
174973
174980
174992
175007
175009
175018
175063
175066
175080
175081
175086
175088
175095
175100
175116
175139
175169
175183
175197
175204
175233
175263
175265
175267
175268
175273
175277
175291
175292
175300
175308
175312
175318
175349
175355
175358
175388
175392
175393
175410
175413
175422
175427
175435
175445
175450
175470
175492
175512
175513
175522
175533
175542
175543
175548
175554
175559
175570
175575
175578
175592
175595
175602
175605
175622
175636
175651
175660
175666
175681
175694
175702
175718
175726
175727
175730
175734
175741
175755
175762
175764
175801
175815
175824
175827
175834
175840
175858
175863
175865
175871
175874
175884
175891
175899
175909
175913
175918
175934
175941
175944
175950
175951
175967
175968
175970
175975
175984
175993
176003
176013
176028
176050
176053
176055
176057
176067
176070
176071
176093
176105
176109
176133
176144
176162
176164
176169
176179
176182
176191
176193
176217
176219
176223
176241
176247
176254
176257
176267
176270
176280
176308
176326
176334
176335
176340
176345
176346
176350
176356
176374
176379
176400
176411
176413
176418
176426
176439
176445
176453
176454
176467
176472
176474
176502
176511
176526
176527
176536
176541
176549
176563
176565
176580
176582
176586
176595
176604
176614
176622
176629
176640
176662
176681
176689
176697
176701
176703
176705
176707
176715
176718
176740
176743
176746
176752
176787
176793
176797
176799
176806
176822
176828
176833
176857
176861
176862
176872
176880
176881
176884
176897
176901
176906
176923
176929
176933
176934
176972
176987
176991
176999
177008
177016
177025
177034
177042
177074
177089
177091
177094
177097
177099
177123
177132
177156
177168
177178
177182
177193
177198
177201
177209
177211
177214
177217
177218
177229
177237
177249
177265
177274
177280
177289
177290
177320
177324
177333
177339
177351
177360
177368
177370
177377
177390
177402
177405
177406
177408
177410
177418
177429
177456
177460
177471
177485
177490
177512
177516
177524
177530
177534
177536
177541
177556
177562
177573
177581
177601
177635
177648
177672
177679
177687
177695
177707
177719
177722
177724
177770
177776
177781
177783
177785
177803
177831
177835
177838
177849
177857
177861
177874
177876
177883
177885
177887
177890
177891
177892
177901
177905
177912
177915
177919
177932
177946
177955
177962
177967
177974
177980
177989
177995
177996
177997
177999
178001
178009
178013
178048
178049
178054
178067
178069
178076
178104
178107
178119
178120
178122
178130
178141
178142
178156
178168
178176
178178
178192
178196
178202
178213
178224
178229
178240
178266
178269
178275
178279
178288
178308
178310
178313
178324
178328
178329
178335
178344
178349
178350
178358
178367
178376
178385
178392
178406
178441
178442
178463
178469
178478
178482
178484
178493
178495
178504
178507
178509
178518
178521
178528
178551
178564
178573
178577
178590
178596
178606
178618
178620
178642
178644
178647
178649
178658
178661
178670
178686
178691
178697
178700
178709
178737
178738
178764
178775
178786
178787
178793
178813
178814
178824
178848
178853
178855
178862
178867
178878
178894
178895
178900
178909
178916
178919
178922
178938
178954
178959
178963
178976
178982
178988
179002
179013
179019
179023
179024
179033
179034
179041
179048
179049
179050
179094
179095
179109
179126
179128
179130
179133
179153
179160
179168
179188
179208
179209
179220
179235
179237
179244
179249
179252
179261
179269
179272
179286
179296
179313
179314
179340
179341
179343
179347
179351
179388
179395
179403
179408
179412
179418
179419
179429
179435
179454
179484
179504
179513
179516
179522
179526
179545
179556
179558
179569
179573
179597
179611
179612
179614
179623
179628
179632
179642
179653
179654
179655
179666
179669
179685
179708
179716
179724
179740
179743
179746
179761
179779
179782
179784
179785
179794
179810
179822
179828
179830
179861
179871
179879
179881
179884
179890
179896
179922
179927
179928
179931
179949
179956
179962
179964
179978
179983
179990
179998
179999
180007
180023
180033
180038
180060
180061
180069
180073
180075
180092
180109
180132
180135
180165
180169
180178
180192
180193
180199
180212
180219
180225
180227
180228
180235
180248
180253
180254
180256
180261
180262
180271
180275
180304
180306
180307
180315
180317
180321
180337
180365
180370
180376
180383
180384
180389
180396
180405
180406
180413
180426
180427
180442
180447
180448
180452
180473
180476
180514
180520
180521
180522
180534
180544
180548
180551
180552
180554
180559
180563
180565
180573
180576
180620
180631
180633
180639
180649
180669
180671
180700
180703
180704
180707
180708
180735
180756
180758
180771
180784
180803
180806
180808
180819
180824
180825
180841
180857
180858
180863
180872
180875
180876
180878
180879
180890
180899
180918
180920
180933
180955
180960
180965
180985
180993
180995
181000
181003
181008
181013
181064
181066
181090
181096
181100
181102
181105
181110
181114
181129
181140
181147
181157
181172
181180
181187
181192
181193
181199
181212
181218
181220
181245
181246
181249
181253
181257
181261
181277
181278
181282
181285
181291
181297
181304
181315
181325
181340
181343
181348
181352
181359
181368
181385
181393
181394
181404
181410
181417
181419
181420
181429
181431
181440
181444
181456
181465
181474
181483
181486
181488
181509
181520
181522
181525
181527
181529
181546
181553
181554
181566
181575
181579
181582
181601
181605
181609
181610
181615
181624
181627
181632
181637
181638
181653
181685
181689
181693
181712
181715
181716
181724
181738
181751
181761
181781
181788
181801
181833
181842
181843
181850
181862
181866
181876
181891
181911
181913
181930
181935
181938
181939
181945
181946
181961
181965
181973
181994
181995
182001
182019
182027
182042
182061
182065
182071
182074
182085
182102
182112
182119
182128
182133
182141
182145
182151
182173
182186
182198
182237
182239
182248
182251
182262
182280
182287
182322
182324
182333
182338
182350
182353
182360
182374
182383
182388
182392
182402
182439
182443
182444
182446
182452
182455
182462
182475
182482
182490
182504
182505
182506
182507
182518
182521
182531
182540
182547
182560
182563
182567
182592
182605
182610
182612
182618
182621
182626
182627
182632
182640
182643
182674
182681
182695
182699
182702
182704
182705
182712
182713
182721
182725
182728
182734
182735
182740
182741
182745
182769
182776
182779
182785
182787
182788
182801
182821
182828
182829
182848
182862
182863
182870
182871
182906
182914
182919
182923
182924
182927
182963
182967
182971
182975
182978
182987
182990
183005
183017
183025
183042
183047
183065
183069
183070
183072
183080
183094
183108
183110
183115
183116
183128
183140
183159
183185
183186
183191
183193
183194
183197
183206
183209
183230
183231
183241
183251
183263
183281
183283
183284
183301
183322
183339
183352
183353
183366
183369
183384
183397
183398
183408
183415
183419
183430
183438
183461
183485
183499
183505
183509
183520
183526
183532
183547
183549
183580
183585
183586
183612
183622
183627
183630
183637
183640
183641
183662
183667
183674
183681
183689
183694
183695
183722
183724
183737
183763
183775
183776
183781
183813
183818
183830
183832
183846
183848
183849
183853
183887
183889
183942
183947
183957
183959
183964
183965
183981
183991
184003
184006
184008
184010
184014
184039
184068
184072
184073
184074
184083
184092
184096
184103
184105
184109
184125
184140
184153
184165
184170
184171
184172
184190
184192
184199
184201
184203
184204
184212
184217
184222
184245
184253
184254
184284
184287
184302
184314
184316
184317
184320
184329
184344
184352
184356
184357
184364
184390
184406
184423
184430
184451
184455
184469
184481
184497
184512
184516
184519
184536
184544
184546
184548
184568
184588
184590
184594
184609
184614
184621
184640
184645
184658
184660
184692
184698
184710
184721
184739
184744
184745
184749
184779
184788
184827
184837
184843
184848
184857
184875
184878
184883
184889
184892
184895
184905
184911
184913
184925
184931
184935
184959
184960
184967
184969
184985
184989
184998
185008
185009
185019
185020
185024
185027
185038
185050
185069
185071
185072
185081
185084
185086
185090
185095
185146
185147
185150
185165
185166
185169
185175
185176
185178
185179
185180
185184
185190
185198
185203
185212
185215
185223
185229
185264
185266
185267
185272
185290
185301
185312
185313
185342
185352
185357
185362
185364
185366
185371
185391
185393
185396
185404
185406
185410
185421
185422
185423
185426
185428
185432
185435
185440
185457
185458
185466
185475
185478
185484
185485
185496
185504
185507
185515
185517
185518
185523
185541
185544
185560
185565
185570
185589
185592
185602
185608
185609
185618
185624
185654
185658
185671
185677
185708
185714
185723
185766
185771
185773
185779
185782
185783
185792
185798
185807
185814
185824
185825
185826
185834
185836
185844
185855
185875
185876
185882
185885
185887
185897
185899
185905
185906
185934
185938
185952
185958
185961
185981
185999
186003
186004
186013
186015
186027
186033
186038
186043
186047
186055
186063
186072
186086
186087
186091
186102
186121
186123
186146
186159
186162
186167
186171
186173
186204
186232
186235
186243
186248
186251
186253
186259
186260
186276
186285
186300
186301
186302
186309
186311
186312
186314
186338
186358
186382
186389
186390
186395
186398
186399
186410
186415
186418
186421
186424
186430
186458
186459
186465
186466
186474
186480
186492
186508
186510
186519
186527
186535
186546
186554
186556
186564
186579
186592
186596
186600
186606
186619
186642
186656
186662
186665
186669
186670
186672
186678
186689
186690
186691
186696
186729
186741
186742
186753
186758
186761
186762
186774
186788
186790
186821
186828
186831
186833
186835
186837
186842
186846
186853
186861
186862
186867
186868
186876
186879
186882
186883
186888
186893
186901
186903
186906
186917
186925
186929
186931
186950
186951
186956
186964
186967
186974
186975
186982
186984
186988
187000
187001
187006
187007
187014
187026
187038
187051
187052
187054
187066
187090
187099
187101
187104
187112
187116
187130
187142
187146
187149
187158
187159
187164
187173
187178
187186
187188
187219
187220
187225
187226
187233
187238
187255
187261
187284
187310
187353
187358
187359
187370
187375
187383
187385
187390
187395
187407
187413
187414
187423
187431
187436
187442
187445
187460
187466
187467
187474
187504
187515
187525
187533
187537
187543
187559
187571
187580
187585
187591
187598
187623
187629
187630
187633
187637
187652
187655
187660
187668
187675
187684
187690
187704
187714
187723
187724
187735
187741
187746
187758
187766
187772
187783
187800
187813
187834
187837
187840
187850
187859
187860
187861
187862
187866
187868
187894
187897
187907
187908
187931
187933
187937
187953
187987
187993
188005
188016
188017
188020
188026
188029
188030
188032
188051
188054
188098
188106
188114
188116
188121
188134
188144
188157
188163
188168
188172
188178
188198
188205
188208
188246
188253
188256
188261
188263
188268
188276
188292
188294
188298
188331
188334
188335
188342
188350
188362
188388
188391
188403
188406
188407
188410
188414
188417
188421
188425
188433
188436
188438
188444
188457
188460
188465
188471
188472
188478
188485
188498
188505
188513
188519
188521
188528
188539
188543
188554
188560
188585
188586
188587
188590
188616
188631
188643
188654
188661
188669
188719
188728
188745
188775
188807
188815
188822
188831
188845
188848
188857
188868
188874
188876
188888
188889
188892
188899
188903
188912
188917
188918
188929
188932
188936
188941
188942
188948
188953
188955
188965
188978
188984
188991
188995
189022
189050
189063
189074
189086
189103
189106
189114
189117
189132
189147
189150
189151
189155
189161
189186
189200
189201
189213
189219
189221
189230
189239
189250
189259
189270
189271
189282
189306
189333
189334
189335
189338
189346
189350
189375
189392
189395
189398
189402
189406
189411
189412
189428
189436
189439
189446
189449
189451
189454
189460
189461
189468
189485
189493
189499
189504
189512
189516
189517
189518
189519
189526
189541
189545
189548
189551
189552
189565
189567
189568
189572
189580
189583
189588
189604
189607
189613
189638
189642
189652
189664
189668
189670
189673
189681
189690
189726
189740
189741
189760
189786
189796
189800
189804
189814
189816
189820
189836
189850
189858
189860
189863
189867
189873
189892
189908
189918
189940
189947
189953
189977
189979
189997
190002
190003
190015
190021
190024
190065
190083
190093
190101
190110
190114
190132
190144
190149
190161
190174
190180
190183
190187
190194
190207
190223
190239
190266
190268
190273
190311
190312
190316
190323
190325
190345
190358
190361
190366
190371
190397
190411
190434
190451
190463
190504
190509
190522
190538
190542
190558
190559
190562
190569
190577
190578
190582
190602
190608
190609
190611
190626
190632
190634
190640
190657
190662
190687
190694
190700
190712
190740
190743
190746
190754
190761
190803
190804
190826
190842
190850
190857
190867
190869
190871
190895
190899
190900
190919
190920
190939
190948
190952
190958
190966
190992
190999
191011
191045
191056
191064
191070
191073
191080
191094
191107
191122
191145
191162
191165
191186
191187
191190
191196
191214
191228
191229
191233
191234
191243
191254
191259
191263
191267
191277
191280
191281
191286
191287
191292
191296
191301
191305
191316
191329
191330
191332
191372
191385
191386
191399
191422
191425
191427
191471
191474
191475
191483
191492
191493
191499
191500
191521
191523
191551
191553
191563
191567
191572
191579
191580
191586
191607
191622
191624
191632
191639
191647
191650
191658
191663
191669
191673
191676
191677
191693
191698
191711
191715
191731
191737
191763
191768
191773
191781
191785
191803
191812
191837
191845
191848
191849
191857
191870
191878
191887
191897
191902
191905
191910
191911
191913
191917
191922
191923
191925
191926
191958
191963
191973
191981
191990
192002
192008
192015
192022
192034
192051
192066
192085
192089
192095
192096
192098
192129
192163
192170
192174
192181
192199
192200
192218
192231
192248
192249
192254
192262
192270
192297
192300
192325
192328
192329
192331
192336
192337
192341
192351
192363
192369
192405
192406
192433
192452
192479
192489
192493
192503
192508
192515
192545
192560
192568
192580
192585
192600
192601
192609
192617
192638
192643
192666
192670
192684
192689
192699
192700
192714
192724
192745
192748
192749
192754
192770
192771
192781
192782
192787
192788
192790
192800
192848
192849
192863
192868
192876
192882
192891
192897
192904
192908
192918
192921
192929
192946
192951
192957
192960
192964
192966
192972
192980
192985
192993
193009
193032
193043
193051
193063
193064
193094
193109
193111
193121
193125
193126
193132
193133
193171
193183
193196
193197
193215
193232
193246
193248
193267
193269
193271
193274
193283
193291
193293
193309
193314
193315
193316
193319
193335
193336
193340
193341
193356
193357
193362
193367
193371
193372
193385
193386
193392
193397
193399
193417
193420
193424
193434
193436
193442
193448
193454
193465
193480
193484
193485
193489
193504
193506
193511
193542
193547
193556
193558
193560
193591
193606
193630
193642
193649
193675
193688
193697
193699
193706
193722
193753
193777
193798
193813
193819
193825
193837
193849
193853
193854
193871
193874
193879
193916
193918
193922
193923
193924
193927
193928
193930
193934
193936
193946
193948
193955
193964
193978
193993
194005
194013
194023
194024
194026
194040
194066
194070
194080
194082
194085
194096
194100
194111
194112
194120
194121
194143
194157
194166
194167
194182
194186
194208
194210
194217
194237
194243
194249
194253
194261
194270
194274
194276
194281
194283
194284
194286
194301
194307
194313
194317
194320
194332
194342
194343
194352
194356
194359
194371
194381
194383
194390
194405
194406
194409
194421
194434
194437
194449
194456
194458
194460
194462
194470
194471
194475
194476
194478
194486
194495
194499
194500
194518
194519
194524
194525
194537
194549
194554
194556
194597
194598
194618
194623
194629
194632
194646
194650
194652
194666
194677
194681
194685
194686
194687
194688
194701
194707
194708
194727
194728
194739
194740
194761
194767
194801
194817
194822
194829
194832
194834
194844
194850
194851
194870
194879
194883
194891
194907
194916
194926
194941
194942
194945
194954
194956
194958
194962
194970
194978
194984
194998
195002
195005
195025
195048
195053
195066
195086
195099
195101
195104
195112
195117
195119
195121
195133
195138
195153
195168
195176
195177
195182
195190
195191
195200
195201
195202
195210
195227
195230
195241
195249
195252
195256
195264
195267
195281
195291
195294
195297
195322
195326
195327
195331
195337
195351
195353
195355
195365
195368
195376
195379
195382
195389
195393
195396
195406
195408
195409
195422
195425
195439
195482
195508
195513
195521
195523
195525
195545
195550
195568
195572
195585
195593
195594
195597
195600
195619
195620
195623
195626
195637
195650
195651
195674
195679
195688
195689
195703
195711
195743
195747
195753
195783
195786
195794
195803
195805
195826
195836
195847
195854
195856
195870
195877
195903
195910
195916
195921
195927
195935
195936
195943
195944
195947
195960
195961
195964
195969
195976
195978
196005
196009
196035
196040
196045
196056
196057
196068
196083
196091
196100
196114
196130
196142
196143
196146
196151
196154
196156
196157
196158
196159
196164
196173
196181
196191
196198
196201
196208
196214
196233
196234
196235
196240
196247
196252
196267
196285
196286
196288
196317
196324
196338
196340
196341
196369
196375
196377
196381
196396
196408
196417
196437
196454
196467
196472
196523
196526
196542
196543
196553
196556
196561
196566
196582
196586
196615
196616
196617
196623
196627
196638
196657
196669
196701
196704
196712
196717
196718
196733
196736
196751
196756
196765
196771
196778
196788
196792
196793
196798
196808
196818
196829
196845
196856
196859
196860
196864
196873
196875
196891
196893
196897
196898
196912
196925
196926
196932
196934
196937
196940
196952
196959
196981
197003
197019
197032
197055
197060
197062
197073
197076
197089
197165
197172
197175
197185
197191
197192
197201
197228
197230
197245
197255
197271
197273
197289
197292
197300
197317
197319
197351
197358
197360
197369
197372
197378
197389
197390
197397
197407
197427
197431
197436
197460
197462
197466
197500
197522
197525
197547
197555
197560
197561
197569
197574
197575
197591
197601
197605
197610
197614
197626
197630
197634
197659
197661
197687
197689
197710
197727
197731
197737
197738
197741
197743
197758
197767
197787
197792
197799
197809
197819
197824
197826
197829
197852
197854
197859
197865
197876
197885
197893
197935
197978
197982
197993
198009
198010
198011
198013
198017
198042
198053
198067
198069
198075
198095
198121
198125
198133
198163
198175
198198
198227
198233
198246
198280
198283
198296
198302
198305
198315
198316
198332
198351
198361
198380
198381
198388
198389
198404
198418
198421
198425
198461
198472
198478
198492
198497
198506
198515
198525
198527
198550
198565
198570
198587
198610
198639
198644
198653
198672
198681
198688
198695
198698
198713
198714
198722
198741
198750
198756
198767
198813
198830
198831
198839
198848
198878
198883
198905
198906
198917
198934
198935
198936
198941
198949
198970
198971
198972
198980
198990
198992
198996
199011
199024
199025
199050
199053
199065
199067
199074
199081
199085
199086
199090
199096
199113
199126
199133
199150
199163
199186
199189
199199
199203
199209
199211
199219
199228
199241
199252
199275
199277
199283
199296
199303
199321
199326
199335
199345
199348
199350
199351
199358
199379
199385
199387
199391
199404
199425
199428
199430
199439
199441
199445
199451
199457
199475
199493
199495
199501
199514
199515
199553
199555
199562
199567
199572
199578
199584
199586
199587
199592
199599
199603
199604
199607
199660
199665
199666
199671
199675
199676
199685
199703
199708
199710
199718
199719
199758
199764
199768
199777
199789
199792
199815
199827
199841
199842
199846
199859
199860
199872
199883
199888
199892
199894
199899
199901
199905
199909
199921
199927
199943
199947
199949
199953
199956
199959
199960
199966
199983
199987
199991
200013
200015
200026
200027
200038
200051
200061
200066
200071
200100
200120
200144
200162
200173
200187
200197
200199
200201
200202
200205
200208
200212
200216
200217
200221
200223
200234
200241
200255
200271
200272
200288
200332
200377
200381
200421
200423
200427
200437
200444
200445
200451
200458
200461
200464
200474
200475
200477
200499
200506
200528
200534
200536
200537
200545
200552
200554
200567
200573
200585
200587
200588
200594
200601
200616
200617
200637
200648
200667
200676
200679
200690
200702
200724
200726
200731
200733
200750
200755
200781
200789
200795
200805
200809
200815
200819
200831
200835
200850
200852
200862
200883
200894
200907
200908
200911
200912
200914
200916
200928
200929
200940
200953
200954
200965
200967
200974
200982
200983
200985
200991
200992
200995
200996
201024
201027
201028
201036
201038
201039
201059
201065
201069
201070
201071
201073
201080
201092
201100
201105
201117
201123
201133
201134
201136
201153
201154
201159
201179
201189
201196
201208
201210
201222
201232
201233
201239
201247
201252
201259
201266
201278
201295
201300
201312
201313
201325
201335
201343
201364
201365
201368
201376
201380
201386
201401
201404
201413
201427
201431
201447
201448
201451
201455
201456
201460
201464
201469
201474
201479
201490
201491
201495
201497
201499
201500
201514
201517
201538
201540
201556
201560
201572
201576
201600
201606
201612
201646
201673
201698
201699
201711
201735
201737
201751
201760
201762
201777
201787
201811
201816
201820
201827
201837
201843
201862
201867
201886
201896
201901
201907
201910
201911
201913
201924
201927
201928
201936
201943
201950
201952
201955
201959
201961
201968
201973
201978
201990
201993
202017
202019
202023
202032
202033
202044
202054
202055
202078
202087
202094
202104
202110
202116
202117
202118
202162
202167
202169
202171
202187
202201
202219
202227
202233
202242
202249
202251
202253
202255
202266
202278
202288
202289
202290
202295
202299
202300
202307
202318
202326
202339
202342
202344
202345
202348
202349
202357
202365
202368
202388
202391
202401
202416
202418
202430
202433
202436
202441
202448
202475
202483
202489
202499
202512
202514
202518
202521
202527
202528
202530
202540
202569
202570
202572
202574
202576
202580
202581
202582
202589
202596
202601
202602
202627
202643
202649
202653
202664
202671
202672
202679
202690
202694
202701
202731
202745
202746
202747
202762
202763
202776
202785
202787
202788
202791
202797
202798
202814
202847
202850
202870
202871
202879
202884
202892
202902
202916
202934
202944
202963
202968
202974
202976
202984
202986
202992
202999
203012
203034
203044
203055
203057
203059
203062
203075
203076
203081
203094
203099
203103
203106
203123
203127
203128
203132
203137
203139
203158
203163
203180
203195
203203
203204
203216
203221
203227
203231
203235
203244
203246
203255
203258
203259
203282
203306
203310
203311
203333
203347
203350
203351
203358
203374
203378
203387
203388
203406
203408
203409
203424
203425
203430
203431
203436
203437
203438
203440
203452
203460
203463
203485
203489
203504
203506
203509
203534
203538
203565
203569
203593
203605
203636
203660
203677
203693
203708
203734
203735
203737
203742
203745
203748
203749
203750
203763
203778
203792
203798
203810
203820
203838
203855
203866
203867
203868
203883
203890
203891
203911
203936
203937
203939
203949
203951
203966
203972
203978
203991
204027
204029
204031
204034
204042
204055
204065
204076
204084
204092
204100
204102
204103
204112
204113
204133
204138
204149
204150
204151
204155
204172
204188
204189
204193
204212
204224
204228
204233
204242
204245
204287
204299
204305
204312
204325
204328
204330
204338
204354
204355
204357
204359
204366
204369
204373
204391
204393
204394
204410
204418
204434
204435
204436
204437
204438
204439
204444
204451
204459
204462
204467
204470
204491
204494
204505
204512
204525
204527
204533
204534
204536
204549
204553
204555
204558
204560
204594
204607
204629
204637
204653
204668
204679
204680
204687
204691
204701
204710
204716
204740
204754
204757
204758
204760
204761
204778
204786
204788
204789
204797
204803
204812
204825
204832
204862
204866
204871
204883
204900
204902
204910
204935
204955
204959
204970
204983
204988
204989
204999
205005
205031
205032
205057
205061
205077
205086
205097
205111
205118
205124
205129
205141
205147
205154
205166
205172
205174
205185
205197
205198
205199
205213
205219
205228
205230
205244
205246
205257
205289
205292
205300
205303
205308
205316
205323
205339
205376
205377
205389
205394
205404
205405
205412
205428
205442
205443
205449
205475
205480
205501
205505
205509
205527
205534
205569
205580
205586
205609
205611
205615
205664
205669
205682
205694
205707
205714
205715
205724
205740
205743
205744
205760
205774
205779
205781
205789
205791
205798
205801
205807
205810
205821
205830
205832
205838
205847
205868
205878
205883
205907
205908
205920
205931
205939
205940
205946
205950
205969
205971
205987
205992
206032
206041
206042
206048
206066
206069
206071
206072
206073
206080
206096
206100
206103
206111
206128
206132
206140
206144
206148
206149
206150
206154
206157
206160
206185
206209
206219
206222
206236
206237
206240
206255
206267
206268
206274
206283
206288
206291
206296
206315
206334
206349
206351
206354
206357
206364
206366
206385
206390
206395
206414
206422
206429
206433
206440
206469
206497
206534
206565
206610
206619
206625
206626
206634
206658
206672
206679
206695
206714
206722
206725
206731
206743
206750
206757
206758
206774
206780
206788
206812
206813
206815
206819
206841
206852
206862
206869
206877
206886
206887
206891
206900
206910
206921
206922
206939
206953
206954
206976
207000
207007
207016
207024
207030
207045
207046
207088
207096
207100
207103
207109
207125
207142
207147
207148
207155
207162
207176
207180
207182
207217
207218
207261
207286
207297
207299
207312
207329
207335
207378
207404
207408
207412
207413
207414
207415
207416
207433
207449
207450
207461
207462
207464
207474
207480
207482
207483
207485
207496
207504
207516
207547
207550
207565
207576
207597
207622
207640
207655
207675
207683
207684
207688
207709
207710
207750
207767
207780
207794
207806
207822
207829
207852
207853
207855
207860
207862
207865
207870
207878
207882
207884
207891
207894
207932
207934
207943
207944
207950
207953
207956
207968
207979
207987
207989
207994
207996
207997
207999
208008
208038
208040
208047
208067
208073
208075
208079
208089
208095
208109
208113
208123
208135
208137
208142
208155
208157
208160
208170
208194
208196
208207
208209
208212
208213
208231
208235
208246
208259
208268
208270
208275
208280
208284
208288
208290
208302
208307
208324
208327
208329
208331
208332
208343
208349
208380
208385
208413
208418
208419
208421
208422
208423
208424
208425
208436
208451
208457
208461
208472
208487
208489
208501
208517
208528
208541
208547
208551
208570
208572
208573
208576
208582
208598
208623
208632
208639
208643
208649
208652
208658
208665
208668
208674
208691
208702
208709
208710
208711
208713
208768
208769
208776
208790
208793
208803
208826
208827
208841
208860
208861
208869
208874
208877
208886
208892
208906
208912
208917
208918
208926
208927
208928
208929
208942
208947
208954
208966
208974
208975
208983
208985
208986
208991
208995
209010
209017
209021
209022
209026
209028
209039
209045
209049
209062
209063
209074
209075
209081
209103
209110
209121
209141
209149
209151
209152
209155
209158
209182
209188
209209
209213
209214
209229
209257
209258
209265
209272
209278
209281
209291
209292
209295
209311
209322
209323
209337
209351
209363
209366
209370
209372
209373
209403
209409
209410
209412
209427
209439
209442
209446
209453
209454
209462
209484
209486
209506
209510
209538
209540
209542
209552
209558
209564
209578
209579
209580
209588
209591
209596
209608
209610
209612
209657
209683
209685
209696
209703
209712
209715
209721
209739
209742
209772
209792
209804
209819
209820
209826
209831
209833
209877
209885
209900
209904
209915
209922
209928
209935
209937
209939
209951
209957
209959
209963
209985
209994
210004
210017
210027
210040
210043
210045
210054
210057
210072
210076
210082
210083
210087
210089
210092
210100
210126
210137
210140
210148
210152
210172
210183
210191
210196
210202
210218
210219
210232
210242
210274
210276
210283
210285
210286
210310
210314
210349
210351
210359
210361
210364
210367
210371
210374
210377
210381
210389
210405
210407
210425
210471
210475
210477
210482
210487
210491
210514
210529
210532
210534
210540
210543
210552
210554
210563
210569
210570
210576
210601
210614
210621
210643
210660
210661
210663
210673
210681
210702
210707
210712
210720
210722
210729
210730
210749
210757
210758
210766
210794
210796
210802
210807
210808
210810
210811
210822
210836
210843
210852
210860
210884
210891
210902
210905
210906
210922
210924
210931
210940
210968
210977
210991
211045
211055
211073
211085
211104
211106
211107
211117
211119
211120
211133
211170
211178
211182
211191
211199
211204
211215
211230
211238
211249
211256
211268
211269
211274
211284
211291
211299
211315
211323
211326
211327
211334
211339
211342
211358
211364
211375
211378
211385
211388
211405
211441
211442
211449
211474
211475
211476
211483
211495
211503
211507
211522
211523
211527
211545
211550
211567
211582
211613
211614
211616
211627
211635
211637
211645
211666
211677
211680
211699
211702
211703
211712
211716
211720
211729
211756
211758
211762
211772
211783
211784
211790
211791
211793
211809
211812
211818
211840
211848
211856
211866
211871
211876
211878
211879
211892
211911
211921
211928
211930
211936
211937
211945
211972
211975
211978
211988
212004
212009
212018
212020
212028
212036
212049
212055
212056
212058
212062
212072
212087
212094
212097
212098
212117
212118
212120
212122
212148
212151
212153
212161
212166
212169
212174
212184
212186
212188
212217
212221
212239
212253
212266
212297
212307
212318
212323
212335
212336
212339
212357
212360
212364
212393
212410
212411
212414
212426
212429
212430
212433
212440
212444
212456
212478
212497
212498
212499
212508
212532
212542
212543
212553
212560
212564
212569
212572
212581
212582
212586
212592
212596
212599
212610
212611
212612
212619
212625
212631
212636
212638
212654
212683
212685
212691
212696
212701
212711
212718
212735
212753
212760
212762
212763
212767
212770
212773
212779
212785
212786
212789
212790
212798
212802
212805
212843
212844
212846
212852
212865
212879
212902
212904
212926
212936
212947
212961
212970
212973
212974
212977
212978
212987
212988
212998
213008
213010
213012
213028
213054
213056
213069
213070
213098
213112
213123
213125
213152
213168
213174
213198
213212
213258
213261
213265
213273
213275
213281
213296
213299
213300
213305
213348
213357
213373
213376
213379
213395
213398
213406
213413
213414
213415
213423
213445
213454
213455
213457
213461
213463
213464
213467
213473
213481
213510
213517
213531
213532
213544
213567
213596
213606
213613
213640
213679
213685
213686
213688
213692
213695
213703
213735
213750
213753
213757
213758
213763
213768
213769
213781
213784
213793
213800
213810
213811
213814
213828
213829
213839
213854
213859
213862
213867
213870
213875
213888
213889
213895
213898
213900
213914
213931
213937
213938
213951
213955
213991
213992
214010
214019
214027
214030
214053
214060
214074
214075
214114
214118
214124
214126
214127
214136
214162
214178
214196
214206
214223
214224
214228
214239
214241
214242
214243
214244
214245
214250
214264
214280
214283
214312
214324
214326
214339
214340
214344
214351
214356
214363
214367
214392
214396
214403
214405
214428
214429
214431
214452
214480
214483
214485
214531
214555
214567
214594
214597
214598
214605
214614
214632
214653
214657
214669
214679
214688
214697
214704
214719
214726
214744
214759
214767
214769
214808
214812
214817
214818
214820
214821
214832
214836
214838
214858
214867
214879
214886
214887
214905
214906
214907
214917
214923
214929
214940
214954
214955
214974
214987
214998
215002
215003
215028
215032
215042
215050
215059
215062
215071
215106
215110
215126
215127
215140
215145
215159
215167
215170
215174
215186
215189
215190
215208
215233
215239
215242
215244
215260
215277
215285
215316
215320
215330
215332
215343
215362
215367
215371
215372
215373
215375
215377
215380
215386
215392
215393
215397
215406
215413
215419
215425
215430
215431
215432
215435
215440
215442
215448
215459
215479
215482
215489
215495
215496
215497
215503
215504
215510
215514
215539
215550
215559
215571
215589
215596
215617
215618
215619
215627
215631
215640
215647
215666
215687
215692
215694
215696
215715
215718
215724
215739
215794
215812
215825
215838
215848
215856
215864
215865
215869
215892
215898
215901
215935
215940
215943
215974
215976
215977
215979
215982
215983
215985
216007
216009
216017
216022
216047
216049
216051
216052
216053
216068
216073
216084
216094
216111
216131
216140
216141
216170
216174
216176
216177
216184
216185
216189
216194
216203
216210
216211
216213
216220
216229
216230
216277
216292
216299
216306
216329
216339
216350
216355
216359
216370
216374
216378
216387
216391
216414
216422
216430
216448
216480
216493
216504
216505
216510
216520
216523
216525
216536
216537
216538
216566
216567
216571
216572
216582
216600
216607
216615
216616
216622
216629
216635
216647
216671
216672
216689
216701
216706
216709
216735
216754
216762
216771
216772
216780
216781
216782
216811
216816
216826
216834
216841
216845
216847
216848
216858
216863
216880
216886
216890
216896
216938
216942
216946
216949
216986
217004
217030
217032
217036
217050
217075
217076
217085
217101
217109
217112
217124
217125
217133
217137
217140
217158
217165
217169
217172
217176
217178
217185
217190
217239
217252
217278
217283
217289
217302
217331
217348
217351
217352
217353
217385
217404
217406
217408
217415
217421
217422
217429
217430
217439
217442
217445
217447
217457
217476
217477
217478
217492
217503
217506
217508
217514
217519
217525
217527
217533
217544
217546
217573
217574
217580
217587
217589
217590
217613
217619
217624
217626
217632
217637
217640
217651
217672
217704
217706
217728
217741
217748
217751
217755
217764
217788
217790
217796
217805
217822
217824
217866
217875
217889
217893
217895
217915
217930
217931
217941
217951
217971
217997
218005
218008
218010
218020
218029
218032
218036
218037
218040
218043
218048
218059
218068
218082
218094
218095
218113
218119
218140
218142
218167
218179
218191
218205
218209
218210
218222
218235
218243
218248
218249
218281
218282
218290
218310
218313
218314
218319
218329
218345
218347
218352
218370
218373
218389
218390
218393
218401
218404
218424
218435
218458
218470
218477
218497
218509
218515
218526
218551
218562
218595
218617
218628
218632
218636
218644
218650
218658
218661
218663
218676
218681
218728
218742
218746
218751
218754
218760
218782
218784
218785
218787
218788
218797
218809
218821
218839
218844
218864
218869
218881
218901
218902
218907
218929
218935
218940
218951
218952
218957
218962
218965
218970
218989
218996
218997
219004
219005
219006
219039
219040
219042
219044
219046
219052
219067
219069
219072
219076
219080
219085
219103
219132
219138
219158
219175
219179
219180
219190
219195
219205
219208
219215
219217
219219
219229
219244
219248
219260
219262
219269
219279
219286
219299
219308
219314
219344
219345
219354
219364
219371
219372
219373
219384
219385
219391
219393
219412
219430
219447
219465
219472
219480
219497
219520
219532
219540
219544
219545
219550
219560
219585
219587
219590
219591
219606
219620
219621
219639
219651
219653
219655
219659
219664
219683
219689
219698
219700
219703
219708
219736
219737
219738
219742
219755
219780
219791
219797
219798
219803
219807
219814
219816
219820
219821
219822
219832
219839
219840
219849
219884
219894
219899
219900
219904
219913
219915
219964
219965
219966
219969
219978
220002
220007
220014
220031
220040
220047
220060
220093
220101
220114
220133
220147
220154
220177
220178
220186
220192
220194
220208
220210
220221
220235
220275
220276
220295
220319
220320
220325
220340
220347
220348
220351
220360
220361
220366
220367
220384
220388
220408
220411
220421
220459
220467
220474
220497
220500
220522
220525
220542
220553
220554
220562
220563
220582
220597
220599
220601
220604
220606
220614
220618
220622
220638
220643
220645
220647
220655
220657
220661
220667
220677
220687
220695
220706
220723
220726
220746
220766
220769
220787
220789
220808
220817
220830
220838
220839
220845
220850
220867
220881
220899
220900
220917
220918
220940
220946
220950
220951
220952
220961
220976
220980
220996
221009
221013
221019
221027
221028
221029
221040
221064
221092
221105
221106
221109
221111
221125
221136
221140
221141
221147
221149
221152
221162
221181
221205
221206
221212
221248
221254
221256
221259
221265
221292
221304
221306
221317
221319
221331
221339
221340
221351
221357
221360
221369
221432
221438
221446
221459
221463
221476
221481
221495
221498
221500
221504
221518
221525
221543
221550
221573
221576
221585
221590
221595
221619
221624
221625
221629
221653
221658
221684
221699
221710
221719
221721
221731
221745
221760
221769
221809
221817
221818
221827
221828
221843
221858
221859
221888
221889
221891
221895
221896
221898
221916
221917
221922
221929
221931
221933
221949
221955
221966
221973
221977
221981
221991
221996
222005
222007
222009
222013
222015
222017
222024
222034
222048
222049
222059
222060
222061
222108
222122
222123
222142
222144
222171
222172
222176
222178
222185
222220
222223
222226
222229
222234
222251
222252
222254
222262
222266
222276
222298
222302
222309
222310
222318
222329
222352
222362
222363
222368
222381
222389
222390
222395
222396
222404
222424
222426
222432
222436
222443
222451
222458
222468
222470
222471
222485
222488
222491
222515
222516
222519
222527
222542
222543
222549
222551
222555
222559
222562
222578
222636
222638
222641
222642
222647
222648
222650
222676
222691
222704
222707
222708
222709
222716
222748
222752
222767
222794
222796
222809
222818
222839
222843
222845
222855
222865
222868
222872
222883
222885
222897
222915
222924
222927
222946
222949
222953
222957
222962
222963
222967
222992
222993
222996
222997
222999
223006
223007
223030
223043
223074
223075
223079
223081
223089
223090
223098
223099
223110
223112
223117
223165
223172
223187
223212
223229
223230
223237
223246
223252
223263
223266
223276
223290
223302
223307
223312
223319
223347
223356
223358
223363
223373
223384
223389
223406
223409
223418
223419
223432
223438
223443
223452
223487
223502
223512
223525
223533
223543
223548
223558
223559
223569
223594
223617
223631
223643
223653
223655
223672
223673
223683
223692
223693
223705
223711
223722
223731
223736
223742
223745
223748
223753
223755
223756
223794
223799
223800
223804
223819
223820
223875
223876
223884
223887
223903
223936
223944
223961
223977
223981
223984
223997
224007
224013
224015
224024
224062
224070
224072
224084
224104
224105
224110
224111
224122
224136
224157
224169
224172
224193
224199
224213
224235
224238
224240
224245
224247
224250
224252
224268
224269
224277
224289
224290
224295
224300
224308
224323
224334
224366
224397
224408
224442
224447
224449
224452
224460
224465
224479
224482
224501
224507
224511
224513
224521
224527
224529
224531
224534
224535
224586
224588
224589
224604
224611
224612
224616
224632
224649
224656
224667
224673
224682
224694
224699
224702
224703
224725
224726
224728
224731
224734
224738
224740
224744
224745
224746
224747
224749
224769
224774
224794
224797
224800
224813
224818
224831
224832
224835
224837
224852
224888
224902
224942
224945
224953
224976
224983
224984
224988
224994
225015
225027
225030
225035
225078
225082
225084
225119
225127
225130
225135
225138
225144
225145
225177
225189
225223
225228
225231
225237
225240
225253
225254
225260
225268
225283
225293
225295
225299
225302
225341
225344
225345
225352
225353
225356
225368
225373
225374
225389
225440
225446
225450
225451
225492
225495
225507
225511
225523
225527
225541
225545
225559
225567
225573
225576
225588
225604
225621
225643
225650
225659
225664
225672
225699
225733
225746
225751
225762
225802
225819
225834
225848
225854
225856
225857
225864
225871
225881
225882
225895
225936
225948
225953
225961
225963
225971
225996
226000
226008
226009
226012
226031
226043
226052
226056
226096
226097
226098
226109
226116
226121
226130
226138
226143
226161
226205
226250
226260
226284
226291
226299
226301
226303
226319
226324
226326
226341
226357
226358
226367
226369
226374
226375
226379
226380
226381
226384
226415
226428
226454
226463
226482
226484
226485
226497
226504
226513
226516
226518
226537
226539
226544
226548
226556
226559
226580
226588
226595
226596
226603
226609
226624
226663
226669
226679
226688
226689
226690
226699
226705
226713
226740
226741
226771
226774
226792
226796
226797
226804
226808
226828
226834
226837
226849
226866
226884
226900
226911
226922
226931
226935
226940
226944
226958
226965
226967
226985
226997
227038
227043
227046
227062
227068
227080
227081
227084
227103
227127
227146
227155
227168
227180
227208
227217
227218
227220
227233
227234
227235
227243
227244
227245
227246
227301
227304
227308
227318
227324
227326
227333
227342
227352
227357
227361
227362
227363
227364
227395
227417
227418
227427
227435
227444
227451
227453
227455
227458
227475
227488
227503
227505
227512
227524
227541
227542
227580
227582
227583
227587
227604
227607
227613
227620
227628
227630
227635
227645
227661
227663
227680
227688
227697
227704
227717
227744
227765
227781
227797
227803
227805
227830
227840
227852
227858
227862
227868
227869
227876
227883
227888
227894
227896
227912
227920
227924
227936
227954
227959
227978
227981
227986
227991
227993
227997
228012
228021
228033
228037
228038
228039
228051
228081
228092
228098
228099
228103
228104
228107
228131
228133
228149
228193
228196
228202
228216
228226
228237
228245
228247
228251
228255
228256
228257
228271
228272
228277
228295
228301
228333
228338
228342
228343
228348
228353
228354
228363
228368
228375
228393
228396
228409
228416
228427
228443
228452
228453
228462
228472
228491
228495
228499
228501
228504
228507
228520
228521
228528
228536
228548
228552
228565
228572
228582
228589
228591
228601
228619
228625
228630
228646
228653
228655
228657
228661
228677
228680
228695
228701
228711
228727
228731
228736
228737
228740
228744
228749
228753
228757
228759
228761
228767
228771
228777
228788
228806
228813
228815
228820
228822
228824
228834
228837
228843
228858
228870
228875
228897
228906
228909
228912
228928
228947
228981
228982
228984
228986
229001
229018
229019
229024
229026
229028
229059
229062
229073
229077
229078
229082
229105
229116
229138
229145
229169
229248
229253
229257
229258
229294
229327
229337
229339
229345
229346
229347
229358
229363
229404
229413
229432
229434
229447
229450
229454
229463
229468
229486
229488
229501
229502
229541
229546
229548
229569
229570
229575
229577
229585
229587
229626
229641
229646
229650
229660
229666
229672
229681
229703
229724
229726
229732
229740
229749
229762
229778
229779
229782
229785
229786
229793
229828
229829
229844
229855
229859
229860
229875
229876
229888
229897
229926
229938
229944
229955
229957
229960
229976
229991
230020
230037
230044
230064
230067
230083
230098
230105
230111
230113
230123
230127
230149
230152
230153
230196
230198
230206
230207
230208
230213
230215
230219
230239
230242
230256
230257
230262
230308
230313
230314
230325
230326
230398
230414
230417
230432
230445
230448
230461
230483
230495
230501
230507
230533
230537
230550
230560
230588
230604
230620
230621
230622
230636
230638
230640
230643
230646
230648
230655
230663
230694
230704
230718
230732
230737
230746
230765
230797
230803
230804
230811
230819
230822
230829
230842
230856
230869
230875
230885
230887
230895
230902
230904
230908
230910
230929
230938
230939
230942
230943
230947
230957
230959
230963
230964
230973
231007
231011
231015
231020
231024
231039
231049
231058
231064
231070
231074
231080
231085
231101
231107
231138
231143
231153
231156
231169
231174
231175
231191
231193
231194
231209
231210
231214
231219
231230
231271
231272
231273
231274
231280
231283
231284
231306
231308
231326
231351
231356
231370
231377
231380
231391
231399
231400
231424
231441
231442
231451
231453
231455
231485
231513
231517
231523
231539
231581
231601
231611
231619
231625
231635
231667
231670
231673
231675
231686
231688
231693
231695
231696
231697
231702
231709
231712
231723
231752
231759
231760
231763
231771
231776
231778
231786
231787
231791
231792
231799
231802
231804
231842
231855
231859
231867
231874
231913
231916
231917
231937
231939
231979
231980
231982
231992
231999
232000
232003
232011
232025
232031
232035
232046
232050
232058
232061
232077
232082
232097
232111
232126
232128
232131
232138
232170
232177
232178
232206
232211
232212
232253
232272
232273
232274
232336
232349
232351
232353
232356
232364
232385
232393
232414
232416
232436
232438
232441
232453
232459
232466
232469
232472
232473
232474
232492
232494
232513
232523
232539
232561
232568
232616
232630
232634
232635
232644
232661
232665
232666
232671
232683
232697
232718
232721
232732
232742
232749
232760
232767
232768
232771
232788
232791
232801
232808
232809
232816
232827
232828
232829
232846
232857
232873
232875
232876
232888
232911
232912
232916
232928
232937
232960
232963
232971
232996
233000
233003
233006
233015
233017
233026
233027
233030
233032
233036
233058
233066
233067
233071
233073
233075
233100
233105
233113
233114
233122
233155
233187
233188
233194
233205
233212
233213
233216
233221
233233
233234
233250
233255
233261
233263
233267
233275
233290
233300
233301
233305
233306
233326
233358
233360
233362
233365
233384
233388
233396
233397
233404
233407
233416
233419
233420
233443
233449
233474
233503
233512
233530
233547
233552
233581
233591
233594
233610
233629
233633
233636
233657
233671
233677
233685
233694
233700
233711
233725
233737
233738
233786
233816
233822
233832
233837
233856
233869
233879
233888
233910
233923
233932
233935
233937
233940
233944
233950
233962
233969
233977
233990
234008
234039
234041
234048
234063
234120
234123
234142
234149
234150
234174
234198
234200
234203
234207
234218
234221
234230
234260
234264
234267
234268
234300
234318
234325
234329
234330
234346
234362
234363
234383
234385
234387
234390
234393
234440
234441
234442
234447
234448
234460
234470
234499
234504
234505
234514
234524
234537
234557
234570
234606
234607
234639
234642
234657
234661
234670
234680
234686
234688
234713
234720
234729
234769
234788
234792
234833
234848
234869
234871
234872
234880
234881
234884
234892
234900
234911
234918
234949
234952
234960
234981
234999
235008
235009
235016
235028
235040
235056
235057
235100
235107
235116
235117
235129
235154
235158
235160
235175
235177
235181
235190
235192
235193
235203
235212
235229
235233
235236
235249
235253
235258
235276
235277
235306
235311
235313
235314
235335
235342
235343
235347
235364
235388
235389
235429
235441
235461
235468
235489
235490
235499
235524
235526
235535
235556
235558
235560
235568
235574
235579
235591
235597
235623
235624
235632
235633
235634
235660
235668
235669
235671
235673
235724
235739
235740
235748
235751
235769
235783
235801
235802
235823
235829
235833
235839
235840
235843
235860
235868
235871
235872
235874
235893
235902
235917
235920
235948
235978
235980
236012
236025
236033
236035
236039
236040
236046
236060
236073
236074
236084
236085
236121
236126
236132
236145
236158
236161
236163
236196
236197
236200
236208
236213
236241
236252
236253
236265
236273
236279
236284
236296
236297
236301
236309
236315
236316
236318
236341
236362
236370
236384
236392
236404
236405
236416
236433
236436
236450
236464
236478
236480
236513
236526
236543
236550
236555
236560
236595
236607
236616
236625
236645
236651
236653
236654
236656
236664
236674
236676
236716
236717
236730
236734
236765
236782
236791
236801
236802
236822
236839
236843
236848
236851
236854
236855
236856
236884
236901
236902
236912
236916
236918
236927
236941
236942
236945
236952
236966
236977
236982
237001
237006
237011
237021
237029
237068
237084
237099
237114
237128
237137
237141
237151
237152
237178
237187
237206
237222
237239
237244
237255
237275
237276
237316
237320
237322
237329
237331
237334
237335
237338
237339
237343
237362
237365
237380
237390
237397
237399
237419
237434
237441
237448
237459
237476
237491
237492
237494
237496
237501
237502
237507
237520
237545
237554
237560
237561
237568
237584
237585
237593
237597
237605
237626
237642
237644
237651
237661
237691
237694
237698
237705
237712
237722
237747
237765
237766
237771
237796
237797
237830
237831
237840
237844
237848
237853
237863
237871
237883
237892
237895
237926
237934
237937
237950
237959
237965
238010
238025
238031
238032
238041
238060
238063
238083
238109
238110
238131
238146
238154
238155
238161
238170
238175
238190
238196
238216
238220
238223
238225
238252
238255
238260
238266
238293
238294
238310
238327
238328
238333
238334
238369
238395
238422
238423
238432
238439
238461
238469
238473
238494
238501
238504
238505
238518
238521
238549
238562
238564
238583
238584
238589
238598
238616
238629
238630
238632
238640
238661
238662
238663
238667
238670
238678
238679
238694
238737
238750
238765
238768
238785
238793
238813
238814
238816
238830
238835
238837
238839
238877
238892
238904
238911
238913
238922
238923
238945
238967
238968
238969
238972
238974
238980
238984
239004
239005
239012
239016
239020
239041
239091
239092
239105
239110
239119
239125
239133
239134
239135
239176
239180
239187
239192
239218
239235
239245
239249
239255
239259
239261
239275
239283
239285
239295
239307
239326
239364
239382
239388
239390
239391
239392
239393
239395
239420
239436
239452
239474
239484
239488
239534
239546
239552
239559
239561
239563
239575
239582
239599
239606
239619
239622
239623
239632
239646
239668
239684
239692
239693
239695
239704
239718
239723
239724
239735
239741
239742
239747
239748
239755
239784
239786
239789
239790
239798
239799
239804
239805
239807
239808
239811
239812
239822
239835
239844
239881
239890
239897
239905
239910
239929
239938
239939
239981
239983
239985
239995
239996
239998
240010
240011
240016
240023
240030
240032
240061
240070
240073
240078
240081
240082
240086
240089
240090
240092
240104
240105
240107
240120
240152
240165
240169
240187
240205
240207
240216
240219
240239
240242
240245
240246
240247
240262
240299
240303
240308
240312
240334
240343
240349
240364
240376
240385
240398
240400
240412
240414
240424
240451
240460
240471
240475
240496
240497
240512
240529
240535
240537
240559
240570
240574
240575
240576
240577
240581
240582
240587
240599
240627
240647
240650
240668
240705
240709
240714
240725
240752
240759
240790
240792
240805
240826
240876
240920
240932
240935
240936
240944
240955
240964
240976
240977
240981
241007
241010
241023
241029
241035
241071
241076
241107
241108
241111
241112
241125
241127
241129
241139
241151
241155
241179
241207
241208
241212
241213
241217
241227
241230
241244
241267
241271
241276
241279
241282
241286
241316
241334
241362
241363
241387
241423
241425
241426
241431
241432
241435
241439
241459
241461
241469
241474
241475
241484
241489
241490
241492
241508
241545
241548
241549
241551
241565
241568
241569
241583
241591
241598
241608
241649
241662
241666
241675
241685
241686
241689
241700
241729
241741
241749
241755
241759
241760
241764
241789
241815
241818
241823
241827
241834
241853
241856
241858
241867
241880
241887
241910
241936
241966
241986
242008
242019
242022
242027
242044
242059
242063
242066
242074
242076
242093
242100
242113
242115
242126
242128
242137
242147
242163
242168
242173
242177
242178
242185
242210
242214
242223
242231
242237
242247
242253
242261
242269
242303
242308
242313
242331
242332
242343
242344
242353
242363
242364
242383
242402
242408
242418
242430
242445
242476
242480
242490
242515
242517
242518
242519
242526
242537
242540
242574
242586
242588
242617
242647
242661
242685
242693
242696
242705
242712
242717
242718
242724
242795
242819
242824
242840
242841
242847
242849
242871
242889
242892
242895
242909
242926
242933
242948
242951
242955
242956
242963
242973
242980
242996
242997
242998
243010
243012
243024
243029
243045
243046
243050
243056
243058
243060
243080
243087
243099
243114
243134
243148
243157
243166
243183
243195
243200
243204
243218
243219
243241
243246
243255
243262
243284
243298
243316
243319
243320
243333
243343
243366
243369
243380
243394
243401
243417
243444
243446
243463
243476
243480
243499
243512
243518
243539
243571
243572
243573
243575
243583
243588
243607
243608
243615
243617
243641
243642
243643
243664
243668
243693
243707
243709
243728
243740
243741
243750
243765
243766
243781
243813
243821
243842
243852
243853
243867
243872
243902
243913
243935
243941
243952
243969
243975
243986
243996
244008
244032
244039
244041
244051
244061
244068
244074
244079
244089
244102
244109
244125
244140
244143
244156
244159
244162
244182
244191
244195
244198
244199
244201
244249
244257
244270
244281
244282
244288
244310
244311
244326
244328
244329
244330
244331
244341
244351
244352
244355
244360
244405
244410
244411
244427
244436
244462
244464
244476
244477
244495
244502
244503
244572
244601
244604
244605
244616
244628
244647
244652
244672
244676
244727
244764
244765
244769
244789
244791
244806
244808
244819
244824
244825
244832
244897
244900
244928
244936
244959
244960
244965
244978
244999
245002
245003
245016
245018
245021
245022
245029
245048
245064
245067
245070
245082
245083
245091
245092
245097
245099
245108
245128
245129
245132
245134
245146
245167
245170
245176
245180
245182
245184
245188
245189
245193
245194
245206
245232
245235
245245
245269
245279
245281
245286
245297
245302
245321
245335
245345
245357
245359
245362
245384
245385
245393
245402
245405
245412
245416
245449
245466
245473
245485
245514
245527
245549
245559
245561
245562
245563
245565
245570
245571
245580
245584
245587
245596
245609
245610
245611
245613
245636
245640
245659
245674
245675
245679
245681
245682
245694
245695
245721
245740
245749
245751
245772
245779
245808
245835
245836
245837
245875
245881
245882
245889
245896
245917
245921
245941
245957
245981
245982
245985
245986
246004
246011
246013
246016
246021
246024
246039
246047
246060
246069
246086
246095
246104
246106
246111
246112
246131
246153
246178
246189
246190
246195
246196
246233
246236
246259
246260
246266
246283
246322
246328
246329
246335
246370
246386
246389
246397
246406
246416
246445
246462
246480
246520
246533
246537
246539
246561
246586
246587
246613
246620
246647
246654
246658
246671
246683
246693
246713
246719
246720
246746
246747
246757
246764
246765
246782
246799
247044
247359
248044
248045
248046
248047
248048
248049
248050
248051
248052
248053
248054
248055
248056
248057
248058
248059
248060
248061
248062
248063
248064
248065
248066
248067
248068
248069
248070
248071
248072
248073
248074
248075
248076
